time,near_2tags,near_full_catalog,nearest_tag,nearest_dist_h
2024-08-30 22:19:30,False,True,PI_6240319_AL,5.239722222222222
2024-08-30 22:20:00,False,True,PI_6240319_AL,5.248055555555555
2024-08-30 22:20:30,False,True,PI_6240319_AL,5.256388888888889
2024-08-30 22:21:00,False,True,PI_6240319_AL,5.264722222222222
2024-08-30 22:21:30,False,True,PI_6240319_AL,5.273055555555556
2024-08-30 22:22:00,False,True,PI_6240319_AL,5.2813888888888885
2024-08-30 22:22:30,False,True,PI_6240319_AL,5.289722222222222
2024-08-30 22:23:00,False,True,PI_6240319_AL,5.298055555555556
2024-08-30 22:23:30,False,True,PI_6240319_AL,5.306388888888889
2024-08-30 22:24:00,False,True,PI_6240319_AL,5.314722222222223
2024-08-30 22:24:30,False,True,PI_6240319_AL,5.323055555555555
2024-08-30 22:25:00,False,True,PI_6240319_AL,5.331388888888889
2024-08-31 02:56:00,False,True,PAL_6240315,8.288055555555555
2024-08-31 02:56:30,False,True,PAL_6240315,8.279722222222222
2024-08-31 02:57:00,False,True,PAL_6240315,8.27138888888889
2024-08-31 02:57:30,False,True,PAL_6240315,8.263055555555555
2024-08-31 02:58:00,False,True,PAL_6240315,8.254722222222222
2024-08-31 02:58:30,False,True,PAL_6240315,8.24638888888889
2024-08-31 02:59:00,False,True,PAL_6240315,8.238055555555556
2024-08-31 02:59:30,False,True,PAL_6240315,8.229722222222222
2024-09-01 13:25:30,True,True,T5_AVG_A,1.7791666666666666
2024-09-01 13:26:00,True,True,T5_AVG_A,1.7875
2024-09-01 13:26:30,True,True,T5_AVG_A,1.7958333333333334
2024-09-01 13:27:00,True,True,T5_AVG_A,1.8041666666666667
2024-09-01 13:27:30,True,True,T5_AVG_A,1.8125
2024-09-01 13:28:00,True,True,T5_AVG_A,1.8208333333333333
2024-09-01 13:28:30,True,True,T5_AVG_A,1.8291666666666666
2024-09-01 13:29:00,True,True,T5_AVG_A,1.8375
2024-09-01 13:29:30,True,True,T5_AVG_A,1.8458333333333334
2024-09-01 13:30:00,True,True,T5_AVG_A,1.8541666666666667
2024-09-01 13:30:30,True,True,T5_AVG_A,1.8625
2024-09-03 12:23:30,True,True,TC382_01_A,1.4144444444444444
2024-09-03 12:24:00,True,True,TC382_01_A,1.4227777777777777
2024-09-03 12:24:30,True,True,TC382_01_A,1.431111111111111
2024-09-03 12:25:00,True,True,TC382_01_A,1.4394444444444445
2024-09-03 12:25:30,True,True,TC382_01_A,1.4477777777777778
2024-09-03 12:26:00,True,True,TC382_01_A,1.4561111111111111
2024-09-03 12:26:30,True,True,TC382_01_A,1.4644444444444444
2024-09-03 12:27:00,True,True,TC382_01_A,1.4727777777777777
2024-09-03 13:53:00,True,True,TC382_01_A,2.906111111111111
2024-09-03 13:53:30,True,True,TC382_01_A,2.9144444444444444
2024-09-04 21:33:00,False,True,PI_6240319_AL,0.5563888888888889
2024-09-04 21:33:30,False,True,PI_6240319_AL,0.5647222222222222
2024-09-04 21:34:00,False,True,PI_6240319_AL,0.5730555555555555
2024-09-04 21:34:30,False,True,PI_6240319_AL,0.5813888888888888
2024-09-04 21:35:00,False,True,PI_6240319_AL,0.5897222222222223
2024-09-04 21:35:30,False,True,PI_6240319_AL,0.5980555555555556
2024-09-04 21:36:00,False,True,PI_6240319_AL,0.6063888888888889
2024-09-04 21:36:30,False,True,PI_6240319_AL,0.6147222222222222
2024-09-04 21:37:00,False,True,PI_6240319_AL,0.6230555555555556
2024-09-04 21:37:30,False,True,PI_6240319_AL,0.6313888888888889
2024-09-04 21:38:00,False,True,PI_6240319_AL,0.6397222222222222
2024-09-07 05:41:00,False,True,PAL_6240315,3.8097222222222222
2024-09-08 13:14:00,True,True,TC382_03_A,1.8233333333333333
2024-09-08 13:14:30,True,True,TC382_03_A,1.8316666666666668
2024-09-08 13:15:00,True,True,TC382_03_A,1.84
2024-09-08 13:15:30,True,True,TC382_03_A,1.8483333333333334
2024-09-08 13:16:00,True,True,TC382_03_A,1.8566666666666667
2024-09-08 13:16:30,True,True,TC382_03_A,1.865
2024-09-08 13:17:00,True,True,TC382_03_A,1.8733333333333333
2024-09-08 13:17:30,True,True,TC382_03_A,1.8816666666666666
2024-09-08 13:18:00,True,True,TC382_03_A,1.89
2024-09-10 10:58:30,True,True,TC382_03_A,1.6241666666666668
2024-09-10 10:59:00,True,True,TC382_03_A,1.6158333333333332
2024-09-10 10:59:30,True,True,TC382_03_A,1.6075
2024-09-10 11:00:00,True,True,TC382_03_A,1.5991666666666666
2024-09-10 11:00:30,True,True,TC382_03_A,1.5908333333333333
2024-09-10 11:01:00,True,True,TC382_03_A,1.5825
2024-09-10 11:01:30,True,True,TC382_03_A,1.5741666666666667
2024-09-10 11:02:00,True,True,TC382_03_A,1.5658333333333334
2024-09-10 11:02:30,True,True,TC382_03_A,1.5575
2024-09-10 22:54:00,True,True,TC382_03_A,10.300833333333333
2024-09-11 06:31:30,True,True,PI_6240319_AL,10.271944444444445
2024-09-11 06:32:00,True,True,PI_6240319_AL,10.26361111111111
2024-09-11 06:32:30,True,True,PI_6240319_AL,10.255277777777778
2024-09-11 06:33:00,True,True,PI_6240319_AL,10.246944444444445
2024-09-11 06:33:30,True,True,PI_6240319_AL,10.238611111111112
2024-09-11 06:34:00,True,True,PI_6240319_AL,10.230277777777777
2024-09-11 06:34:30,True,True,PI_6240319_AL,10.221944444444444
2024-09-11 18:25:00,False,True,PI_6240319_AL,1.6197222222222223
2024-09-11 18:25:30,False,True,PI_6240319_AL,1.6280555555555556
2024-09-11 18:26:00,False,True,PI_6240319_AL,1.636388888888889
2024-09-11 18:26:30,False,True,PI_6240319_AL,1.6447222222222222
2024-09-11 18:27:00,False,True,PI_6240319_AL,1.6530555555555555
2024-09-11 18:27:30,False,True,PI_6240319_AL,1.6613888888888888
2024-09-11 18:28:00,False,True,PI_6240319_AL,1.6697222222222223
2024-09-11 18:28:30,False,True,PI_6240319_AL,1.6780555555555556
2024-09-11 18:29:00,False,True,PI_6240319_AL,1.686388888888889
2024-09-11 20:37:00,False,True,PI_6240319_AL,3.5283333333333333
2024-09-12 12:11:30,True,True,PI_6240319_AL,4.680555555555555
2024-09-14 00:14:30,True,True,TC382_03_A,2.9991666666666665
2024-09-14 00:15:00,True,True,TC382_03_A,3.0075
2024-09-14 00:15:30,True,True,TC382_03_A,3.015833333333333
2024-09-14 00:16:00,True,True,TC382_03_A,3.0241666666666664
2024-09-14 00:16:30,True,True,TC382_03_A,3.0325
2024-09-14 00:17:00,True,True,TC382_03_A,3.0408333333333335
2024-09-14 00:17:30,True,True,TC382_03_A,3.049166666666667
2024-09-14 00:18:00,True,True,TC382_03_A,3.0575
2024-09-14 00:18:30,True,True,TC382_03_A,3.0658333333333334
2024-09-14 00:19:00,True,True,TC382_03_A,3.0741666666666667
2024-09-14 00:19:30,True,True,TC382_03_A,3.0825
2024-09-14 00:20:00,True,True,TC382_03_A,3.0908333333333333
2024-09-14 00:20:30,True,True,TC382_03_A,3.0991666666666666
2024-09-14 00:21:00,True,True,TC382_03_A,3.1075
2024-09-14 00:21:30,True,True,TC382_03_A,3.1158333333333332
2024-09-14 00:22:00,True,True,TC382_03_A,3.1241666666666665
2024-09-14 00:22:30,True,True,TC382_03_A,3.1325
2024-09-14 00:23:00,True,True,TC382_03_A,3.140833333333333
2024-09-14 00:23:30,True,True,TC382_03_A,3.1491666666666664
2024-09-14 00:24:00,True,True,TC382_03_A,3.1575
2024-09-14 00:24:30,True,True,TC382_03_A,3.1658333333333335
2024-09-14 00:25:00,True,True,TC382_03_A,3.174166666666667
2024-09-14 00:25:30,True,True,TC382_03_A,3.1825
2024-09-14 00:26:00,True,True,TC382_03_A,3.1908333333333334
2024-09-14 00:26:30,True,True,TC382_03_A,3.1991666666666667
2024-09-14 00:27:00,True,True,TC382_03_A,3.2075
2024-09-14 00:27:30,True,True,TC382_03_A,3.2158333333333333
2024-09-14 00:28:00,True,True,TC382_03_A,3.2241666666666666
2024-09-14 00:28:30,True,True,TC382_03_A,3.2325
2024-09-14 00:29:00,True,True,TC382_03_A,3.2408333333333332
2024-09-14 00:29:30,True,True,TC382_03_A,3.2491666666666665
2024-09-14 00:30:00,True,True,TC382_03_A,3.2575
2024-09-14 00:30:30,True,True,TC382_03_A,3.265833333333333
2024-09-14 00:31:00,True,True,TC382_03_A,3.2741666666666664
2024-09-14 00:31:30,True,True,TC382_03_A,3.2825
2024-09-14 00:32:00,True,True,TC382_03_A,3.2908333333333335
2024-09-14 00:32:30,True,True,TC382_03_A,3.299166666666667
2024-09-14 00:33:00,True,True,TC382_03_A,3.3075
2024-09-14 00:33:30,True,True,TC382_03_A,3.3158333333333334
2024-09-14 00:34:00,True,True,TC382_03_A,3.3241666666666667
2024-09-14 00:34:30,True,True,TC382_03_A,3.3325
2024-09-14 00:35:00,True,True,TC382_03_A,3.3408333333333333
2024-09-14 00:35:30,True,True,TC382_03_A,3.3491666666666666
2024-09-14 00:36:00,True,True,TC382_03_A,3.3575
2024-09-14 00:36:30,True,True,TC382_03_A,3.3658333333333332
2024-09-14 00:37:00,True,True,TC382_03_A,3.3741666666666665
2024-09-14 00:37:30,True,True,TC382_03_A,3.3825
2024-09-14 00:38:00,True,True,TC382_03_A,3.390833333333333
2024-09-14 00:38:30,True,True,TC382_03_A,3.3991666666666664
2024-09-14 00:39:00,True,True,TC382_03_A,3.4075
2024-09-14 00:39:30,True,True,TC382_03_A,3.4158333333333335
2024-09-14 00:40:00,True,True,TC382_03_A,3.424166666666667
2024-09-14 00:40:30,True,True,TC382_03_A,3.4325
2024-09-14 00:41:00,True,True,TC382_03_A,3.4408333333333334
2024-09-14 00:41:30,True,True,TC382_03_A,3.4491666666666667
2024-09-14 00:42:00,True,True,TC382_03_A,3.4575
2024-09-14 00:42:30,True,True,TC382_03_A,3.4658333333333333
2024-09-14 00:43:00,True,True,TC382_03_A,3.4741666666666666
2024-09-14 00:43:30,True,True,TC382_03_A,3.4825
2024-09-14 00:44:00,True,True,TC382_03_A,3.4908333333333332
2024-09-14 00:44:30,True,True,TC382_03_A,3.4991666666666665
2024-09-14 00:45:00,True,True,TC382_03_A,3.5075
2024-09-14 00:45:30,True,True,TC382_03_A,3.515833333333333
2024-09-14 00:46:00,True,True,TC382_03_A,3.5241666666666664
2024-09-14 00:46:30,True,True,TC382_03_A,3.5325
2024-09-14 01:07:00,True,True,TC382_03_A,3.8741666666666665
2024-09-14 01:07:30,True,True,TC382_03_A,3.8825
2024-09-14 01:08:00,True,True,TC382_03_A,3.890833333333333
2024-09-14 01:08:30,True,True,TC382_03_A,3.8991666666666664
2024-09-14 01:09:00,True,True,TC382_03_A,3.9075
2024-09-14 01:09:30,True,True,TC382_03_A,3.9158333333333335
2024-09-14 01:10:00,True,True,TC382_03_A,3.924166666666667
2024-09-14 01:10:30,True,True,TC382_03_A,3.9325
2024-09-14 01:11:00,True,True,TC382_03_A,3.9408333333333334
2024-09-14 01:11:30,True,True,TC382_03_A,3.9491666666666667
2024-09-14 01:12:00,True,True,TC382_03_A,3.9575
2024-09-14 01:12:30,True,True,TC382_03_A,3.9658333333333333
2024-09-14 01:13:00,True,True,TC382_03_A,3.9741666666666666
2024-09-14 01:13:30,True,True,TC382_03_A,3.9825
2024-09-14 01:14:00,True,True,TC382_03_A,3.9908333333333332
2024-09-14 01:14:30,True,True,TC382_03_A,3.9991666666666665
2024-09-14 01:15:00,True,True,TC382_03_A,4.0075
2024-09-14 01:15:30,True,True,TC382_03_A,4.015833333333333
2024-09-14 01:16:00,True,True,TC382_03_A,4.024166666666667
2024-09-16 11:42:30,True,True,PI_6240319_AL,0.26055555555555554
2024-09-16 11:43:00,True,True,PI_6240319_AL,0.2688888888888889
2024-09-16 11:43:30,True,True,PI_6240319_AL,0.2772222222222222
2024-09-16 11:44:00,True,True,PI_6240319_AL,0.28555555555555556
2024-09-16 11:44:30,True,True,PI_6240319_AL,0.29388888888888887
2024-09-16 11:45:00,True,True,PI_6240319_AL,0.3022222222222222
2024-09-16 11:45:30,True,True,PI_6240319_AL,0.31055555555555553
2024-09-16 11:46:00,True,True,PI_6240319_AL,0.3188888888888889
2024-09-16 11:46:30,True,True,PI_6240319_AL,0.32722222222222225
2024-09-16 11:47:00,True,True,PI_6240319_AL,0.33555555555555555
2024-09-16 13:22:00,True,True,TC382_03_A,0.5830555555555555
2024-09-16 13:22:30,True,True,TC382_03_A,0.5747222222222222
2024-09-16 13:23:00,True,True,TC382_03_A,0.5663888888888889
2024-09-16 13:23:30,True,True,TC382_03_A,0.5580555555555555
2024-09-16 13:24:00,True,True,TC382_03_A,0.5497222222222222
2024-09-16 13:24:30,True,True,TC382_03_A,0.5413888888888889
2024-09-16 13:25:00,True,True,TC382_03_A,0.5330555555555555
2024-09-16 19:21:00,True,True,PAL_6240315,3.585
2024-09-24 14:19:00,False,True,PDAL_6240302,4.404722222222222
2024-09-24 14:19:30,False,True,PDAL_6240302,4.396388888888889
2024-09-24 14:20:00,False,True,PDAL_6240302,4.388055555555556
2024-09-24 14:20:30,False,True,PDAL_6240302,4.379722222222222
2024-09-24 14:21:00,False,True,PDAL_6240302,4.371388888888889
2024-09-24 14:21:30,False,True,PDAL_6240302,4.3630555555555555
2024-09-24 14:22:00,False,True,PDAL_6240302,4.354722222222223
2024-09-24 14:22:30,False,True,PDAL_6240302,4.346388888888889
2024-09-24 14:23:00,False,True,PDAL_6240302,4.338055555555556
2024-09-24 14:23:30,False,True,PDAL_6240302,4.329722222222222
2024-09-24 14:24:00,False,True,PDAL_6240302,4.3213888888888885
2024-09-24 14:24:30,False,True,PDAL_6240302,4.313055555555556
2024-09-24 14:25:00,False,True,PDAL_6240302,4.304722222222222
2024-09-24 14:25:30,False,True,PDAL_6240302,4.296388888888889
2024-09-24 14:26:00,False,True,PDAL_6240302,4.288055555555555
2024-09-24 14:26:30,False,True,PDAL_6240302,4.279722222222222
2024-09-26 05:37:30,False,True,PAL_6240315,6.938055555555556
2024-09-26 05:38:00,False,True,PAL_6240315,6.9463888888888885
2024-09-26 05:38:30,False,True,PAL_6240315,6.954722222222222
2024-09-26 05:39:00,False,True,PAL_6240315,6.963055555555556
2024-09-26 05:39:30,False,True,PAL_6240315,6.971388888888889
2024-09-26 05:40:00,False,True,PAL_6240315,6.979722222222223
2024-09-26 05:40:30,False,True,PAL_6240315,6.9880555555555555
2024-09-26 05:41:00,False,True,PAL_6240315,6.996388888888889
2024-09-26 05:41:30,False,True,PAL_6240315,7.004722222222222
2024-09-26 05:42:00,False,True,PAL_6240315,7.013055555555556
2024-09-26 05:42:30,False,True,PAL_6240315,7.021388888888889
2024-09-26 05:43:00,False,True,PAL_6240315,7.029722222222222
2024-09-26 05:43:30,False,True,PAL_6240315,7.038055555555555
2024-09-26 05:44:00,False,True,PAL_6240315,7.046388888888889
2024-09-26 05:44:30,False,True,PAL_6240315,7.054722222222222
2024-09-26 05:45:00,False,True,PAL_6240315,7.063055555555556
2024-09-26 05:45:30,False,True,PAL_6240315,7.0713888888888885
2024-09-26 05:46:00,False,True,PAL_6240315,7.079722222222222
2024-09-26 05:46:30,False,True,PAL_6240315,7.088055555555556
2024-09-26 05:47:00,False,True,PAL_6240315,7.096388888888889
2024-09-26 05:47:30,False,True,PAL_6240315,7.104722222222223
2024-09-26 21:56:30,False,True,PI_6240319_AL,2.214166666666667
2024-09-26 21:57:00,False,True,PI_6240319_AL,2.2058333333333335
2024-09-26 21:57:30,False,True,PI_6240319_AL,2.1975
2024-09-26 21:58:00,False,True,PI_6240319_AL,2.1891666666666665
2024-09-26 21:58:30,False,True,PI_6240319_AL,2.180833333333333
2024-09-26 21:59:00,False,True,PI_6240319_AL,2.1725
2024-09-26 21:59:30,False,True,PI_6240319_AL,2.1641666666666666
2024-09-27 18:36:30,False,True,PAL_6240315,3.53
2024-09-30 18:04:30,False,False,PI_6240319_AL,32.32527777777778
2024-09-30 18:05:00,False,False,PI_6240319_AL,32.316944444444445
2024-09-30 18:05:30,False,False,PI_6240319_AL,32.30861111111111
2024-09-30 18:06:00,False,False,PI_6240319_AL,32.30027777777778
2024-09-30 18:06:30,False,False,PI_6240319_AL,32.29194444444445
2024-09-30 18:07:00,False,False,PI_6240319_AL,32.283611111111114
2024-09-30 18:07:30,False,False,PI_6240319_AL,32.27527777777778
2024-09-30 19:08:30,False,False,PI_6240319_AL,31.25861111111111
2024-10-02 20:03:00,False,True,PI_6240319_AL,1.195
2024-10-09 23:47:00,True,True,PI_6240319_AL,2.4672222222222224
2024-10-10 06:38:30,True,True,PAL_6240315,1.5997222222222223
2024-10-10 06:39:00,True,True,PAL_6240315,1.591388888888889
2024-10-10 17:25:00,True,True,PAL_6240315,9.175277777777778
2024-10-10 17:25:30,True,True,PAL_6240315,9.18361111111111
2024-10-10 17:26:00,True,True,PAL_6240315,9.191944444444445
2024-10-10 17:26:30,True,True,PAL_6240315,9.200277777777778
2024-10-10 17:27:00,True,True,PAL_6240315,9.20861111111111
2024-10-10 17:27:30,True,True,PAL_6240315,9.216944444444444
2024-10-10 17:28:00,True,True,PAL_6240315,9.225277777777778
2024-10-10 17:28:30,True,True,PAL_6240315,9.233611111111111
2024-10-10 17:29:00,True,True,PAL_6240315,9.241944444444444
2024-10-11 11:49:30,True,True,PI_6240319_AL,2.316388888888889
2024-10-11 11:50:00,True,True,PI_6240319_AL,2.3080555555555557
2024-10-11 11:50:30,True,True,PI_6240319_AL,2.299722222222222
2024-10-11 11:51:00,True,True,PI_6240319_AL,2.2913888888888887
2024-10-11 11:51:30,True,True,PI_6240319_AL,2.2830555555555554
2024-10-11 11:52:00,True,True,PI_6240319_AL,2.274722222222222
2024-10-11 11:52:30,True,True,PI_6240319_AL,2.266388888888889
2024-10-11 11:53:00,True,True,PI_6240319_AL,2.2580555555555555
2024-10-11 11:53:30,True,True,PI_6240319_AL,2.249722222222222
2024-10-11 11:54:00,True,True,PI_6240319_AL,2.241388888888889
2024-10-14 03:18:30,True,True,TC382_03_A,1.2641666666666667
2024-10-14 03:19:00,True,True,TC382_03_A,1.2558333333333334
2024-10-14 03:19:30,True,True,TC382_03_A,1.2475
2024-10-14 03:20:00,True,True,TC382_03_A,1.2391666666666667
2024-10-14 03:20:30,True,True,TC382_03_A,1.2308333333333332
2024-10-14 03:21:00,True,True,TC382_03_A,1.2225
2024-10-14 03:21:30,True,True,TC382_03_A,1.2141666666666666
2024-10-14 03:22:00,True,True,TC382_03_A,1.2058333333333333
2024-10-14 03:22:30,True,True,TC382_03_A,1.1975
2024-10-14 03:23:00,True,True,TC382_03_A,1.1891666666666667
2024-10-14 07:25:30,True,True,TC382_03_A,2.8525
2024-10-14 07:26:00,True,True,TC382_03_A,2.8608333333333333
2024-10-14 07:26:30,True,True,TC382_03_A,2.8691666666666666
2024-10-14 07:27:00,True,True,TC382_03_A,2.8775
2024-10-14 07:27:30,True,True,TC382_03_A,2.8858333333333333
2024-10-14 07:28:00,True,True,TC382_03_A,2.8941666666666666
2024-10-14 07:28:30,True,True,TC382_03_A,2.9025
2024-10-15 23:42:00,False,True,PAL_6240315,7.237222222222222
2024-10-15 23:42:30,False,True,PAL_6240315,7.245555555555556
2024-10-15 23:43:00,False,True,PAL_6240315,7.253888888888889
2024-10-15 23:43:30,False,True,PAL_6240315,7.262222222222222
2024-10-22 23:10:00,True,True,T5_AVG_A,1.916388888888889
2024-10-23 00:09:00,True,True,PI_6240319_AL,2.056388888888889
2024-10-23 00:09:30,True,True,PI_6240319_AL,2.0480555555555555
2024-10-23 00:19:00,True,True,PI_6240319_AL,1.8897222222222223
2024-10-24 14:16:30,False,True,PAL_6240315,4.624722222222222
2024-10-24 14:17:00,False,True,PAL_6240315,4.633055555555556
2024-10-24 14:17:30,False,True,PAL_6240315,4.641388888888889
2024-10-24 14:18:00,False,True,PAL_6240315,4.6497222222222225
2024-10-24 14:18:30,False,True,PAL_6240315,4.658055555555555
2024-10-24 14:19:00,False,True,PAL_6240315,4.666388888888889
2024-10-24 14:19:30,False,True,PAL_6240315,4.674722222222222
2024-10-25 10:37:30,False,True,PI_6240319_AL,2.9122222222222223
2024-10-25 10:38:00,False,True,PI_6240319_AL,2.9205555555555556
2024-10-25 10:38:30,False,True,PI_6240319_AL,2.928888888888889
2024-10-25 10:39:00,False,True,PI_6240319_AL,2.937222222222222
2024-10-25 10:39:30,False,True,PI_6240319_AL,2.9455555555555555
2024-10-25 10:40:00,False,True,PI_6240319_AL,2.953888888888889
2024-10-25 10:40:30,False,True,PI_6240319_AL,2.962222222222222
2024-10-25 10:41:00,False,True,PI_6240319_AL,2.9705555555555554
2024-10-25 10:41:30,False,True,PI_6240319_AL,2.9788888888888887
2024-10-26 04:42:00,False,True,PAL_6240315,7.800833333333333
2024-10-26 04:42:30,False,True,PAL_6240315,7.809166666666667
2024-10-27 04:47:00,True,True,TC382_03_A,3.0580555555555557
2024-10-27 04:47:30,True,True,TC382_03_A,3.049722222222222
2024-10-27 04:48:00,True,True,TC382_03_A,3.0413888888888887
2024-10-27 04:48:30,True,True,TC382_03_A,3.0330555555555554
2024-10-27 11:05:30,True,True,TC382_03_A,3.2144444444444447
2024-10-27 11:06:00,True,True,TC382_03_A,3.222777777777778
2024-10-27 11:06:30,True,True,TC382_03_A,3.2311111111111113
2024-10-27 11:07:00,True,True,TC382_03_A,3.2394444444444446
2024-10-27 21:19:00,True,True,TC382_03_A,13.439444444444444
2024-10-27 21:19:30,True,True,TC382_03_A,13.447777777777778
2024-10-28 02:59:00,True,True,TC382_03_A,19.10611111111111
2024-10-28 02:59:30,True,True,TC382_03_A,19.114444444444445
2024-10-31 11:09:30,True,True,TC382_05_A,0.9994444444444445
2024-10-31 11:10:00,True,True,TC382_05_A,1.0077777777777779
2024-10-31 13:08:30,True,True,TC382_05_A,2.9827777777777778
2024-11-01 07:45:30,True,True,TC382_05_A,21.599444444444444
2024-11-01 07:46:00,True,True,TC382_05_A,21.607777777777777
2024-11-01 07:46:30,True,True,TC382_05_A,21.61611111111111
2024-11-01 07:47:00,True,True,TC382_05_A,21.624444444444446
2024-11-01 07:47:30,True,True,TC382_05_A,21.63277777777778
2024-11-01 07:48:00,True,True,TC382_05_A,21.641111111111112
2024-11-01 07:48:30,True,True,TC382_05_A,21.649444444444445
2024-11-01 07:49:00,True,True,TC382_05_A,21.657777777777778
2024-11-01 07:49:30,True,True,TC382_05_A,21.66611111111111
2024-11-02 23:08:00,True,True,PI_6240319_AL,1.7102777777777778
2024-11-03 12:15:00,True,True,TC382_05_A,2.9833333333333334
2024-11-03 12:15:30,True,True,TC382_05_A,2.9916666666666667
2024-11-03 12:16:00,True,True,TC382_05_A,3.0
2024-11-03 12:16:30,True,True,TC382_05_A,3.0083333333333333
2024-11-03 12:17:00,True,True,TC382_05_A,3.0166666666666666
2024-11-03 12:17:30,True,True,TC382_05_A,3.025
2024-11-03 12:18:00,True,True,TC382_05_A,3.033333333333333
2024-11-03 12:18:30,True,True,TC382_05_A,3.0416666666666665
2024-11-03 12:19:00,True,True,TC382_05_A,3.05
2024-11-03 12:19:30,True,True,TC382_05_A,3.058333333333333
2024-11-04 07:36:30,True,True,PI_6240319_AL,3.4755555555555557
2024-11-04 07:37:00,True,True,PI_6240319_AL,3.4672222222222224
2024-11-04 07:37:30,True,True,PI_6240319_AL,3.4588888888888887
2024-11-04 07:38:00,True,True,PI_6240319_AL,3.4505555555555554
2024-11-04 07:38:30,True,True,PI_6240319_AL,3.442222222222222
2024-11-04 07:39:00,True,True,PI_6240319_AL,3.4338888888888888
2024-11-04 07:39:30,True,True,PI_6240319_AL,3.4255555555555555
2024-11-04 07:40:00,True,True,PI_6240319_AL,3.417222222222222
2024-11-04 07:40:30,True,True,PI_6240319_AL,3.408888888888889
2024-11-06 14:31:00,False,True,PAL_6240315,20.952222222222222
2024-11-07 19:56:30,True,True,PI_6240319_AL,0.8541666666666666
2024-11-07 22:12:00,True,True,PAL_6240315,1.1725
2024-11-11 09:21:00,True,True,TC382_05_A,3.1283333333333334
2024-11-11 09:21:30,True,True,TC382_05_A,3.1366666666666667
2024-11-11 09:22:00,True,True,TC382_05_A,3.145
2024-11-11 09:22:30,True,True,TC382_05_A,3.1533333333333333
2024-11-11 09:23:00,True,True,TC382_05_A,3.1616666666666666
2024-11-11 09:23:30,True,True,TC382_05_A,3.17
2024-11-11 09:24:00,True,True,TC382_05_A,3.1783333333333332
2024-11-15 01:45:30,False,True,PAL_6240339,7.784166666666667
2024-12-11 14:45:30,False,True,PAL_6240315,5.918611111111111
2024-12-11 14:46:00,False,True,PAL_6240315,5.926944444444445
2024-12-11 14:46:30,False,True,PAL_6240315,5.935277777777777
2024-12-11 14:47:00,False,True,PAL_6240315,5.943611111111111
2024-12-11 14:47:30,False,True,PAL_6240315,5.951944444444444
2024-12-11 14:48:00,False,True,PAL_6240315,5.960277777777778
2024-12-12 12:09:00,False,False,PAL_6240315,27.310277777777777
2024-12-12 12:09:30,False,False,PAL_6240315,27.31861111111111
2024-12-12 12:10:00,False,False,PAL_6240315,27.326944444444443
2024-12-12 12:10:30,False,False,PAL_6240315,27.335277777777776
2024-12-12 12:11:00,False,False,PAL_6240315,27.343611111111112
2024-12-12 12:11:30,False,False,PAL_6240315,27.351944444444445
2024-12-12 12:12:00,False,False,PAL_6240315,27.360277777777778
2024-12-12 12:12:30,False,False,PAL_6240315,27.36861111111111
2024-12-12 12:13:00,False,False,PAL_6240315,27.376944444444444
2024-12-12 12:13:30,False,False,PAL_6240315,27.385277777777777
2024-12-12 12:14:00,False,False,PAL_6240315,27.39361111111111
2024-12-12 14:34:30,False,False,PAL_6240315,29.735277777777778
2024-12-14 15:24:30,True,True,TC382_03_A,19.71611111111111
2024-12-14 15:25:00,True,True,TC382_03_A,19.70777777777778
2024-12-14 15:25:30,True,True,TC382_03_A,19.699444444444445
2024-12-14 15:26:00,True,True,TC382_03_A,19.691111111111113
2024-12-14 15:26:30,True,True,TC382_03_A,19.682777777777776
2024-12-14 15:27:00,True,True,TC382_03_A,19.674444444444443
2024-12-14 15:27:30,True,True,TC382_03_A,19.66611111111111
2024-12-14 15:28:00,True,True,TC382_03_A,19.657777777777778
2024-12-14 15:28:30,True,True,TC382_03_A,19.649444444444445
2024-12-14 15:29:00,True,True,TC382_03_A,19.641111111111112
2024-12-14 15:29:30,True,True,TC382_03_A,19.63277777777778
2024-12-14 15:30:00,True,True,TC382_03_A,19.624444444444446
2024-12-14 15:30:30,True,True,TC382_03_A,19.61611111111111
2024-12-14 15:31:00,True,True,TC382_03_A,19.607777777777777
2024-12-14 15:31:30,True,True,TC382_03_A,19.599444444444444
2024-12-14 15:32:00,True,True,TC382_03_A,19.59111111111111
2024-12-15 14:06:00,True,True,PAL_6240315,0.2536111111111111
2024-12-15 21:31:30,True,True,PAL_6240315,6.846388888888889
2024-12-15 21:32:00,True,True,PAL_6240315,6.854722222222223
2024-12-15 21:32:30,True,True,PAL_6240315,6.8630555555555555
2024-12-15 21:33:00,True,True,PAL_6240315,6.871388888888889
2024-12-15 21:33:30,True,True,PAL_6240315,6.879722222222222
2024-12-15 21:34:00,True,True,PAL_6240315,6.888055555555556
2024-12-15 21:34:30,True,True,PAL_6240315,6.896388888888889
2024-12-15 21:35:00,True,True,PAL_6240315,6.904722222222222
2024-12-15 21:35:30,True,True,PAL_6240315,6.913055555555555
2024-12-15 21:36:00,True,True,PAL_6240315,6.921388888888889
2024-12-15 21:36:30,True,True,PAL_6240315,6.929722222222222
2024-12-15 21:37:00,True,True,PAL_6240315,6.938055555555556
2024-12-15 21:37:30,True,True,PAL_6240315,6.9463888888888885
2024-12-15 21:38:00,True,True,PAL_6240315,6.954722222222222
2024-12-15 21:38:30,True,True,PAL_6240315,6.963055555555556
2024-12-15 23:15:00,True,True,PAL_6240315,8.571388888888889
2024-12-15 23:15:30,True,True,PAL_6240315,8.579722222222221
2024-12-15 23:16:00,True,True,PAL_6240315,8.588055555555556
2024-12-15 23:16:30,True,True,PAL_6240315,8.596388888888889
2024-12-15 23:17:00,True,True,PAL_6240315,8.604722222222222
2024-12-15 23:17:30,True,True,PAL_6240315,8.613055555555556
2024-12-15 23:18:00,True,True,PAL_6240315,8.62138888888889
2024-12-15 23:18:30,True,True,PAL_6240315,8.629722222222222
2024-12-15 23:19:00,True,True,PAL_6240315,8.638055555555555
2024-12-15 23:19:30,True,True,PAL_6240315,8.64638888888889
2024-12-16 17:37:00,False,True,PI_6240319_AL,17.169722222222223
2024-12-16 17:37:30,False,True,PI_6240319_AL,17.16138888888889
2024-12-16 17:38:00,False,True,PI_6240319_AL,17.153055555555557
2024-12-16 17:38:30,False,True,PI_6240319_AL,17.14472222222222
2024-12-16 17:39:00,False,True,PI_6240319_AL,17.136388888888888
2024-12-16 17:39:30,False,True,PI_6240319_AL,17.128055555555555
2024-12-16 17:40:00,False,True,PI_6240319_AL,17.119722222222222
2024-12-16 17:40:30,False,True,PI_6240319_AL,17.11138888888889
2024-12-16 17:41:00,False,True,PI_6240319_AL,17.103055555555557
2024-12-16 17:41:30,False,True,PI_6240319_AL,17.094722222222224
2024-12-16 17:42:00,False,True,PI_6240319_AL,17.086388888888887
2024-12-16 17:42:30,False,True,PI_6240319_AL,17.078055555555554
2024-12-16 17:43:00,False,True,PI_6240319_AL,17.06972222222222
2024-12-16 17:43:30,False,True,PI_6240319_AL,17.06138888888889
2024-12-16 17:44:00,False,True,PI_6240319_AL,17.053055555555556
2024-12-16 17:44:30,False,True,PI_6240319_AL,17.044722222222223
2024-12-16 17:45:00,False,True,PI_6240319_AL,17.03638888888889
2024-12-16 17:45:30,False,True,PI_6240319_AL,17.028055555555557
2024-12-20 17:17:30,False,True,PI_6240319_AL,0.6
2025-01-08 10:37:30,False,True,PI_6240319_AL,0.044444444444444446
2025-01-08 11:51:00,False,True,PI_6240319_AL,1.2694444444444444
2025-01-08 11:51:30,False,True,PI_6240319_AL,1.2777777777777777
2025-01-08 11:52:00,False,True,PI_6240319_AL,1.2861111111111112
2025-01-08 11:52:30,False,True,PI_6240319_AL,1.2944444444444445
2025-01-08 11:53:00,False,True,PI_6240319_AL,1.3027777777777778
2025-01-08 11:53:30,False,True,PI_6240319_AL,1.3111111111111111
2025-01-08 11:54:00,False,True,PI_6240319_AL,1.3194444444444444
2025-01-08 11:54:30,False,True,PI_6240319_AL,1.3277777777777777
2025-01-15 16:14:30,False,True,PI_6240319_AL,4.603611111111111
2025-01-15 16:15:00,False,True,PI_6240319_AL,4.595277777777778
2025-01-15 16:15:30,False,True,PI_6240319_AL,4.586944444444445
2025-01-15 16:16:00,False,True,PI_6240319_AL,4.578611111111111
2025-01-15 16:16:30,False,True,PI_6240319_AL,4.570277777777778
2025-01-15 16:17:00,False,True,PI_6240319_AL,4.561944444444444
2025-01-15 16:17:30,False,True,PI_6240319_AL,4.5536111111111115
2025-01-15 16:18:00,False,True,PI_6240319_AL,4.545277777777778
2025-01-15 16:18:30,False,True,PI_6240319_AL,4.536944444444444
2025-01-15 16:19:00,False,True,PI_6240319_AL,4.528611111111111
2025-01-16 15:44:00,True,True,TC382_03_A,13.195
2025-01-16 15:44:30,True,True,TC382_03_A,13.186666666666667
2025-01-16 15:45:00,True,True,TC382_03_A,13.178333333333333
2025-01-16 15:45:30,True,True,TC382_03_A,13.17
2025-01-16 15:46:00,True,True,TC382_03_A,13.161666666666667
2025-01-16 15:46:30,True,True,TC382_03_A,13.153333333333334
2025-01-16 15:47:00,True,True,TC382_03_A,13.145
2025-01-16 15:47:30,True,True,TC382_03_A,13.136666666666667
2025-01-16 15:48:00,True,True,TC382_03_A,13.128333333333334
2025-01-17 22:55:30,True,True,PI_6240319_AL,7.433888888888889
2025-01-17 22:56:00,True,True,PI_6240319_AL,7.4255555555555555
2025-01-17 22:56:30,True,True,PI_6240319_AL,7.417222222222223
2025-01-17 22:57:00,True,True,PI_6240319_AL,7.408888888888889
2025-01-17 22:57:30,True,True,PI_6240319_AL,7.400555555555556
2025-01-17 22:58:00,True,True,PI_6240319_AL,7.392222222222222
2025-01-17 22:58:30,True,True,PI_6240319_AL,7.3838888888888885
2025-01-17 22:59:00,True,True,PI_6240319_AL,7.375555555555556
2025-01-17 22:59:30,True,True,PI_6240319_AL,7.367222222222222
2025-01-17 23:00:00,True,True,PI_6240319_AL,7.358888888888889
2025-01-17 23:00:30,True,True,PI_6240319_AL,7.350555555555555
2025-01-18 04:18:30,True,True,PI_6240319_AL,2.0505555555555555
2025-01-18 04:19:00,True,True,PI_6240319_AL,2.042222222222222
2025-01-18 04:19:30,True,True,PI_6240319_AL,2.033888888888889
2025-01-18 04:20:00,True,True,PI_6240319_AL,2.0255555555555556
2025-01-18 04:20:30,True,True,PI_6240319_AL,2.0172222222222222
2025-01-18 04:21:00,True,True,PI_6240319_AL,2.008888888888889
2025-01-18 04:21:30,True,True,PI_6240319_AL,2.0005555555555556
2025-01-18 04:22:00,True,True,PI_6240319_AL,1.9922222222222221
2025-01-18 04:22:30,True,True,PI_6240319_AL,1.9838888888888888
2025-01-18 04:23:00,True,True,PI_6240319_AL,1.9755555555555555
2025-01-18 04:23:30,True,True,PI_6240319_AL,1.9672222222222222
2025-01-18 04:24:00,True,True,PI_6240319_AL,1.958888888888889
2025-01-20 19:19:30,True,True,TC382_03_A,0.5113888888888889
2025-01-20 19:20:00,True,True,TC382_03_A,0.5030555555555556
2025-01-20 19:20:30,True,True,TC382_03_A,0.49472222222222223
2025-01-20 19:21:00,True,True,TC382_03_A,0.48638888888888887
2025-01-20 19:21:30,True,True,TC382_03_A,0.47805555555555557
2025-01-20 19:22:00,True,True,TC382_03_A,0.4697222222222222
2025-01-20 19:22:30,True,True,TC382_03_A,0.4613888888888889
2025-01-20 19:23:00,True,True,TC382_03_A,0.45305555555555554
2025-01-20 19:23:30,True,True,TC382_03_A,0.44472222222222224
2025-01-20 19:24:00,True,True,TC382_03_A,0.4363888888888889
2025-01-20 19:24:30,True,True,TC382_03_A,0.4280555555555556
2025-01-20 19:25:00,True,True,TC382_03_A,0.4197222222222222
2025-01-20 22:02:00,True,True,TC382_03_A,2.1969444444444446
2025-01-20 22:02:30,True,True,TC382_03_A,2.205277777777778
2025-01-24 13:33:30,False,True,PDAL_6240302,0.0075
2025-01-24 13:34:00,False,True,PDAL_6240302,0.015833333333333335
2025-01-24 13:34:30,False,True,PDAL_6240302,0.024166666666666666
2025-01-24 13:35:00,False,True,PDAL_6240302,0.0325
2025-01-24 13:35:30,False,True,PDAL_6240302,0.04083333333333333
2025-01-24 13:36:00,False,True,PDAL_6240302,0.049166666666666664
2025-01-24 13:36:30,False,True,PDAL_6240302,0.0575
2025-01-25 11:10:00,False,True,PI_6240319_AL,9.088055555555556
2025-01-25 11:10:30,False,True,PI_6240319_AL,9.079722222222221
2025-01-25 11:11:00,False,True,PI_6240319_AL,9.071388888888889
2025-01-25 11:11:30,False,True,PI_6240319_AL,9.063055555555556
2025-01-25 11:12:00,False,True,PI_6240319_AL,9.054722222222223
2025-01-25 11:12:30,False,True,PI_6240319_AL,9.046388888888888
2025-01-25 11:13:00,False,True,PI_6240319_AL,9.038055555555555
2025-01-25 11:13:30,False,True,PI_6240319_AL,9.029722222222222
2025-01-25 11:14:00,False,True,PI_6240319_AL,9.02138888888889
2025-01-25 11:14:30,False,True,PI_6240319_AL,9.013055555555555
2025-01-25 11:15:00,False,True,PI_6240319_AL,9.004722222222222
2025-01-25 11:15:30,False,True,PI_6240319_AL,8.99638888888889
2025-01-25 11:16:00,False,True,PI_6240319_AL,8.988055555555556
2025-01-25 11:16:30,False,True,PI_6240319_AL,8.979722222222222
2025-01-25 11:17:00,False,True,PI_6240319_AL,8.971388888888889
2025-01-28 20:08:00,True,True,TC382_03_A,14.934444444444445
2025-01-28 20:08:30,True,True,TC382_03_A,14.926111111111112
2025-01-28 20:09:00,True,True,TC382_03_A,14.917777777777777
2025-01-28 20:09:30,True,True,TC382_03_A,14.909444444444444
2025-01-28 20:10:00,True,True,TC382_03_A,14.901111111111112
2025-01-28 20:10:30,True,True,TC382_03_A,14.892777777777777
2025-01-28 20:11:00,True,True,TC382_03_A,14.884444444444444
2025-01-28 20:11:30,True,True,TC382_03_A,14.876111111111111
2025-01-28 20:12:00,True,True,TC382_03_A,14.867777777777778
2025-01-29 21:46:00,True,True,TC382_03_A,0.0005555555555555556
2025-01-29 21:46:30,True,True,TC382_03_A,0.0077777777777777776
2025-01-29 21:47:00,True,True,TC382_03_A,0.01611111111111111
2025-01-29 21:47:30,True,True,TC382_03_A,0.024444444444444446
2025-01-29 21:48:00,True,True,TC382_03_A,0.03277777777777778
2025-01-29 21:48:30,True,True,TC382_03_A,0.04111111111111111
2025-01-29 21:49:00,True,True,TC382_03_A,0.049444444444444444
2025-01-29 21:49:30,True,True,TC382_03_A,0.057777777777777775
2025-01-29 21:50:00,True,True,TC382_03_A,0.0661111111111111
2025-01-29 21:50:30,True,True,TC382_03_A,0.07444444444444444
2025-01-29 21:51:00,True,True,TC382_03_A,0.08277777777777778
2025-01-30 02:34:00,True,True,TC382_03_A,4.799444444444444
2025-01-30 02:34:30,True,True,TC382_03_A,4.807777777777778
2025-01-30 10:20:30,True,True,PI_6240319_AL,0.06555555555555556
2025-01-30 15:45:30,True,True,PI_6240319_AL,5.482222222222222
2025-01-30 22:40:00,True,True,PI_6240319_AL,12.390555555555556
2025-01-30 22:40:30,True,True,PI_6240319_AL,12.398888888888889
2025-01-30 22:41:00,True,True,PI_6240319_AL,12.407222222222222
2025-01-30 22:41:30,True,True,PI_6240319_AL,12.415555555555555
2025-01-30 22:42:00,True,True,PI_6240319_AL,12.42388888888889
2025-01-30 22:42:30,True,True,PI_6240319_AL,12.432222222222222
2025-01-30 22:43:00,True,True,PI_6240319_AL,12.440555555555555
2025-01-30 22:43:30,True,True,PI_6240319_AL,12.448888888888888
2025-01-30 22:44:00,True,True,PI_6240319_AL,12.457222222222223
2025-01-30 22:44:30,True,True,PI_6240319_AL,12.465555555555556
2025-01-30 22:45:00,True,True,PI_6240319_AL,12.473888888888888
2025-01-31 05:51:30,True,True,TC382_03_A,8.143333333333333
2025-01-31 05:52:00,True,True,TC382_03_A,8.135
2025-01-31 05:52:30,True,True,TC382_03_A,8.126666666666667
2025-01-31 05:53:00,True,True,TC382_03_A,8.118333333333334
2025-01-31 05:53:30,True,True,TC382_03_A,8.11
2025-01-31 05:54:00,True,True,TC382_03_A,8.101666666666667
2025-01-31 05:54:30,True,True,TC382_03_A,8.093333333333334
2025-01-31 05:55:00,True,True,TC382_03_A,8.085
2025-01-31 05:55:30,True,True,TC382_03_A,8.076666666666666
2025-01-31 05:56:00,True,True,TC382_03_A,8.068333333333333
2025-01-31 13:42:30,True,True,TC382_03_A,0.29333333333333333
2025-01-31 21:21:00,True,True,TC382_03_A,7.348333333333334
2025-01-31 21:21:30,True,True,TC382_03_A,7.3566666666666665
2025-01-31 21:22:00,True,True,TC382_03_A,7.365
2025-01-31 22:56:30,True,True,TC382_03_A,8.94
2025-02-21 06:07:30,False,True,PI_6240319_AL,3.975277777777778
2025-02-21 06:08:00,False,True,PI_6240319_AL,3.983611111111111
2025-02-21 06:08:30,False,True,PI_6240319_AL,3.9919444444444445
2025-02-21 06:09:00,False,True,PI_6240319_AL,4.000277777777778
2025-02-21 06:09:30,False,True,PI_6240319_AL,4.008611111111111
2025-02-21 06:10:00,False,True,PI_6240319_AL,4.016944444444444
2025-02-21 06:10:30,False,True,PI_6240319_AL,4.025277777777778
2025-02-21 06:11:00,False,True,PI_6240319_AL,4.033611111111111
2025-02-21 06:11:30,False,True,PI_6240319_AL,4.041944444444445
2025-02-21 06:12:00,False,True,PI_6240319_AL,4.050277777777778
2025-02-21 06:12:30,False,True,PI_6240319_AL,4.058611111111111
2025-02-21 06:13:00,False,True,PI_6240319_AL,4.066944444444444
2025-02-21 06:13:30,False,True,PI_6240319_AL,4.075277777777778
2025-02-22 02:07:00,False,True,PI_6240319_AL,5.760277777777778
2025-02-22 02:07:30,False,True,PI_6240319_AL,5.751944444444445
2025-02-22 02:08:00,False,True,PI_6240319_AL,5.743611111111111
2025-02-22 02:08:30,False,True,PI_6240319_AL,5.735277777777778
2025-02-22 02:09:00,False,True,PI_6240319_AL,5.726944444444444
2025-02-22 02:09:30,False,True,PI_6240319_AL,5.7186111111111115
2025-02-22 02:10:00,False,True,PI_6240319_AL,5.710277777777778
2025-02-22 02:10:30,False,True,PI_6240319_AL,5.701944444444444
2025-02-22 02:11:00,False,True,PI_6240319_AL,5.693611111111111
2025-02-22 02:11:30,False,True,PI_6240319_AL,5.685277777777777
2025-02-22 02:12:00,False,True,PI_6240319_AL,5.676944444444445
2025-02-22 02:12:30,False,True,PI_6240319_AL,5.668611111111111
2025-02-22 02:13:00,False,True,PI_6240319_AL,5.660277777777778
2025-02-22 23:40:00,False,True,PI_6240319_AL,2.256388888888889
2025-02-27 21:38:30,False,True,PI_6240319_AL,2.931111111111111
2025-02-27 21:39:00,False,True,PI_6240319_AL,2.9394444444444443
2025-02-27 21:39:30,False,True,PI_6240319_AL,2.9477777777777776
2025-02-27 21:40:00,False,True,PI_6240319_AL,2.956111111111111
2025-02-27 21:40:30,False,True,PI_6240319_AL,2.9644444444444447
2025-02-27 21:41:00,False,True,PI_6240319_AL,2.972777777777778
2025-02-27 21:41:30,False,True,PI_6240319_AL,2.9811111111111113
2025-02-27 21:42:00,False,True,PI_6240319_AL,2.9894444444444446
2025-02-27 21:42:30,False,True,PI_6240319_AL,2.997777777777778
2025-02-27 21:43:00,False,True,PI_6240319_AL,3.006111111111111
2025-02-27 21:43:30,False,True,PI_6240319_AL,3.0144444444444445
2025-02-27 21:44:00,False,True,PI_6240319_AL,3.022777777777778
2025-02-27 21:44:30,False,True,PI_6240319_AL,3.031111111111111
2025-02-27 21:45:00,False,True,PI_6240319_AL,3.0394444444444444
2025-02-27 21:45:30,False,True,PI_6240319_AL,3.0477777777777777
2025-02-28 17:38:30,False,True,PAL_6240315,1.7991666666666666
2025-02-28 17:39:00,False,True,PAL_6240315,1.8075
2025-02-28 17:39:30,False,True,PAL_6240315,1.8158333333333334
2025-02-28 17:40:00,False,True,PAL_6240315,1.8241666666666667
2025-02-28 17:40:30,False,True,PAL_6240315,1.8325
2025-02-28 17:41:00,False,True,PAL_6240315,1.8408333333333333
2025-02-28 17:41:30,False,True,PAL_6240315,1.8491666666666666
2025-02-28 17:42:00,False,True,PAL_6240315,1.8575
2025-02-28 17:42:30,False,True,PAL_6240315,1.8658333333333332
2025-02-28 17:43:00,False,True,PAL_6240315,1.8741666666666668
2025-02-28 17:43:30,False,True,PAL_6240315,1.8825
2025-02-28 17:44:00,False,True,PAL_6240315,1.8908333333333334
2025-02-28 17:44:30,False,True,PAL_6240315,1.8991666666666667
2025-02-28 17:45:00,False,True,PAL_6240315,1.9075
2025-02-28 17:45:30,False,True,PAL_6240315,1.9158333333333333
2025-03-09 02:46:00,False,True,PAL_6240315,3.9694444444444446
2025-03-09 02:46:30,False,True,PAL_6240315,3.977777777777778
2025-03-09 02:47:00,False,True,PAL_6240315,3.986111111111111
2025-03-09 02:47:30,False,True,PAL_6240315,3.9944444444444445
2025-03-09 02:48:00,False,True,PAL_6240315,4.002777777777778
2025-03-09 02:48:30,False,True,PAL_6240315,4.011111111111111
2025-03-09 02:49:00,False,True,PAL_6240315,4.019444444444445
2025-03-09 02:49:30,False,True,PAL_6240315,4.027777777777778
2025-03-09 02:50:00,False,True,PAL_6240315,4.036111111111111
2025-03-09 02:50:30,False,True,PAL_6240315,4.044444444444444
2025-03-09 02:51:00,False,True,PAL_6240315,4.052777777777778
2025-03-09 02:51:30,False,True,PAL_6240315,4.061111111111111
2025-03-09 02:52:00,False,True,PAL_6240315,4.069444444444445
2025-03-09 02:52:30,False,True,PAL_6240315,4.0777777777777775
2025-03-09 02:53:00,False,True,PAL_6240315,4.086111111111111
2025-03-09 02:53:30,False,True,PAL_6240315,4.094444444444444
2025-03-09 22:47:30,False,True,PI_6240319_AL,10.179444444444444
2025-03-09 22:48:00,False,True,PI_6240319_AL,10.187777777777777
2025-03-09 22:48:30,False,True,PI_6240319_AL,10.196111111111112
2025-03-09 22:49:00,False,True,PI_6240319_AL,10.204444444444444
2025-03-09 22:49:30,False,True,PI_6240319_AL,10.212777777777777
2025-03-09 22:50:00,False,True,PI_6240319_AL,10.221111111111112
2025-03-09 22:50:30,False,True,PI_6240319_AL,10.229444444444445
2025-03-09 22:51:00,False,True,PI_6240319_AL,10.237777777777778
2025-03-09 22:51:30,False,True,PI_6240319_AL,10.24611111111111
2025-03-09 22:52:00,False,True,PI_6240319_AL,10.254444444444445
2025-03-09 22:52:30,False,True,PI_6240319_AL,10.262777777777778
2025-03-11 12:42:30,False,True,PI_6240319_AL,9.7275
2025-03-11 20:09:30,False,True,PI_6240319_AL,2.2775
2025-03-11 20:10:00,False,True,PI_6240319_AL,2.2691666666666666
2025-03-11 20:10:30,False,True,PI_6240319_AL,2.2608333333333333
2025-03-11 20:11:00,False,True,PI_6240319_AL,2.2525
2025-03-11 20:11:30,False,True,PI_6240319_AL,2.2441666666666666
2025-03-11 20:12:00,False,True,PI_6240319_AL,2.2358333333333333
2025-03-11 20:12:30,False,True,PI_6240319_AL,2.2275
2025-03-11 20:13:00,False,True,PI_6240319_AL,2.2191666666666667
2025-03-11 20:13:30,False,True,PI_6240319_AL,2.2108333333333334
2025-03-11 20:14:00,False,True,PI_6240319_AL,2.2025
2025-03-11 20:14:30,False,True,PI_6240319_AL,2.194166666666667
2025-03-11 20:15:00,False,True,PI_6240319_AL,2.1858333333333335
2025-03-18 01:48:00,True,True,PAL_6240315,1.3183333333333334
2025-03-18 01:48:30,True,True,PAL_6240315,1.3266666666666667
2025-03-18 01:49:00,True,True,PAL_6240315,1.335
2025-03-18 01:49:30,True,True,PAL_6240315,1.3433333333333333
2025-03-18 04:24:30,True,True,PAL_6240315,3.6847222222222222
2025-03-18 04:25:00,True,True,PAL_6240315,3.676388888888889
2025-03-18 04:25:30,True,True,PAL_6240315,3.6680555555555556
2025-03-18 04:26:00,True,True,PAL_6240315,3.6597222222222223
2025-03-18 04:26:30,True,True,PAL_6240315,3.651388888888889
2025-03-18 04:27:00,True,True,PAL_6240315,3.6430555555555557
2025-03-18 04:27:30,True,True,PAL_6240315,3.6347222222222224
2025-03-18 04:28:00,True,True,PAL_6240315,3.626388888888889
2025-03-18 04:28:30,True,True,PAL_6240315,3.6180555555555554
2025-03-18 04:29:00,True,True,PAL_6240315,3.609722222222222
2025-03-18 04:29:30,True,True,PAL_6240315,3.6013888888888888
2025-03-18 04:30:00,True,True,PAL_6240315,3.5930555555555554
2025-03-18 04:30:30,True,True,PAL_6240315,3.584722222222222
2025-03-18 04:31:00,True,True,PAL_6240315,3.576388888888889
2025-03-18 04:31:30,True,True,PAL_6240315,3.5680555555555555
2025-03-18 04:32:00,True,True,PAL_6240315,3.5597222222222222
2025-03-18 04:32:30,True,True,PAL_6240315,3.551388888888889
2025-03-18 04:33:00,True,True,PAL_6240315,3.5430555555555556
2025-03-18 04:33:30,True,True,PAL_6240315,3.5347222222222223
2025-03-18 04:34:00,True,True,PAL_6240315,3.526388888888889
2025-03-18 04:34:30,True,True,PAL_6240315,3.5180555555555557
2025-03-18 04:35:00,True,True,PAL_6240315,3.5097222222222224
2025-03-18 04:35:30,True,True,PAL_6240315,3.501388888888889
2025-03-18 04:36:00,True,True,PAL_6240315,3.4930555555555554
2025-03-18 04:42:00,True,True,PAL_6240315,3.3930555555555557
2025-03-18 04:42:30,True,True,PAL_6240315,3.3847222222222224
2025-03-18 04:43:00,True,True,PAL_6240315,3.376388888888889
2025-03-18 04:43:30,True,True,PAL_6240315,3.3680555555555554
2025-03-18 04:44:00,True,True,PAL_6240315,3.359722222222222
2025-03-18 04:44:30,True,True,PAL_6240315,3.3513888888888888
2025-03-18 04:45:00,True,True,PAL_6240315,3.3430555555555554
2025-03-18 04:45:30,True,True,PAL_6240315,3.334722222222222
2025-03-18 04:46:00,True,True,PAL_6240315,3.326388888888889
2025-03-18 04:46:30,True,True,PAL_6240315,3.3180555555555555
2025-03-18 04:47:00,True,True,PAL_6240315,3.3097222222222222
2025-03-18 04:47:30,True,True,PAL_6240315,3.301388888888889
2025-03-18 04:48:00,True,True,PAL_6240315,3.2930555555555556
2025-03-18 09:52:00,True,True,PDAL_6240302,0.4091666666666667
2025-03-18 17:55:00,True,True,PI_6240319_AL,0.135
2025-03-18 17:55:30,True,True,PI_6240319_AL,0.14333333333333334
2025-03-18 17:56:00,True,True,PI_6240319_AL,0.15166666666666667
2025-03-18 17:56:30,True,True,PI_6240319_AL,0.16
2025-03-18 23:51:30,True,True,PAH_6240319,0.029722222222222223
2025-03-18 23:52:00,True,True,PAH_6240319,0.03805555555555556
2025-03-18 23:52:30,True,True,PAH_6240319,0.04638888888888889
2025-03-18 23:53:00,True,True,PAH_6240319,0.05472222222222222
2025-03-18 23:53:30,True,True,PAH_6240319,0.06305555555555556
2025-03-18 23:54:00,True,True,PAH_6240319,0.07138888888888889
2025-03-18 23:54:30,True,True,PAH_6240319,0.07972222222222222
2025-03-18 23:55:00,True,True,PAH_6240319,0.08805555555555555
2025-03-18 23:55:30,True,True,PAH_6240319,0.09638888888888889
2025-03-18 23:56:00,True,True,PAH_6240319,0.10472222222222222
2025-03-18 23:56:30,True,True,PAH_6240319,0.11305555555555556
2025-03-18 23:57:00,True,True,PAH_6240319,0.1213888888888889
2025-03-18 23:57:30,True,True,PAH_6240319,0.1297222222222222
2025-03-18 23:58:00,True,True,PAH_6240319,0.13805555555555554
2025-03-18 23:58:30,True,True,PAH_6240319,0.1463888888888889
2025-03-18 23:59:00,True,True,PAH_6240319,0.15472222222222223
2025-03-18 23:59:30,True,True,PAH_6240319,0.16305555555555556
2025-03-19 19:50:30,False,True,PAH_6240319,20.013055555555557
2025-03-19 19:51:00,False,True,PAH_6240319,20.02138888888889
2025-03-19 19:51:30,False,True,PAH_6240319,20.029722222222222
2025-03-19 19:52:00,False,True,PAH_6240319,20.038055555555555
2025-03-19 19:52:30,False,True,PAH_6240319,20.046388888888888
2025-03-19 19:53:00,False,True,PAH_6240319,20.05472222222222
2025-03-19 19:53:30,False,True,PAH_6240319,20.063055555555554
2025-03-19 19:54:00,False,True,PAH_6240319,20.07138888888889
2025-03-19 19:54:30,False,True,PAH_6240319,20.079722222222223
2025-03-19 19:55:00,False,True,PAH_6240319,20.088055555555556
2025-03-19 19:55:30,False,True,PAH_6240319,20.09638888888889
2025-03-19 19:56:00,False,True,PAH_6240319,20.10472222222222
2025-03-19 19:56:30,False,True,PAH_6240319,20.113055555555555
2025-03-19 19:57:00,False,True,PAH_6240319,20.121388888888887
2025-03-19 19:57:30,False,True,PAH_6240319,20.129722222222224
2025-03-19 19:58:00,False,True,PAH_6240319,20.138055555555557
2025-03-19 19:58:30,False,True,PAH_6240319,20.14638888888889
2025-03-26 01:46:00,False,True,PAL_6240315,14.6975
2025-03-26 01:46:30,False,True,PAL_6240315,14.705833333333333
2025-03-26 01:47:00,False,True,PAL_6240315,14.714166666666667
2025-03-26 01:47:30,False,True,PAL_6240315,14.7225
2025-03-26 01:48:00,False,True,PAL_6240315,14.730833333333333
2025-03-26 01:48:30,False,True,PAL_6240315,14.739166666666666
2025-03-26 01:49:00,False,True,PAL_6240315,14.7475
2025-03-26 01:49:30,False,True,PAL_6240315,14.755833333333333
2025-03-31 12:24:00,False,True,PI_6240319_AL,2.0797222222222222
2025-03-31 12:24:30,False,True,PI_6240319_AL,2.0880555555555556
2025-03-31 12:25:00,False,True,PI_6240319_AL,2.096388888888889
2025-03-31 12:25:30,False,True,PI_6240319_AL,2.104722222222222
2025-03-31 12:26:00,False,True,PI_6240319_AL,2.1130555555555555
2025-03-31 12:26:30,False,True,PI_6240319_AL,2.1213888888888888
2025-03-31 12:27:00,False,True,PI_6240319_AL,2.129722222222222
2025-03-31 12:27:30,False,True,PI_6240319_AL,2.1380555555555554
2025-03-31 12:28:00,False,True,PI_6240319_AL,2.1463888888888887
2025-03-31 12:28:30,False,True,PI_6240319_AL,2.1547222222222224
2025-03-31 12:29:00,False,True,PI_6240319_AL,2.1630555555555557
2025-03-31 12:29:30,False,True,PI_6240319_AL,2.171388888888889
2025-03-31 12:30:00,False,True,PI_6240319_AL,2.1797222222222223
2025-03-31 12:30:30,False,True,PI_6240319_AL,2.1880555555555556
2025-03-31 12:31:00,False,True,PI_6240319_AL,2.196388888888889
2025-04-01 08:23:00,False,True,PI_6240319_AL,7.3997222222222225
2025-04-01 08:23:30,False,True,PI_6240319_AL,7.391388888888889
2025-04-01 08:24:00,False,True,PI_6240319_AL,7.383055555555556
2025-04-01 08:24:30,False,True,PI_6240319_AL,7.374722222222222
2025-04-01 08:25:00,False,True,PI_6240319_AL,7.366388888888889
2025-04-01 08:25:30,False,True,PI_6240319_AL,7.358055555555556
2025-04-01 08:26:00,False,True,PI_6240319_AL,7.349722222222222
2025-04-01 08:26:30,False,True,PI_6240319_AL,7.341388888888889
2025-04-01 08:27:00,False,True,PI_6240319_AL,7.333055555555555
2025-04-01 08:27:30,False,True,PI_6240319_AL,7.324722222222222
2025-04-01 08:28:00,False,True,PI_6240319_AL,7.316388888888889
2025-04-01 08:28:30,False,True,PI_6240319_AL,7.308055555555556
2025-04-01 08:29:00,False,True,PI_6240319_AL,7.299722222222222
2025-04-01 08:29:30,False,True,PI_6240319_AL,7.291388888888889
2025-04-01 08:30:00,False,True,PI_6240319_AL,7.283055555555555
2025-04-01 08:30:30,False,True,PI_6240319_AL,7.2747222222222225
2025-04-03 08:22:00,False,True,PAL_6240315,5.245833333333334
2025-04-03 09:28:00,False,True,PAL_6240315,4.145833333333333
2025-04-03 09:28:30,False,True,PAL_6240315,4.1375
2025-04-03 09:29:00,False,True,PAL_6240315,4.129166666666666
2025-04-07 10:09:00,False,True,PAL_6240315,1.9755555555555555
2025-04-09 15:32:30,True,True,PAL_6240315,3.6908333333333334
2025-04-09 15:33:00,True,True,PAL_6240315,3.6991666666666667
2025-04-09 15:33:30,True,True,PAL_6240315,3.7075
2025-04-09 15:34:00,True,True,PAL_6240315,3.7158333333333333
2025-04-09 15:34:30,True,True,PAL_6240315,3.7241666666666666
2025-04-09 15:35:00,True,True,PAL_6240315,3.7325
2025-04-09 15:35:30,True,True,PAL_6240315,3.7408333333333332
2025-04-09 15:36:00,True,True,PAL_6240315,3.7491666666666665
2025-04-09 15:36:30,True,True,PAL_6240315,3.7575
2025-04-09 15:37:00,True,True,PAL_6240315,3.765833333333333
2025-04-09 15:37:30,True,True,PAL_6240315,3.7741666666666664
2025-04-09 15:38:00,True,True,PAL_6240315,3.7825
2025-04-09 15:38:30,True,True,PAL_6240315,3.7908333333333335
2025-04-09 15:39:00,True,True,PAL_6240315,3.799166666666667
2025-04-09 15:39:30,True,True,PAL_6240315,3.8075
2025-04-10 12:33:30,True,True,TC382_03_A,0.009722222222222222
2025-04-10 12:34:00,True,True,TC382_03_A,0.018055555555555554
2025-04-10 12:34:30,True,True,TC382_03_A,0.02638888888888889
2025-04-10 12:35:00,True,True,TC382_03_A,0.034722222222222224
2025-04-10 12:35:30,True,True,TC382_03_A,0.043055555555555555
2025-04-10 12:36:00,True,True,TC382_03_A,0.05138888888888889
2025-04-10 12:36:30,True,True,TC382_03_A,0.059722222222222225
2025-04-10 12:37:00,True,True,TC382_03_A,0.06805555555555555
2025-04-10 12:37:30,True,True,TC382_03_A,0.0763888888888889
2025-04-10 21:39:30,True,True,PI_6240319_AL,2.5419444444444443
2025-04-10 21:40:00,True,True,PI_6240319_AL,2.5502777777777776
2025-04-10 21:40:30,True,True,PI_6240319_AL,2.558611111111111
2025-04-10 21:41:00,True,True,PI_6240319_AL,2.5669444444444443
2025-04-10 21:41:30,True,True,PI_6240319_AL,2.575277777777778
2025-04-10 21:42:00,True,True,PI_6240319_AL,2.5836111111111113
2025-04-10 21:42:30,True,True,PI_6240319_AL,2.5919444444444446
2025-04-10 21:43:00,True,True,PI_6240319_AL,2.600277777777778
2025-04-10 21:43:30,True,True,PI_6240319_AL,2.608611111111111
2025-04-10 21:44:00,True,True,PI_6240319_AL,2.6169444444444445
2025-04-10 21:44:30,True,True,PI_6240319_AL,2.625277777777778
2025-04-10 21:45:00,True,True,PI_6240319_AL,2.633611111111111
2025-04-10 21:45:30,True,True,PI_6240319_AL,2.6419444444444444
2025-04-10 21:46:00,True,True,PI_6240319_AL,2.6502777777777777
2025-04-10 21:46:30,True,True,PI_6240319_AL,2.658611111111111
2025-04-10 21:47:00,True,True,PI_6240319_AL,2.6669444444444443
2025-04-10 21:47:30,True,True,PI_6240319_AL,2.6752777777777776
2025-04-10 21:48:00,True,True,PI_6240319_AL,2.683611111111111
2025-04-10 21:48:30,True,True,PI_6240319_AL,2.6919444444444443
2025-04-10 21:49:00,True,True,PI_6240319_AL,2.700277777777778
2025-04-10 21:49:30,True,True,PI_6240319_AL,2.7086111111111113
2025-04-10 21:50:00,True,True,PI_6240319_AL,2.7169444444444446
2025-04-10 21:50:30,True,True,PI_6240319_AL,2.725277777777778
2025-04-10 21:51:00,True,True,PI_6240319_AL,2.733611111111111
2025-04-10 21:51:30,True,True,PI_6240319_AL,2.7419444444444445
2025-04-10 21:52:00,True,True,PI_6240319_AL,2.750277777777778
2025-04-10 21:52:30,True,True,PI_6240319_AL,2.758611111111111
2025-04-10 21:53:00,True,True,PI_6240319_AL,2.7669444444444444
2025-04-10 21:53:30,True,True,PI_6240319_AL,2.7752777777777777
2025-04-10 21:54:00,True,True,PI_6240319_AL,2.783611111111111
2025-04-10 21:54:30,True,True,PI_6240319_AL,2.7919444444444443
2025-04-10 21:55:00,True,True,PI_6240319_AL,2.8002777777777776
2025-04-10 21:55:30,True,True,PI_6240319_AL,2.808611111111111
2025-04-10 21:56:00,True,True,PI_6240319_AL,2.8169444444444443
2025-04-10 21:56:30,True,True,PI_6240319_AL,2.825277777777778
2025-04-10 21:57:00,True,True,PI_6240319_AL,2.8336111111111113
2025-04-10 21:57:30,True,True,PI_6240319_AL,2.8419444444444446
2025-04-10 21:58:00,True,True,PI_6240319_AL,2.850277777777778
2025-04-10 21:58:30,True,True,PI_6240319_AL,2.858611111111111
2025-04-10 21:59:00,True,True,PI_6240319_AL,2.8669444444444445
2025-04-10 21:59:30,True,True,PI_6240319_AL,2.875277777777778
2025-04-10 22:00:00,True,True,PI_6240319_AL,2.883611111111111
2025-04-10 22:00:30,True,True,PI_6240319_AL,2.8919444444444444
2025-04-10 22:01:00,True,True,PI_6240319_AL,2.9002777777777777
2025-04-10 22:01:30,True,True,PI_6240319_AL,2.908611111111111
2025-04-10 22:02:00,True,True,PI_6240319_AL,2.9169444444444443
2025-04-10 22:02:30,True,True,PI_6240319_AL,2.9252777777777776
2025-04-10 22:03:00,True,True,PI_6240319_AL,2.933611111111111
2025-04-10 22:03:30,True,True,PI_6240319_AL,2.9419444444444443
2025-04-10 22:04:00,True,True,PI_6240319_AL,2.950277777777778
2025-04-10 22:04:30,True,True,PI_6240319_AL,2.9586111111111113
2025-04-10 22:05:00,True,True,PI_6240319_AL,2.9669444444444446
2025-04-10 22:05:30,True,True,PI_6240319_AL,2.975277777777778
2025-04-10 22:06:00,True,True,PI_6240319_AL,2.983611111111111
2025-04-10 22:06:30,True,True,PI_6240319_AL,2.9919444444444445
2025-04-10 22:07:00,True,True,PI_6240319_AL,3.000277777777778
2025-04-10 22:07:30,True,True,PI_6240319_AL,3.008611111111111
2025-04-10 22:08:00,True,True,PI_6240319_AL,3.0169444444444444
2025-04-10 22:08:30,True,True,PI_6240319_AL,3.0252777777777777
2025-04-10 22:09:00,True,True,PI_6240319_AL,3.033611111111111
2025-04-10 22:09:30,True,True,PI_6240319_AL,3.0419444444444443
2025-04-10 22:10:00,True,True,PI_6240319_AL,3.0502777777777776
2025-04-10 22:10:30,True,True,PI_6240319_AL,3.058611111111111
2025-04-10 22:11:00,True,True,PI_6240319_AL,3.0669444444444443
2025-04-10 22:11:30,True,True,PI_6240319_AL,3.075277777777778
2025-04-10 22:12:00,True,True,PI_6240319_AL,3.0836111111111113
2025-04-10 22:12:30,True,True,PI_6240319_AL,3.0919444444444446
2025-04-10 22:13:00,True,True,PI_6240319_AL,3.100277777777778
2025-04-10 22:13:30,True,True,PI_6240319_AL,3.108611111111111
2025-04-10 22:14:00,True,True,PI_6240319_AL,3.1169444444444445
2025-04-10 22:14:30,True,True,PI_6240319_AL,3.125277777777778
2025-04-10 22:15:00,True,True,PI_6240319_AL,3.133611111111111
2025-04-10 22:15:30,True,True,PI_6240319_AL,3.1419444444444444
2025-04-10 22:16:00,True,True,PI_6240319_AL,3.1502777777777777
2025-04-10 22:16:30,True,True,PI_6240319_AL,3.158611111111111
2025-04-10 22:17:00,True,True,PI_6240319_AL,3.1669444444444443
2025-04-10 22:17:30,True,True,PI_6240319_AL,3.1752777777777776
2025-04-10 22:18:00,True,True,PI_6240319_AL,3.183611111111111
2025-04-10 22:18:30,True,True,PI_6240319_AL,3.1919444444444443
2025-04-10 22:19:00,True,True,PI_6240319_AL,3.200277777777778
2025-04-10 22:19:30,True,True,PI_6240319_AL,3.2086111111111113
2025-04-10 22:20:00,True,True,PI_6240319_AL,3.2169444444444446
2025-04-10 22:20:30,True,True,PI_6240319_AL,3.225277777777778
2025-04-10 22:21:00,True,True,PI_6240319_AL,3.233611111111111
2025-04-10 22:21:30,True,True,PI_6240319_AL,3.2419444444444445
2025-04-10 22:22:00,True,True,PI_6240319_AL,3.250277777777778
2025-04-10 22:22:30,True,True,PI_6240319_AL,3.258611111111111
2025-04-10 22:23:00,True,True,PI_6240319_AL,3.2669444444444444
2025-04-10 22:23:30,True,True,PI_6240319_AL,3.2752777777777777
2025-04-10 22:24:00,True,True,PI_6240319_AL,3.283611111111111
2025-04-10 22:24:30,True,True,PI_6240319_AL,3.2919444444444443
2025-04-10 22:25:00,True,True,PI_6240319_AL,3.3002777777777776
2025-04-10 22:25:30,True,True,PI_6240319_AL,3.308611111111111
2025-04-10 22:26:00,True,True,PI_6240319_AL,3.3169444444444443
2025-04-10 22:26:30,True,True,PI_6240319_AL,3.325277777777778
2025-04-10 22:27:00,True,True,PI_6240319_AL,3.3336111111111113
2025-04-10 22:27:30,True,True,PI_6240319_AL,3.3419444444444446
2025-04-10 22:28:00,True,True,PI_6240319_AL,3.350277777777778
2025-04-10 22:28:30,True,True,PI_6240319_AL,3.358611111111111
2025-04-10 22:29:00,True,True,PI_6240319_AL,3.3669444444444445
2025-04-10 22:29:30,True,True,PI_6240319_AL,3.375277777777778
2025-04-10 22:30:00,True,True,PI_6240319_AL,3.383611111111111
2025-04-10 22:30:30,True,True,PI_6240319_AL,3.3919444444444444
2025-04-10 22:31:00,True,True,PI_6240319_AL,3.4002777777777777
2025-04-10 22:31:30,True,True,PI_6240319_AL,3.408611111111111
2025-04-10 22:32:00,True,True,PI_6240319_AL,3.4169444444444443
2025-04-10 22:32:30,True,True,PI_6240319_AL,3.4252777777777776
2025-04-10 22:33:00,True,True,PI_6240319_AL,3.433611111111111
2025-04-10 22:33:30,True,True,PI_6240319_AL,3.4419444444444443
2025-04-10 22:34:00,True,True,PI_6240319_AL,3.450277777777778
2025-04-10 22:34:30,True,True,PI_6240319_AL,3.4586111111111113
2025-04-10 22:35:00,True,True,PI_6240319_AL,3.4669444444444446
2025-04-10 22:35:30,True,True,PI_6240319_AL,3.475277777777778
2025-04-10 22:36:00,True,True,PI_6240319_AL,3.483611111111111
2025-04-10 22:36:30,True,True,PI_6240319_AL,3.4919444444444445
2025-04-10 22:37:00,True,True,PI_6240319_AL,3.500277777777778
2025-04-10 22:37:30,True,True,PI_6240319_AL,3.508611111111111
2025-04-10 22:38:00,True,True,PI_6240319_AL,3.5169444444444444
2025-04-10 22:38:30,True,True,PI_6240319_AL,3.5252777777777777
2025-04-10 22:39:00,True,True,PI_6240319_AL,3.533611111111111
2025-04-10 22:39:30,True,True,PI_6240319_AL,3.5419444444444443
2025-04-10 22:40:00,True,True,PI_6240319_AL,3.5502777777777776
2025-04-10 22:40:30,True,True,PI_6240319_AL,3.558611111111111
2025-04-10 22:41:00,True,True,PI_6240319_AL,3.5669444444444443
2025-04-10 22:41:30,True,True,PI_6240319_AL,3.575277777777778
2025-04-10 22:42:00,True,True,PI_6240319_AL,3.5836111111111113
2025-04-10 22:42:30,True,True,PI_6240319_AL,3.5919444444444446
2025-04-10 22:43:00,True,True,PI_6240319_AL,3.600277777777778
2025-04-10 22:43:30,True,True,PI_6240319_AL,3.608611111111111
2025-04-10 22:44:00,True,True,PI_6240319_AL,3.6169444444444445
2025-04-10 22:44:30,True,True,PI_6240319_AL,3.625277777777778
2025-04-10 22:45:00,True,True,PI_6240319_AL,3.633611111111111
2025-04-10 22:45:30,True,True,PI_6240319_AL,3.6419444444444444
2025-04-10 22:46:00,True,True,PI_6240319_AL,3.6502777777777777
2025-04-10 22:46:30,True,True,PI_6240319_AL,3.658611111111111
2025-04-10 22:47:00,True,True,PI_6240319_AL,3.6669444444444443
2025-04-10 22:47:30,True,True,PI_6240319_AL,3.6752777777777776
2025-04-10 22:48:00,True,True,PI_6240319_AL,3.683611111111111
2025-04-10 22:48:30,True,True,PI_6240319_AL,3.6919444444444443
2025-04-10 22:49:00,True,True,PI_6240319_AL,3.700277777777778
2025-04-10 22:49:30,True,True,PI_6240319_AL,3.7086111111111113
2025-04-10 22:50:00,True,True,PI_6240319_AL,3.7169444444444446
2025-04-10 22:50:30,True,True,PI_6240319_AL,3.725277777777778
2025-04-10 22:51:00,True,True,PI_6240319_AL,3.733611111111111
2025-04-10 22:51:30,True,True,PI_6240319_AL,3.7419444444444445
2025-04-10 22:52:00,True,True,PI_6240319_AL,3.750277777777778
2025-04-10 22:52:30,True,True,PI_6240319_AL,3.758611111111111
2025-04-10 22:53:00,True,True,PI_6240319_AL,3.7669444444444444
2025-04-10 22:53:30,True,True,PI_6240319_AL,3.7752777777777777
2025-04-10 22:54:00,True,True,PI_6240319_AL,3.783611111111111
2025-04-10 22:54:30,True,True,PI_6240319_AL,3.7919444444444443
2025-04-10 22:55:00,True,True,PI_6240319_AL,3.8002777777777776
2025-04-10 22:55:30,True,True,PI_6240319_AL,3.808611111111111
2025-04-10 22:56:00,True,True,PI_6240319_AL,3.8169444444444443
2025-04-10 22:56:30,True,True,PI_6240319_AL,3.825277777777778
2025-04-10 22:57:00,True,True,PI_6240319_AL,3.8336111111111113
2025-04-10 22:57:30,True,True,PI_6240319_AL,3.8419444444444446
2025-04-10 22:58:00,True,True,PI_6240319_AL,3.850277777777778
2025-04-10 22:58:30,True,True,PI_6240319_AL,3.858611111111111
2025-04-10 22:59:00,True,True,PI_6240319_AL,3.8669444444444445
2025-04-10 22:59:30,True,True,PI_6240319_AL,3.875277777777778
2025-04-10 23:00:00,True,True,PI_6240319_AL,3.883611111111111
2025-04-10 23:00:30,True,True,PI_6240319_AL,3.8919444444444444
2025-04-10 23:01:00,True,True,PI_6240319_AL,3.9002777777777777
2025-04-10 23:01:30,True,True,PI_6240319_AL,3.908611111111111
2025-04-10 23:02:00,True,True,PI_6240319_AL,3.9169444444444443
2025-04-10 23:02:30,True,True,PI_6240319_AL,3.9252777777777776
2025-04-10 23:03:00,True,True,PI_6240319_AL,3.933611111111111
2025-04-10 23:03:30,True,True,PI_6240319_AL,3.9419444444444443
2025-04-10 23:04:00,True,True,PI_6240319_AL,3.950277777777778
2025-04-10 23:04:30,True,True,PI_6240319_AL,3.9586111111111113
2025-04-10 23:05:00,True,True,PI_6240319_AL,3.9669444444444446
2025-04-10 23:05:30,True,True,PI_6240319_AL,3.975277777777778
2025-04-10 23:06:00,True,True,PI_6240319_AL,3.983611111111111
2025-04-10 23:06:30,True,True,PI_6240319_AL,3.9919444444444445
2025-04-10 23:07:00,True,True,PI_6240319_AL,4.000277777777778
2025-04-13 14:20:30,False,True,PAL_6240315,3.980277777777778
2025-04-13 14:21:00,False,True,PAL_6240315,3.988611111111111
2025-04-13 14:21:30,False,True,PAL_6240315,3.9969444444444444
2025-04-13 14:22:00,False,True,PAL_6240315,4.005277777777778
2025-04-13 14:22:30,False,True,PAL_6240315,4.0136111111111115
2025-04-13 14:23:00,False,True,PAL_6240315,4.021944444444444
2025-04-13 14:23:30,False,True,PAL_6240315,4.030277777777778
2025-04-13 14:24:00,False,True,PAL_6240315,4.038611111111111
2025-04-13 14:24:30,False,True,PAL_6240315,4.046944444444445
2025-04-13 14:25:00,False,True,PAL_6240315,4.0552777777777775
2025-04-13 14:25:30,False,True,PAL_6240315,4.063611111111111
2025-04-13 14:26:00,False,True,PAL_6240315,4.071944444444444
2025-04-13 14:26:30,False,True,PAL_6240315,4.080277777777778
2025-04-13 14:27:00,False,True,PAL_6240315,4.088611111111111
2025-04-13 14:27:30,False,True,PAL_6240315,4.0969444444444445
2025-04-13 14:28:00,False,True,PAL_6240315,4.105277777777777
2025-04-13 14:28:30,False,True,PAL_6240315,4.113611111111111
2025-04-13 14:29:00,False,True,PAL_6240315,4.121944444444445
2025-04-13 14:29:30,False,True,PAL_6240315,4.130277777777778
2025-04-14 10:18:30,False,True,PI_6240319_AL,2.4691666666666667
2025-04-14 10:19:00,False,True,PI_6240319_AL,2.4775
2025-04-14 10:19:30,False,True,PI_6240319_AL,2.4858333333333333
2025-04-14 10:20:00,False,True,PI_6240319_AL,2.4941666666666666
2025-04-14 10:20:30,False,True,PI_6240319_AL,2.5025
2025-04-14 10:21:00,False,True,PI_6240319_AL,2.5108333333333333
2025-04-14 10:21:30,False,True,PI_6240319_AL,2.5191666666666666
2025-04-14 10:22:00,False,True,PI_6240319_AL,2.5275
2025-04-14 10:22:30,False,True,PI_6240319_AL,2.535833333333333
2025-04-14 10:23:00,False,True,PI_6240319_AL,2.5441666666666665
2025-04-14 10:23:30,False,True,PI_6240319_AL,2.5525
2025-04-14 10:24:00,False,True,PI_6240319_AL,2.5608333333333335
2025-04-14 10:24:30,False,True,PI_6240319_AL,2.569166666666667
2025-04-14 10:25:00,False,True,PI_6240319_AL,2.5775
2025-04-14 10:25:30,False,True,PI_6240319_AL,2.5858333333333334
2025-04-14 10:26:00,False,True,PI_6240319_AL,2.5941666666666667
2025-04-14 10:26:30,False,True,PI_6240319_AL,2.6025
2025-04-14 10:27:00,False,True,PI_6240319_AL,2.6108333333333333
2025-04-14 10:27:30,False,True,PI_6240319_AL,2.6191666666666666
2025-04-14 10:28:00,False,True,PI_6240319_AL,2.6275
2025-04-14 10:28:30,False,True,PI_6240319_AL,2.6358333333333333
2025-04-15 21:11:30,False,True,PI_6240319_AL,1.1236111111111111
2025-04-15 21:12:00,False,True,PI_6240319_AL,1.1152777777777778
2025-04-15 21:12:30,False,True,PI_6240319_AL,1.1069444444444445
2025-04-15 21:13:00,False,True,PI_6240319_AL,1.0986111111111112
2025-04-15 21:13:30,False,True,PI_6240319_AL,1.0902777777777777
2025-04-15 21:14:00,False,True,PI_6240319_AL,1.0819444444444444
2025-04-15 21:14:30,False,True,PI_6240319_AL,1.073611111111111
2025-04-15 21:15:00,False,True,PI_6240319_AL,1.0652777777777778
2025-04-15 21:15:30,False,True,PI_6240319_AL,1.0569444444444445
2025-04-15 21:16:00,False,True,PI_6240319_AL,1.0486111111111112
2025-04-15 21:16:30,False,True,PI_6240319_AL,1.0402777777777779
2025-04-15 21:17:00,False,True,PI_6240319_AL,1.0319444444444446
2025-04-15 21:17:30,False,True,PI_6240319_AL,1.023611111111111
2025-04-15 21:18:00,False,True,PI_6240319_AL,1.0152777777777777
2025-04-15 21:18:30,False,True,PI_6240319_AL,1.0069444444444444
2025-04-15 21:19:00,False,True,PI_6240319_AL,0.9986111111111111
2025-04-15 22:42:00,False,True,PI_6240319_AL,0.38472222222222224
2025-04-15 22:42:30,False,True,PI_6240319_AL,0.39305555555555555
2025-04-15 22:43:00,False,True,PI_6240319_AL,0.4013888888888889
2025-04-15 22:43:30,False,True,PI_6240319_AL,0.4097222222222222
2025-04-16 17:13:00,False,True,PI_6240319_AL,9.919444444444444
2025-04-16 17:13:30,False,True,PI_6240319_AL,9.927777777777777
2025-04-16 17:14:00,False,True,PI_6240319_AL,9.936111111111112
2025-04-16 17:14:30,False,True,PI_6240319_AL,9.944444444444445
2025-04-16 17:15:00,False,True,PI_6240319_AL,9.952777777777778
2025-04-16 17:15:30,False,True,PI_6240319_AL,9.96111111111111
2025-04-16 17:16:00,False,True,PI_6240319_AL,9.969444444444445
2025-04-16 17:16:30,False,True,PI_6240319_AL,9.977777777777778
2025-04-16 17:17:00,False,True,PI_6240319_AL,9.98611111111111
2025-04-17 07:36:30,True,True,PI_6240319_AL,0.895
2025-04-17 07:37:00,True,True,PI_6240319_AL,0.9033333333333333
2025-04-17 07:37:30,True,True,PI_6240319_AL,0.9116666666666666
2025-04-17 07:38:00,True,True,PI_6240319_AL,0.92
2025-04-17 07:38:30,True,True,PI_6240319_AL,0.9283333333333333
2025-04-17 07:39:00,True,True,PI_6240319_AL,0.9366666666666666
2025-04-17 07:39:30,True,True,PI_6240319_AL,0.945
2025-04-17 07:40:00,True,True,PI_6240319_AL,0.9533333333333334
2025-04-17 07:40:30,True,True,PI_6240319_AL,0.9616666666666667
2025-04-17 07:41:00,True,True,PI_6240319_AL,0.97
2025-04-17 07:41:30,True,True,PI_6240319_AL,0.9783333333333334
2025-04-17 07:42:00,True,True,PI_6240319_AL,0.9866666666666667
2025-04-17 09:15:30,True,True,PI_6240319_AL,0.5080555555555556
2025-04-17 11:10:30,True,True,PI_6240319_AL,0.7944444444444444
2025-04-17 11:11:00,True,True,PI_6240319_AL,0.8027777777777778
2025-04-17 11:11:30,True,True,PI_6240319_AL,0.8111111111111111
2025-04-17 11:12:00,True,True,PI_6240319_AL,0.8194444444444444
2025-04-17 14:02:00,True,True,PI_6240319_AL,1.795
2025-04-17 14:02:30,True,True,PI_6240319_AL,1.7866666666666666
2025-04-17 14:03:00,True,True,PI_6240319_AL,1.7783333333333333
2025-04-17 14:03:30,True,True,PI_6240319_AL,1.77
2025-04-17 14:04:00,True,True,PI_6240319_AL,1.7616666666666667
2025-04-17 14:04:30,True,True,PI_6240319_AL,1.7533333333333334
2025-04-17 14:05:00,True,True,PI_6240319_AL,1.745
2025-04-17 14:05:30,True,True,PI_6240319_AL,1.7366666666666666
2025-04-17 14:06:00,True,True,PI_6240319_AL,1.7283333333333333
2025-04-17 14:06:30,True,True,PI_6240319_AL,1.72
2025-04-17 14:07:00,True,True,PI_6240319_AL,1.7116666666666667
2025-04-17 14:07:30,True,True,PI_6240319_AL,1.7033333333333334
2025-04-17 14:08:00,True,True,PI_6240319_AL,1.695
2025-04-17 14:08:30,True,True,PI_6240319_AL,1.6866666666666668
2025-04-17 14:09:00,True,True,PI_6240319_AL,1.6783333333333332
2025-04-17 14:09:30,True,True,PI_6240319_AL,1.67
2025-04-17 14:10:00,True,True,PI_6240319_AL,1.6616666666666666
2025-04-17 14:10:30,True,True,PI_6240319_AL,1.6533333333333333
2025-04-17 14:11:00,True,True,PI_6240319_AL,1.645
2025-04-17 14:11:30,True,True,PI_6240319_AL,1.6366666666666667
2025-04-17 16:53:30,True,True,PI_6240319_AL,1.0633333333333332
2025-04-17 16:54:00,True,True,PI_6240319_AL,1.0716666666666668
2025-04-17 16:54:30,True,True,PI_6240319_AL,1.08
2025-04-17 16:55:00,True,True,PI_6240319_AL,1.0883333333333334
2025-04-17 16:55:30,True,True,PI_6240319_AL,1.0966666666666667
2025-04-17 16:56:00,True,True,PI_6240319_AL,1.105
2025-04-17 19:51:30,True,True,PAL_6240315,1.9752777777777777
2025-04-17 19:52:00,True,True,PAL_6240315,1.9669444444444444
2025-04-17 19:52:30,True,True,PAL_6240315,1.958611111111111
2025-04-17 19:53:00,True,True,PAL_6240315,1.9502777777777778
2025-04-17 19:53:30,True,True,PAL_6240315,1.9419444444444445
2025-04-17 19:54:00,True,True,PAL_6240315,1.9336111111111112
2025-04-17 19:54:30,True,True,PAL_6240315,1.9252777777777779
2025-04-17 19:55:00,True,True,PAL_6240315,1.9169444444444443
2025-04-17 19:55:30,True,True,PAL_6240315,1.908611111111111
2025-04-18 01:55:00,True,True,PDAL_6240302,1.2955555555555556
2025-04-18 01:55:30,True,True,PDAL_6240302,1.3038888888888889
2025-04-18 01:56:00,True,True,PDAL_6240302,1.3122222222222222
2025-04-18 01:56:30,True,True,PDAL_6240302,1.3205555555555555
2025-04-18 01:57:00,True,True,PDAL_6240302,1.3288888888888888
2025-04-18 01:57:30,True,True,PDAL_6240302,1.3372222222222223
2025-04-18 01:58:00,True,True,PDAL_6240302,1.3455555555555556
2025-04-18 01:58:30,True,True,PDAL_6240302,1.353888888888889
2025-04-18 01:59:00,True,True,PDAL_6240302,1.3622222222222222
2025-04-18 01:59:30,True,True,PDAL_6240302,1.3705555555555555
2025-04-18 15:26:30,True,True,PI_6240319_AL,1.2766666666666666
2025-04-18 15:27:00,True,True,PI_6240319_AL,1.2683333333333333
2025-04-18 15:27:30,True,True,PI_6240319_AL,1.26
2025-04-18 15:28:00,True,True,PI_6240319_AL,1.2516666666666667
2025-04-18 15:28:30,True,True,PI_6240319_AL,1.2433333333333334
2025-04-18 15:29:00,True,True,PI_6240319_AL,1.235
2025-04-18 15:29:30,True,True,PI_6240319_AL,1.2266666666666666
2025-04-18 15:30:00,True,True,PI_6240319_AL,1.2183333333333333
2025-04-18 15:30:30,True,True,PI_6240319_AL,1.21
2025-04-18 15:31:00,True,True,PI_6240319_AL,1.2016666666666667
2025-04-18 15:31:30,True,True,PI_6240319_AL,1.1933333333333334
2025-04-18 15:32:00,True,True,PI_6240319_AL,1.185
2025-04-18 15:32:30,True,True,PI_6240319_AL,1.1766666666666667
2025-04-18 15:33:00,True,True,PI_6240319_AL,1.1683333333333332
2025-04-18 15:33:30,True,True,PI_6240319_AL,1.16
2025-04-18 15:34:00,True,True,PI_6240319_AL,1.1516666666666666
2025-04-18 15:34:30,True,True,PI_6240319_AL,1.1433333333333333
2025-04-18 15:35:00,True,True,PI_6240319_AL,1.135
2025-04-18 15:35:30,True,True,PI_6240319_AL,1.1266666666666667
2025-04-19 11:13:00,True,True,PDAL_6240302,2.486666666666667
2025-04-19 11:13:30,True,True,PDAL_6240302,2.4783333333333335
2025-04-19 11:14:00,True,True,PDAL_6240302,2.47
2025-04-19 11:14:30,True,True,PDAL_6240302,2.4616666666666664
2025-04-19 11:15:00,True,True,PDAL_6240302,2.453333333333333
2025-04-19 11:15:30,True,True,PDAL_6240302,2.445
2025-04-19 11:16:00,True,True,PDAL_6240302,2.4366666666666665
2025-04-19 11:16:30,True,True,PDAL_6240302,2.4283333333333332
2025-04-19 11:17:00,True,True,PDAL_6240302,2.42
2025-04-19 11:17:30,True,True,PDAL_6240302,2.4116666666666666
2025-04-19 11:18:00,True,True,PDAL_6240302,2.4033333333333333
2025-04-19 11:18:30,True,True,PDAL_6240302,2.395
2025-04-19 11:19:00,True,True,PDAL_6240302,2.3866666666666667
2025-04-19 11:19:30,True,True,PDAL_6240302,2.3783333333333334
2025-04-19 11:20:00,True,True,PDAL_6240302,2.37
2025-04-19 11:20:30,True,True,PDAL_6240302,2.361666666666667
2025-04-19 11:21:00,True,True,PDAL_6240302,2.3533333333333335
2025-04-19 11:21:30,True,True,PDAL_6240302,2.345
2025-04-19 11:22:00,True,True,PDAL_6240302,2.3366666666666664
2025-04-19 11:22:30,True,True,PDAL_6240302,2.328333333333333
2025-04-19 11:23:00,True,True,PDAL_6240302,2.32
2025-04-19 11:23:30,True,True,PDAL_6240302,2.3116666666666665
2025-04-19 11:24:00,True,True,PDAL_6240302,2.3033333333333332
2025-04-19 11:24:30,True,True,PDAL_6240302,2.295
2025-04-19 11:25:00,True,True,PDAL_6240302,2.2866666666666666
2025-04-19 11:25:30,True,True,PDAL_6240302,2.2783333333333333
2025-04-19 11:26:00,True,True,PDAL_6240302,2.27
2025-04-19 11:26:30,True,True,PDAL_6240302,2.2616666666666667
2025-04-19 11:27:00,True,True,PDAL_6240302,2.2533333333333334
2025-04-19 11:27:30,True,True,PDAL_6240302,2.245
2025-04-19 11:28:00,True,True,PDAL_6240302,2.236666666666667
2025-04-19 11:28:30,True,True,PDAL_6240302,2.2283333333333335
2025-04-19 11:29:00,True,True,PDAL_6240302,2.22
2025-04-19 11:29:30,True,True,PDAL_6240302,2.2116666666666664
2025-04-19 11:30:00,True,True,PDAL_6240302,2.203333333333333
2025-04-19 11:30:30,True,True,PDAL_6240302,2.195
2025-04-19 11:31:00,True,True,PDAL_6240302,2.1866666666666665
2025-04-19 11:31:30,True,True,PDAL_6240302,2.1783333333333332
2025-04-19 11:32:00,True,True,PDAL_6240302,2.17
2025-04-19 11:32:30,True,True,PDAL_6240302,2.1616666666666666
2025-04-19 11:33:00,True,True,PDAL_6240302,2.1533333333333333
2025-04-19 11:33:30,True,True,PDAL_6240302,2.145
2025-04-19 11:34:00,True,True,PDAL_6240302,2.1366666666666667
2025-04-19 11:34:30,True,True,PDAL_6240302,2.1283333333333334
2025-04-19 11:35:00,True,True,PDAL_6240302,2.12
2025-04-19 15:12:30,True,True,PDAL_6240302,1.1952777777777779
2025-04-19 15:13:00,True,True,PDAL_6240302,1.1869444444444444
2025-04-22 12:41:00,False,True,PAL_6240315,4.028888888888889
2025-04-22 12:41:30,False,True,PAL_6240315,4.037222222222222
2025-04-22 12:42:00,False,True,PAL_6240315,4.045555555555556
2025-04-22 12:42:30,False,True,PAL_6240315,4.053888888888889
2025-04-22 12:43:00,False,True,PAL_6240315,4.062222222222222
2025-04-22 12:43:30,False,True,PAL_6240315,4.070555555555556
2025-04-22 12:44:00,False,True,PAL_6240315,4.078888888888889
2025-04-22 12:44:30,False,True,PAL_6240315,4.0872222222222225
2025-04-22 12:45:00,False,True,PAL_6240315,4.095555555555555
2025-04-23 08:39:30,False,True,PAL_6240315,3.951111111111111
2025-04-23 08:40:00,False,True,PAL_6240315,3.9427777777777777
2025-04-23 08:40:30,False,True,PAL_6240315,3.9344444444444444
2025-04-23 08:41:00,False,True,PAL_6240315,3.926111111111111
2025-04-23 08:41:30,False,True,PAL_6240315,3.917777777777778
2025-04-23 08:42:00,False,True,PAL_6240315,3.9094444444444445
2025-04-23 08:42:30,False,True,PAL_6240315,3.901111111111111
2025-04-23 08:43:00,False,True,PAL_6240315,3.892777777777778
2025-04-23 08:43:30,False,True,PAL_6240315,3.8844444444444446
2025-04-26 05:26:00,False,True,PAL_6240315,3.9791666666666665
2025-04-26 05:26:30,False,True,PAL_6240315,3.9875
2025-04-26 05:27:00,False,True,PAL_6240315,3.995833333333333
2025-04-26 05:27:30,False,True,PAL_6240315,4.004166666666666
2025-04-26 05:28:00,False,True,PAL_6240315,4.0125
2025-04-26 05:28:30,False,True,PAL_6240315,4.020833333333333
2025-04-26 05:29:00,False,True,PAL_6240315,4.029166666666667
2025-04-26 05:29:30,False,True,PAL_6240315,4.0375
2025-04-26 05:30:00,False,True,PAL_6240315,4.045833333333333
2025-04-26 05:30:30,False,True,PAL_6240315,4.054166666666666
2025-04-26 05:31:00,False,True,PAL_6240315,4.0625
2025-04-26 05:31:30,False,True,PAL_6240315,4.070833333333334
2025-04-26 05:32:00,False,True,PAL_6240315,4.079166666666667
2025-04-27 12:30:00,False,True,PI_6240319_AL,4.348055555555556
2025-04-27 12:30:30,False,True,PI_6240319_AL,4.356388888888889
2025-04-27 14:02:30,False,True,PDAL_6240302,5.629444444444444
2025-04-27 14:03:00,False,True,PDAL_6240302,5.621111111111111
2025-04-27 14:03:30,False,True,PDAL_6240302,5.612777777777778
2025-04-27 14:04:00,False,True,PDAL_6240302,5.604444444444445
2025-04-27 14:04:30,False,True,PDAL_6240302,5.596111111111111
2025-04-27 14:05:00,False,True,PDAL_6240302,5.587777777777778
2025-04-27 14:05:30,False,True,PDAL_6240302,5.579444444444444
2025-04-27 14:06:00,False,True,PDAL_6240302,5.571111111111111
2025-04-27 14:06:30,False,True,PDAL_6240302,5.562777777777778
2025-04-27 14:07:00,False,True,PDAL_6240302,5.554444444444444
2025-04-27 23:47:00,False,True,PAL_6240315,3.9616666666666664
2025-04-27 23:47:30,False,True,PAL_6240315,3.97
2025-04-27 23:48:00,False,True,PAL_6240315,3.9783333333333335
2025-04-27 23:48:30,False,True,PAL_6240315,3.986666666666667
2025-04-27 23:49:00,False,True,PAL_6240315,3.995
2025-04-27 23:49:30,False,True,PAL_6240315,4.003333333333333
2025-04-27 23:50:00,False,True,PAL_6240315,4.011666666666667
2025-04-27 23:50:30,False,True,PAL_6240315,4.02
2025-04-27 23:51:00,False,True,PAL_6240315,4.028333333333333
2025-04-27 23:51:30,False,True,PAL_6240315,4.036666666666667
2025-04-27 23:52:00,False,True,PAL_6240315,4.045
2025-04-27 23:52:30,False,True,PAL_6240315,4.053333333333334
2025-04-27 23:53:00,False,True,PAL_6240315,4.0616666666666665
2025-04-27 23:53:30,False,True,PAL_6240315,4.07
2025-04-27 23:54:00,False,True,PAL_6240315,4.078333333333333
2025-04-27 23:54:30,False,True,PAL_6240315,4.086666666666667
2025-04-27 23:55:00,False,True,PAL_6240315,4.095
2025-04-28 19:45:30,False,True,TAH_6240305,6.935833333333333
2025-04-28 19:46:00,False,True,TAH_6240305,6.9275
2025-04-28 19:46:30,False,True,TAH_6240305,6.9191666666666665
2025-04-28 19:47:00,False,True,TAH_6240305,6.910833333333334
2025-04-28 19:47:30,False,True,TAH_6240305,6.9025
2025-04-28 19:48:00,False,True,TAH_6240305,6.894166666666667
2025-04-28 19:48:30,False,True,TAH_6240305,6.885833333333333
2025-04-28 19:49:00,False,True,TAH_6240305,6.8775
2025-04-28 19:49:30,False,True,TAH_6240305,6.869166666666667
2025-04-28 19:50:00,False,True,TAH_6240305,6.860833333333333
2025-04-28 19:50:30,False,True,TAH_6240305,6.8525
2025-04-28 19:51:00,False,True,TAH_6240305,6.844166666666666
2025-04-28 19:51:30,False,True,TAH_6240305,6.835833333333333
2025-04-28 19:52:00,False,True,TAH_6240305,6.8275
2025-04-28 19:52:30,False,True,TAH_6240305,6.819166666666667
2025-04-28 19:53:00,False,True,TAH_6240305,6.810833333333333
2025-04-28 19:53:30,False,True,TAH_6240305,6.8025
2025-04-28 19:54:00,False,True,TAH_6240305,6.7941666666666665
2025-05-22 19:45:00,True,True,PAL_6240315,3.943888888888889
2025-05-22 19:45:30,True,True,PAL_6240315,3.9522222222222223
2025-05-22 19:46:00,True,True,PAL_6240315,3.9605555555555556
2025-05-22 19:46:30,True,True,PAL_6240315,3.968888888888889
2025-05-22 19:47:00,True,True,PAL_6240315,3.977222222222222
2025-05-22 19:47:30,True,True,PAL_6240315,3.9855555555555555
2025-05-22 19:48:00,True,True,PAL_6240315,3.993888888888889
2025-05-22 19:48:30,True,True,PAL_6240315,4.002222222222223
2025-05-22 19:49:00,True,True,PAL_6240315,4.010555555555555
2025-05-22 19:49:30,True,True,PAL_6240315,4.018888888888889
2025-05-22 19:50:00,True,True,PAL_6240315,4.027222222222222
2025-05-22 19:50:30,True,True,PAL_6240315,4.035555555555556
2025-05-27 00:12:00,True,True,PI_6240319_AL,2.6733333333333333
2025-05-27 00:12:30,True,True,PI_6240319_AL,2.6816666666666666
2025-05-27 00:13:00,True,True,PI_6240319_AL,2.69
2025-05-27 00:13:30,True,True,PI_6240319_AL,2.6983333333333333
2025-05-27 00:14:00,True,True,PI_6240319_AL,2.7066666666666666
2025-05-27 00:14:30,True,True,PI_6240319_AL,2.715
2025-05-27 00:15:00,True,True,PI_6240319_AL,2.723333333333333
2025-05-27 00:15:30,True,True,PI_6240319_AL,2.7316666666666665
2025-05-27 00:16:00,True,True,PI_6240319_AL,2.74
2025-05-28 19:22:00,True,True,TC382_03_A,17.362222222222222
2025-05-28 19:22:30,True,True,TC382_03_A,17.35388888888889
2025-05-28 19:23:00,True,True,TC382_03_A,17.345555555555556
2025-05-28 19:23:30,True,True,TC382_03_A,17.337222222222223
2025-05-28 19:24:00,True,True,TC382_03_A,17.32888888888889
2025-05-28 19:24:30,True,True,TC382_03_A,17.320555555555554
2025-05-28 19:25:00,True,True,TC382_03_A,17.31222222222222
2025-05-28 19:25:30,True,True,TC382_03_A,17.30388888888889
2025-05-28 19:26:00,True,True,TC382_03_A,17.295555555555556
2025-05-28 19:26:30,True,True,TC382_03_A,17.287222222222223
2025-05-29 22:12:00,True,True,TC382_03_A,9.47
2025-05-29 22:12:30,True,True,TC382_03_A,9.478333333333333
2025-05-29 22:13:00,True,True,TC382_03_A,9.486666666666666
2025-05-29 22:13:30,True,True,TC382_03_A,9.495
2025-05-29 22:14:00,True,True,TC382_03_A,9.503333333333334
2025-05-29 22:14:30,True,True,TC382_03_A,9.511666666666667
2025-05-29 22:15:00,True,True,TC382_03_A,9.52
2025-05-29 22:15:30,True,True,TC382_03_A,9.528333333333334
2025-05-30 18:01:00,True,True,PI_6240319_AL,6.237222222222222
2025-05-30 18:01:30,True,True,PI_6240319_AL,6.245555555555556
2025-05-30 18:02:00,True,True,PI_6240319_AL,6.253888888888889
2025-05-30 18:02:30,True,True,PI_6240319_AL,6.262222222222222
2025-05-30 18:03:00,True,True,PI_6240319_AL,6.270555555555555
2025-05-30 18:03:30,True,True,PI_6240319_AL,6.278888888888889
2025-05-30 18:04:00,True,True,PI_6240319_AL,6.287222222222222
2025-05-30 18:04:30,True,True,PI_6240319_AL,6.295555555555556
2025-05-30 18:05:00,True,True,PI_6240319_AL,6.303888888888889
2025-05-30 22:14:30,True,True,TC382_03_A,7.9625
2025-05-30 22:15:00,True,True,TC382_03_A,7.954166666666667
2025-05-30 22:15:30,True,True,TC382_03_A,7.945833333333334
2025-05-30 22:16:00,True,True,TC382_03_A,7.9375
2025-05-30 22:16:30,True,True,TC382_03_A,7.929166666666666
2025-05-30 22:17:00,True,True,TC382_03_A,7.920833333333333
2025-05-30 22:17:30,True,True,TC382_03_A,7.9125
2025-05-30 22:18:00,True,True,TC382_03_A,7.904166666666667
2025-05-30 22:18:30,True,True,TC382_03_A,7.895833333333333
2025-05-30 22:19:00,True,True,TC382_03_A,7.8875
2025-05-31 06:12:00,True,True,TC382_03_A,0.004166666666666667
2025-05-31 06:12:30,True,True,TC382_03_A,0.0025
2025-05-31 17:20:00,True,True,PI_6240319_AL,7.657222222222222
2025-05-31 17:20:30,True,True,PI_6240319_AL,7.648888888888889
2025-06-01 23:34:30,True,True,PAL_6240315,4.915555555555556
2025-06-21 00:13:30,True,True,PI_6240319_AL,1.4036111111111111
2025-06-21 00:14:00,True,True,PI_6240319_AL,1.4119444444444444
2025-06-21 00:14:30,True,True,PI_6240319_AL,1.4202777777777778
2025-06-21 00:15:00,True,True,PI_6240319_AL,1.428611111111111
2025-06-21 00:15:30,True,True,PI_6240319_AL,1.4369444444444444
2025-06-21 00:16:00,True,True,PI_6240319_AL,1.4452777777777779
2025-06-21 00:16:30,True,True,PI_6240319_AL,1.4536111111111112
2025-06-21 00:17:00,True,True,PI_6240319_AL,1.4619444444444445
2025-06-21 00:17:30,True,True,PI_6240319_AL,1.4702777777777778
2025-07-01 03:14:30,False,True,PAL_6240315,2.731388888888889
2025-07-01 03:15:00,False,True,PAL_6240315,2.7397222222222224
2025-07-01 03:15:30,False,True,PAL_6240315,2.7480555555555557
2025-07-01 03:16:00,False,True,PAL_6240315,2.756388888888889
2025-07-01 03:16:30,False,True,PAL_6240315,2.7647222222222223
2025-07-01 03:17:00,False,True,PAL_6240315,2.7730555555555556
2025-07-01 03:17:30,False,True,PAL_6240315,2.781388888888889
2025-07-01 03:18:00,False,True,PAL_6240315,2.789722222222222
2025-07-01 03:18:30,False,True,PAL_6240315,2.7980555555555555
2025-07-01 03:19:00,False,True,PAL_6240315,2.806388888888889
2025-07-01 03:19:30,False,True,PAL_6240315,2.814722222222222
2025-07-01 03:20:00,False,True,PAL_6240315,2.8230555555555554
2025-07-01 03:20:30,False,True,PAL_6240315,2.8313888888888887
2025-07-01 03:21:00,False,True,PAL_6240315,2.839722222222222
2025-07-01 03:21:30,False,True,PAL_6240315,2.8480555555555553
2025-07-01 03:22:00,False,True,PAL_6240315,2.856388888888889
2025-07-01 23:16:30,False,True,PI_6240319_AL,9.626944444444444
2025-07-01 23:17:00,False,True,PI_6240319_AL,9.635277777777778
2025-07-01 23:17:30,False,True,PI_6240319_AL,9.643611111111111
2025-07-01 23:18:00,False,True,PI_6240319_AL,9.651944444444444
2025-07-01 23:18:30,False,True,PI_6240319_AL,9.660277777777777
2025-07-01 23:19:00,False,True,PI_6240319_AL,9.668611111111112
2025-07-01 23:19:30,False,True,PI_6240319_AL,9.676944444444445
2025-07-01 23:20:00,False,True,PI_6240319_AL,9.685277777777777
2025-07-01 23:20:30,False,True,PI_6240319_AL,9.69361111111111
2025-07-01 23:21:00,False,True,PI_6240319_AL,9.701944444444445
2025-07-02 00:39:30,False,True,PI_6240319_AL,11.010277777777778
2025-07-02 01:37:30,False,True,PI_6240319_AL,11.976944444444445
2025-07-02 01:38:00,False,True,PI_6240319_AL,11.985277777777778
2025-07-02 01:38:30,False,True,PI_6240319_AL,11.993611111111111
2025-07-02 01:39:00,False,True,PI_6240319_AL,12.001944444444444
2025-07-24 17:16:30,True,True,PI_6240319_AL,1.0158333333333334
2025-07-24 17:17:00,True,True,PI_6240319_AL,1.0241666666666667
2025-07-24 17:17:30,True,True,PI_6240319_AL,1.0325
2025-07-24 17:18:00,True,True,PI_6240319_AL,1.0408333333333333
2025-07-24 17:18:30,True,True,PI_6240319_AL,1.0491666666666666
2025-07-24 17:19:00,True,True,PI_6240319_AL,1.0575
2025-07-24 17:19:30,True,True,PI_6240319_AL,1.0658333333333334
2025-07-24 17:20:00,True,True,PI_6240319_AL,1.0741666666666667
2025-07-24 17:20:30,True,True,PI_6240319_AL,1.0825
2025-07-24 17:21:00,True,True,PI_6240319_AL,1.0908333333333333
2025-07-24 17:21:30,True,True,PI_6240319_AL,1.0991666666666666
2025-07-24 17:22:00,True,True,PI_6240319_AL,1.1075
2025-07-24 17:22:30,True,True,PI_6240319_AL,1.1158333333333332
2025-07-24 17:23:00,True,True,PI_6240319_AL,1.1241666666666668
2025-07-24 17:23:30,True,True,PI_6240319_AL,1.1325
2025-07-24 17:24:00,True,True,PI_6240319_AL,1.1408333333333334
2025-07-24 17:24:30,True,True,PI_6240319_AL,1.1491666666666667
2025-07-24 17:25:00,True,True,PI_6240319_AL,1.1575
2025-07-24 17:25:30,True,True,PI_6240319_AL,1.1658333333333333
2025-07-24 17:26:00,True,True,PI_6240319_AL,1.1741666666666666
2025-07-24 17:26:30,True,True,PI_6240319_AL,1.1825
2025-07-24 17:27:00,True,True,PI_6240319_AL,1.1908333333333334
2025-07-24 17:27:30,True,True,PI_6240319_AL,1.1991666666666667
2025-07-24 17:28:00,True,True,PI_6240319_AL,1.2075
2025-07-24 17:28:30,True,True,PI_6240319_AL,1.2158333333333333
2025-07-24 17:29:00,True,True,PI_6240319_AL,1.2241666666666666
2025-07-24 17:29:30,True,True,PI_6240319_AL,1.2325
2025-07-24 17:30:00,True,True,PI_6240319_AL,1.2408333333333332
2025-07-24 17:30:30,True,True,PI_6240319_AL,1.2491666666666668
2025-07-24 17:31:00,True,True,PI_6240319_AL,1.2575
2025-07-24 17:31:30,True,True,PI_6240319_AL,1.2658333333333334
2025-07-24 17:32:00,True,True,PI_6240319_AL,1.2741666666666667
2025-07-24 17:32:30,True,True,PI_6240319_AL,1.2825
2025-07-24 17:33:00,True,True,PI_6240319_AL,1.2908333333333333
2025-07-24 17:33:30,True,True,PI_6240319_AL,1.2991666666666666
2025-07-24 17:34:00,True,True,PI_6240319_AL,1.3075
2025-07-24 17:34:30,True,True,PI_6240319_AL,1.3158333333333334
2025-07-24 17:35:00,True,True,PI_6240319_AL,1.3241666666666667
2025-07-24 17:35:30,True,True,PI_6240319_AL,1.3325
2025-07-24 17:36:00,True,True,PI_6240319_AL,1.3408333333333333
2025-07-24 17:36:30,True,True,PI_6240319_AL,1.3491666666666666
2025-07-24 17:37:00,True,True,PI_6240319_AL,1.3575
2025-07-24 17:37:30,True,True,PI_6240319_AL,1.3658333333333332
2025-07-24 17:38:00,True,True,PI_6240319_AL,1.3741666666666668
2025-07-24 17:38:30,True,True,PI_6240319_AL,1.3825
2025-07-24 17:39:00,True,True,PI_6240319_AL,1.3908333333333334
2025-07-24 17:39:30,True,True,PI_6240319_AL,1.3991666666666667
2025-07-24 17:40:00,True,True,PI_6240319_AL,1.4075
2025-07-24 17:40:30,True,True,PI_6240319_AL,1.4158333333333333
2025-07-24 17:41:00,True,True,PI_6240319_AL,1.4241666666666666
2025-07-24 17:41:30,True,True,PI_6240319_AL,1.4325
2025-07-24 17:42:00,True,True,PI_6240319_AL,1.4408333333333334
2025-07-24 17:42:30,True,True,PI_6240319_AL,1.4491666666666667
2025-07-24 17:43:00,True,True,PI_6240319_AL,1.4575
2025-07-24 17:43:30,True,True,PI_6240319_AL,1.4658333333333333
2025-07-24 17:44:00,True,True,PI_6240319_AL,1.4741666666666666
2025-07-24 17:44:30,True,True,PI_6240319_AL,1.4825
2025-07-24 17:45:00,True,True,PI_6240319_AL,1.4908333333333332
2025-07-24 17:45:30,True,True,PI_6240319_AL,1.4991666666666668
2025-07-24 17:46:00,True,True,PI_6240319_AL,1.5075
2025-07-24 17:46:30,True,True,PI_6240319_AL,1.5158333333333334
2025-07-24 17:47:00,True,True,PI_6240319_AL,1.5241666666666667
2025-07-24 17:47:30,True,True,PI_6240319_AL,1.5325
2025-07-24 17:48:00,True,True,PI_6240319_AL,1.5408333333333333
2025-07-24 17:48:30,True,True,PI_6240319_AL,1.5491666666666666
2025-07-24 17:49:00,True,True,PI_6240319_AL,1.5575
2025-07-24 17:49:30,True,True,PI_6240319_AL,1.5658333333333334
2025-07-24 17:50:00,True,True,PI_6240319_AL,1.5741666666666667
2025-07-24 17:50:30,True,True,PI_6240319_AL,1.5825
2025-07-24 17:51:00,True,True,PI_6240319_AL,1.5908333333333333
2025-07-24 17:51:30,True,True,PI_6240319_AL,1.5991666666666666
2025-07-24 17:52:00,True,True,PI_6240319_AL,1.6075
2025-07-24 17:52:30,True,True,PI_6240319_AL,1.6158333333333332
2025-07-24 17:53:00,True,True,PI_6240319_AL,1.6241666666666668
2025-07-24 17:53:30,True,True,PI_6240319_AL,1.6325
2025-07-24 17:54:00,True,True,PI_6240319_AL,1.6408333333333334
2025-07-24 17:54:30,True,True,PI_6240319_AL,1.6491666666666667
2025-07-24 17:55:00,True,True,PI_6240319_AL,1.6575
2025-07-24 17:55:30,True,True,PI_6240319_AL,1.6658333333333333
2025-07-24 17:56:00,True,True,PI_6240319_AL,1.6741666666666666
2025-07-24 17:56:30,True,True,PI_6240319_AL,1.6825
2025-07-24 17:57:00,True,True,PI_6240319_AL,1.6908333333333334
2025-07-24 17:57:30,True,True,PI_6240319_AL,1.6991666666666667
2025-07-24 17:58:00,True,True,PI_6240319_AL,1.7075
2025-07-24 17:58:30,True,True,PI_6240319_AL,1.7158333333333333
2025-07-24 17:59:00,True,True,PI_6240319_AL,1.7241666666666666
2025-07-24 17:59:30,True,True,PI_6240319_AL,1.7325
2025-07-24 18:00:00,True,True,PI_6240319_AL,1.7408333333333332
2025-07-24 18:00:30,True,True,PI_6240319_AL,1.7491666666666668
2025-07-24 18:01:00,True,True,PI_6240319_AL,1.7575
2025-07-24 18:01:30,True,True,PI_6240319_AL,1.7658333333333334
2025-07-24 18:02:00,True,True,PI_6240319_AL,1.7741666666666667
2025-07-24 18:02:30,True,True,PI_6240319_AL,1.7825
2025-07-24 18:03:00,True,True,PI_6240319_AL,1.7908333333333333
2025-07-24 18:03:30,True,True,PI_6240319_AL,1.7991666666666666
2025-07-24 18:04:00,True,True,PI_6240319_AL,1.8075
2025-07-24 18:04:30,True,True,PI_6240319_AL,1.8158333333333334
2025-07-24 18:05:00,True,True,PI_6240319_AL,1.8241666666666667
2025-07-24 18:05:30,True,True,PI_6240319_AL,1.8325
2025-07-24 18:06:00,True,True,PI_6240319_AL,1.8408333333333333
2025-07-24 18:06:30,True,True,PI_6240319_AL,1.8491666666666666
2025-07-24 18:07:00,True,True,PI_6240319_AL,1.8575
2025-07-24 18:07:30,True,True,PI_6240319_AL,1.8658333333333332
2025-07-24 18:08:00,True,True,PI_6240319_AL,1.8741666666666668
2025-07-24 18:08:30,True,True,PI_6240319_AL,1.8825
2025-07-24 18:09:00,True,True,PI_6240319_AL,1.8908333333333334
2025-07-24 18:09:30,True,True,PI_6240319_AL,1.8991666666666667
2025-07-24 18:10:00,True,True,PI_6240319_AL,1.9075
2025-07-24 18:10:30,True,True,PI_6240319_AL,1.9158333333333333
2025-07-24 18:11:00,True,True,PI_6240319_AL,1.9241666666666666
2025-07-24 18:11:30,True,True,PI_6240319_AL,1.9325
2025-07-24 18:12:00,True,True,PI_6240319_AL,1.9408333333333334
2025-07-24 18:12:30,True,True,PI_6240319_AL,1.9491666666666667
2025-07-24 18:13:00,True,True,PI_6240319_AL,1.9575
2025-07-24 18:13:30,True,True,PI_6240319_AL,1.9658333333333333
2025-07-24 18:14:00,True,True,PI_6240319_AL,1.9741666666666666
2025-07-24 18:14:30,True,True,PI_6240319_AL,1.9825
2025-07-24 18:15:00,True,True,PI_6240319_AL,1.9908333333333332
2025-07-24 18:15:30,True,True,PI_6240319_AL,1.9991666666666668
2025-07-24 18:16:00,True,True,PI_6240319_AL,2.0075
2025-07-24 18:16:30,True,True,PI_6240319_AL,2.015833333333333
2025-07-24 18:17:00,True,True,PI_6240319_AL,2.0241666666666664
2025-07-24 18:17:30,True,True,PI_6240319_AL,2.0325
2025-07-24 18:18:00,True,True,PI_6240319_AL,2.0408333333333335
2025-07-24 18:18:30,True,True,PI_6240319_AL,2.049166666666667
2025-07-24 18:19:00,True,True,PI_6240319_AL,2.0575
2025-07-24 18:19:30,True,True,PI_6240319_AL,2.0658333333333334
2025-07-24 18:20:00,True,True,PI_6240319_AL,2.0741666666666667
2025-07-24 18:20:30,True,True,PI_6240319_AL,2.0825
2025-07-24 18:21:00,True,True,PI_6240319_AL,2.0908333333333333
2025-07-24 18:21:30,True,True,PI_6240319_AL,2.0991666666666666
2025-07-24 18:22:00,True,True,PI_6240319_AL,2.1075
2025-07-24 18:22:30,True,True,PI_6240319_AL,2.1158333333333332
2025-07-24 18:23:00,True,True,PI_6240319_AL,2.1241666666666665
2025-07-24 18:23:30,True,True,PI_6240319_AL,2.1325
2025-07-24 18:24:00,True,True,PI_6240319_AL,2.140833333333333
2025-07-24 18:24:30,True,True,PI_6240319_AL,2.1491666666666664
2025-07-24 18:25:00,True,True,PI_6240319_AL,2.1575
2025-07-24 18:25:30,True,True,PI_6240319_AL,2.1658333333333335
2025-07-24 18:26:00,True,True,PI_6240319_AL,2.174166666666667
2025-07-24 18:26:30,True,True,PI_6240319_AL,2.1825
2025-07-24 18:27:00,True,True,PI_6240319_AL,2.1908333333333334
2025-07-24 18:27:30,True,True,PI_6240319_AL,2.1991666666666667
2025-07-24 18:28:00,True,True,PI_6240319_AL,2.2075
2025-07-24 18:28:30,True,True,PI_6240319_AL,2.2158333333333333
2025-07-24 18:29:00,True,True,PI_6240319_AL,2.2241666666666666
2025-07-24 18:29:30,True,True,PI_6240319_AL,2.2325
2025-07-24 18:30:00,True,True,PI_6240319_AL,2.2408333333333332
2025-07-24 18:30:30,True,True,PI_6240319_AL,2.2491666666666665
2025-07-24 18:31:00,True,True,PI_6240319_AL,2.2575
2025-07-24 18:31:30,True,True,PI_6240319_AL,2.265833333333333
2025-07-24 18:32:00,True,True,PI_6240319_AL,2.2741666666666664
2025-07-24 18:32:30,True,True,PI_6240319_AL,2.2825
2025-07-24 18:33:00,True,True,PI_6240319_AL,2.2908333333333335
2025-07-24 18:33:30,True,True,PI_6240319_AL,2.299166666666667
2025-07-24 18:34:00,True,True,PI_6240319_AL,2.3075
2025-07-24 18:34:30,True,True,PI_6240319_AL,2.3158333333333334
2025-07-24 18:35:00,True,True,PI_6240319_AL,2.3241666666666667
2025-07-24 18:35:30,True,True,PI_6240319_AL,2.3325
2025-07-24 18:36:00,True,True,PI_6240319_AL,2.3408333333333333
2025-07-24 18:36:30,True,True,PI_6240319_AL,2.3491666666666666
2025-07-24 18:37:00,True,True,PI_6240319_AL,2.3575
2025-07-24 18:37:30,True,True,PI_6240319_AL,2.3658333333333332
2025-07-24 18:38:00,True,True,PI_6240319_AL,2.3741666666666665
2025-07-24 18:38:30,True,True,PI_6240319_AL,2.3825
2025-07-24 18:39:00,True,True,PI_6240319_AL,2.390833333333333
2025-07-24 18:39:30,True,True,PI_6240319_AL,2.3991666666666664
2025-07-24 18:40:00,True,True,PI_6240319_AL,2.4075
2025-07-24 18:40:30,True,True,PI_6240319_AL,2.4158333333333335
2025-07-24 18:41:00,True,True,PI_6240319_AL,2.424166666666667
2025-07-24 18:41:30,True,True,PI_6240319_AL,2.4325
2025-07-24 18:42:00,True,True,PI_6240319_AL,2.4408333333333334
2025-07-24 18:42:30,True,True,PI_6240319_AL,2.4491666666666667
2025-07-24 18:43:00,True,True,PI_6240319_AL,2.4575
2025-07-24 18:43:30,True,True,PI_6240319_AL,2.4658333333333333
2025-07-24 18:44:00,True,True,PI_6240319_AL,2.4741666666666666
2025-07-24 18:44:30,True,True,PI_6240319_AL,2.4825
2025-07-24 18:45:00,True,True,PI_6240319_AL,2.4908333333333332
2025-07-24 18:45:30,True,True,PI_6240319_AL,2.4991666666666665
2025-07-24 18:46:00,True,True,PI_6240319_AL,2.5075
2025-07-24 18:46:30,True,True,PI_6240319_AL,2.515833333333333
2025-07-24 18:47:00,True,True,PI_6240319_AL,2.5241666666666664
2025-07-24 18:47:30,True,True,PI_6240319_AL,2.5325
2025-07-24 18:48:00,True,True,PI_6240319_AL,2.5408333333333335
2025-07-24 18:48:30,True,True,PI_6240319_AL,2.549166666666667
2025-07-24 18:49:00,True,True,PI_6240319_AL,2.5575
2025-07-24 18:49:30,True,True,PI_6240319_AL,2.5658333333333334
2025-07-24 18:50:00,True,True,PI_6240319_AL,2.5741666666666667
2025-07-24 18:50:30,True,True,PI_6240319_AL,2.5825
2025-07-24 18:51:00,True,True,PI_6240319_AL,2.5908333333333333
2025-07-24 18:51:30,True,True,PI_6240319_AL,2.5991666666666666
2025-07-24 18:52:00,True,True,PI_6240319_AL,2.6075
2025-07-24 18:52:30,True,True,PI_6240319_AL,2.6158333333333332
2025-07-24 18:53:00,True,True,PI_6240319_AL,2.6241666666666665
2025-07-24 18:53:30,True,True,PI_6240319_AL,2.6325
2025-07-24 18:54:00,True,True,PI_6240319_AL,2.640833333333333
2025-07-24 18:54:30,True,True,PI_6240319_AL,2.6491666666666664
2025-07-24 18:55:00,True,True,PI_6240319_AL,2.6575
2025-07-24 18:55:30,True,True,PI_6240319_AL,2.6658333333333335
2025-07-24 18:56:00,True,True,PI_6240319_AL,2.674166666666667
2025-07-24 18:56:30,True,True,PI_6240319_AL,2.6825
2025-07-24 18:57:00,True,True,PI_6240319_AL,2.6908333333333334
2025-07-24 18:57:30,True,True,PI_6240319_AL,2.6991666666666667
2025-07-24 18:58:00,True,True,PI_6240319_AL,2.7075
2025-07-24 18:58:30,True,True,PI_6240319_AL,2.7158333333333333
2025-07-24 18:59:00,True,True,PI_6240319_AL,2.7241666666666666
2025-07-24 18:59:30,True,True,PI_6240319_AL,2.7325
2025-07-24 19:00:00,True,True,PI_6240319_AL,2.7408333333333332
2025-07-24 19:00:30,True,True,PI_6240319_AL,2.7491666666666665
2025-07-24 19:01:00,True,True,PI_6240319_AL,2.7575
2025-07-24 19:01:30,True,True,PI_6240319_AL,2.765833333333333
2025-07-24 19:02:00,True,True,PI_6240319_AL,2.7741666666666664
2025-07-24 19:02:30,True,True,PI_6240319_AL,2.7825
2025-07-24 19:03:00,True,True,PI_6240319_AL,2.7908333333333335
2025-07-24 19:03:30,True,True,PI_6240319_AL,2.799166666666667
2025-07-24 19:04:00,True,True,PI_6240319_AL,2.8075
2025-07-24 19:04:30,True,True,PI_6240319_AL,2.8158333333333334
2025-07-24 19:05:00,True,True,PI_6240319_AL,2.8241666666666667
2025-07-24 19:05:30,True,True,PI_6240319_AL,2.8325
2025-07-24 19:06:00,True,True,PI_6240319_AL,2.8408333333333333
2025-07-24 19:06:30,True,True,PI_6240319_AL,2.8491666666666666
2025-07-24 19:07:00,True,True,PI_6240319_AL,2.8575
2025-07-24 19:07:30,True,True,PI_6240319_AL,2.8658333333333332
2025-07-24 19:08:00,True,True,PI_6240319_AL,2.8741666666666665
2025-07-24 19:08:30,True,True,PI_6240319_AL,2.8825
2025-07-24 19:09:00,True,True,PI_6240319_AL,2.890833333333333
2025-07-24 19:09:30,True,True,PI_6240319_AL,2.8991666666666664
2025-07-24 19:10:00,True,True,PI_6240319_AL,2.9075
2025-07-24 19:10:30,True,True,PI_6240319_AL,2.9158333333333335
2025-07-24 19:11:00,True,True,PI_6240319_AL,2.924166666666667
2025-07-24 19:11:30,True,True,PI_6240319_AL,2.9325
2025-07-24 19:12:00,True,True,PI_6240319_AL,2.9408333333333334
2025-07-24 19:12:30,True,True,PI_6240319_AL,2.9491666666666667
2025-07-24 19:13:00,True,True,PI_6240319_AL,2.9575
2025-07-24 19:13:30,True,True,PI_6240319_AL,2.9658333333333333
2025-07-24 19:14:00,True,True,PI_6240319_AL,2.9741666666666666
2025-07-24 19:14:30,True,True,PI_6240319_AL,2.9825
2025-07-24 19:15:00,True,True,PI_6240319_AL,2.9908333333333332
2025-07-24 19:15:30,True,True,PI_6240319_AL,2.9991666666666665
2025-07-24 19:16:00,True,True,PI_6240319_AL,3.0075
2025-07-24 19:16:30,True,True,PI_6240319_AL,3.015833333333333
2025-07-24 19:17:00,True,True,PI_6240319_AL,3.0241666666666664
2025-07-24 19:17:30,True,True,PI_6240319_AL,3.0325
2025-07-24 19:18:00,True,True,PI_6240319_AL,3.0408333333333335
2025-07-24 19:18:30,True,True,PI_6240319_AL,3.049166666666667
2025-07-24 19:19:00,True,True,PI_6240319_AL,3.0575
2025-07-24 19:19:30,True,True,PI_6240319_AL,3.0658333333333334
2025-07-24 19:20:00,True,True,PI_6240319_AL,3.0741666666666667
2025-07-24 19:20:30,True,True,PI_6240319_AL,3.0825
2025-07-24 19:21:00,True,True,PI_6240319_AL,3.0908333333333333
2025-07-24 19:21:30,True,True,PI_6240319_AL,3.0991666666666666
2025-07-24 19:22:00,True,True,PI_6240319_AL,3.1075
2025-07-24 19:22:30,True,True,PI_6240319_AL,3.1158333333333332
2025-07-24 19:23:00,True,True,PI_6240319_AL,3.1241666666666665
2025-07-24 19:23:30,True,True,PI_6240319_AL,3.1325
2025-07-24 19:24:00,True,True,PI_6240319_AL,3.140833333333333
2025-07-24 19:24:30,True,True,PI_6240319_AL,3.1491666666666664
2025-07-24 19:25:00,True,True,PI_6240319_AL,3.1575
2025-07-24 19:25:30,True,True,PI_6240319_AL,3.1658333333333335
2025-07-24 19:26:00,True,True,PI_6240319_AL,3.174166666666667
2025-07-24 19:26:30,True,True,PI_6240319_AL,3.1825
2025-07-24 19:27:00,True,True,PI_6240319_AL,3.1908333333333334
2025-07-24 19:27:30,True,True,PI_6240319_AL,3.1991666666666667
2025-07-24 19:28:00,True,True,PI_6240319_AL,3.2075
2025-07-24 19:28:30,True,True,PI_6240319_AL,3.2158333333333333
2025-07-24 19:29:00,True,True,PI_6240319_AL,3.2241666666666666
2025-07-24 19:29:30,True,True,PI_6240319_AL,3.2325
2025-07-24 19:30:00,True,True,PI_6240319_AL,3.2408333333333332
2025-07-24 19:30:30,True,True,PI_6240319_AL,3.2491666666666665
2025-07-24 19:31:00,True,True,PI_6240319_AL,3.2575
2025-07-24 19:31:30,True,True,PI_6240319_AL,3.265833333333333
2025-07-24 19:32:00,True,True,PI_6240319_AL,3.2741666666666664
2025-07-24 19:32:30,True,True,PI_6240319_AL,3.2825
2025-07-24 19:33:00,True,True,PI_6240319_AL,3.2908333333333335
2025-07-24 19:33:30,True,True,PI_6240319_AL,3.299166666666667
2025-07-24 19:34:00,True,True,PI_6240319_AL,3.3075
2025-07-24 19:34:30,True,True,PI_6240319_AL,3.3158333333333334
2025-07-24 19:35:00,True,True,PI_6240319_AL,3.3241666666666667
2025-07-24 19:35:30,True,True,PI_6240319_AL,3.3325
2025-07-24 19:36:00,True,True,PI_6240319_AL,3.3408333333333333
2025-07-24 19:36:30,True,True,PI_6240319_AL,3.3491666666666666
2025-07-24 19:37:00,True,True,PI_6240319_AL,3.3575
2025-07-24 19:37:30,True,True,PI_6240319_AL,3.3658333333333332
2025-07-24 19:38:00,True,True,PI_6240319_AL,3.3741666666666665
2025-07-24 19:38:30,True,True,PI_6240319_AL,3.3825
2025-07-24 19:39:00,True,True,PI_6240319_AL,3.390833333333333
2025-07-24 19:39:30,True,True,PI_6240319_AL,3.3991666666666664
2025-07-24 19:40:00,True,True,PI_6240319_AL,3.4075
2025-07-24 19:40:30,True,True,PI_6240319_AL,3.4158333333333335
2025-07-24 19:41:00,True,True,PI_6240319_AL,3.424166666666667
2025-07-24 19:41:30,True,True,PI_6240319_AL,3.4325
2025-07-24 19:42:00,True,True,PI_6240319_AL,3.4408333333333334
2025-07-24 19:42:30,True,True,PI_6240319_AL,3.4491666666666667
2025-07-24 19:43:00,True,True,PI_6240319_AL,3.4575
2025-07-24 19:43:30,True,True,PI_6240319_AL,3.4658333333333333
2025-07-24 19:44:00,True,True,PI_6240319_AL,3.4741666666666666
2025-07-24 19:44:30,True,True,PI_6240319_AL,3.4825
2025-07-24 19:45:00,True,True,PI_6240319_AL,3.4908333333333332
2025-07-24 19:45:30,True,True,PI_6240319_AL,3.4991666666666665
2025-07-24 19:46:00,True,True,PI_6240319_AL,3.5075
2025-07-24 19:46:30,True,True,PI_6240319_AL,3.515833333333333
2025-07-24 19:47:00,True,True,PI_6240319_AL,3.5241666666666664
2025-07-24 19:47:30,True,True,PI_6240319_AL,3.5325
2025-07-24 19:48:00,True,True,PI_6240319_AL,3.5408333333333335
2025-07-24 19:48:30,True,True,PI_6240319_AL,3.549166666666667
2025-07-24 19:49:00,True,True,PI_6240319_AL,3.5575
2025-07-24 19:49:30,True,True,PI_6240319_AL,3.5658333333333334
2025-07-24 19:50:00,True,True,PI_6240319_AL,3.5741666666666667
2025-07-24 19:50:30,True,True,PI_6240319_AL,3.5825
2025-07-24 19:51:00,True,True,PI_6240319_AL,3.5908333333333333
2025-07-24 19:51:30,True,True,PI_6240319_AL,3.5991666666666666
2025-07-24 19:52:00,True,True,PI_6240319_AL,3.6075
2025-07-24 19:52:30,True,True,PI_6240319_AL,3.6158333333333332
2025-07-24 19:53:00,True,True,PI_6240319_AL,3.6241666666666665
2025-07-24 19:53:30,True,True,PI_6240319_AL,3.6325
2025-07-24 19:54:00,True,True,PI_6240319_AL,3.640833333333333
2025-07-24 19:54:30,True,True,PI_6240319_AL,3.6491666666666664
2025-07-24 19:55:00,True,True,PI_6240319_AL,3.6575
2025-07-24 19:55:30,True,True,PI_6240319_AL,3.6658333333333335
2025-07-24 19:56:00,True,True,PI_6240319_AL,3.674166666666667
2025-07-24 19:56:30,True,True,PI_6240319_AL,3.6825
2025-07-24 19:57:00,True,True,PI_6240319_AL,3.6908333333333334
2025-07-24 19:57:30,True,True,PI_6240319_AL,3.6991666666666667
2025-07-24 19:58:00,True,True,PI_6240319_AL,3.7075
2025-07-24 19:58:30,True,True,PI_6240319_AL,3.7158333333333333
2025-07-24 19:59:00,True,True,PI_6240319_AL,3.7241666666666666
2025-07-24 19:59:30,True,True,PI_6240319_AL,3.7325
2025-07-24 20:00:00,True,True,PI_6240319_AL,3.7408333333333332
2025-07-24 20:00:30,True,True,PI_6240319_AL,3.7491666666666665
2025-07-24 20:01:00,True,True,PI_6240319_AL,3.7575
2025-07-24 20:01:30,True,True,PI_6240319_AL,3.765833333333333
2025-07-24 20:02:00,True,True,PI_6240319_AL,3.7741666666666664
2025-07-24 20:02:30,True,True,PI_6240319_AL,3.7825
2025-07-24 20:03:00,True,True,PI_6240319_AL,3.7908333333333335
2025-07-24 20:03:30,True,True,PI_6240319_AL,3.799166666666667
2025-07-24 20:04:00,True,True,PI_6240319_AL,3.8075
2025-07-24 20:04:30,True,True,PI_6240319_AL,3.8158333333333334
2025-07-24 20:05:00,True,True,PI_6240319_AL,3.8241666666666667
2025-07-24 20:05:30,True,True,PI_6240319_AL,3.8325
2025-07-24 20:06:00,True,True,PI_6240319_AL,3.8408333333333333
2025-07-24 20:06:30,True,True,PI_6240319_AL,3.8491666666666666
2025-07-24 20:07:00,True,True,PI_6240319_AL,3.8575
2025-07-24 20:07:30,True,True,PI_6240319_AL,3.8658333333333332
2025-07-24 20:08:00,True,True,PI_6240319_AL,3.8741666666666665
2025-07-24 20:08:30,True,True,PI_6240319_AL,3.8825
2025-07-24 20:09:00,True,True,PI_6240319_AL,3.890833333333333
2025-07-24 20:09:30,True,True,PI_6240319_AL,3.8991666666666664
2025-07-24 20:10:00,True,True,PI_6240319_AL,3.9075
2025-07-24 20:10:30,True,True,PI_6240319_AL,3.9158333333333335
2025-07-24 20:11:00,True,True,PI_6240319_AL,3.924166666666667
2025-07-24 20:11:30,True,True,PI_6240319_AL,3.9325
2025-07-24 20:12:00,True,True,PI_6240319_AL,3.9408333333333334
2025-07-24 20:12:30,True,True,PI_6240319_AL,3.9491666666666667
2025-07-24 20:13:00,True,True,PI_6240319_AL,3.9575
2025-07-24 20:13:30,True,True,PI_6240319_AL,3.9658333333333333
2025-07-24 20:14:00,True,True,PI_6240319_AL,3.9741666666666666
2025-07-24 20:14:30,True,True,PI_6240319_AL,3.9825
2025-07-24 20:15:00,True,True,PI_6240319_AL,3.9908333333333332
2025-07-24 20:15:30,True,True,PI_6240319_AL,3.9991666666666665
2025-07-24 20:16:00,True,True,PI_6240319_AL,4.0075
2025-07-24 20:16:30,True,True,PI_6240319_AL,4.015833333333333
2025-07-24 20:17:00,True,True,PI_6240319_AL,4.024166666666667
2025-07-24 20:17:30,True,True,PI_6240319_AL,4.0325
2025-07-24 20:18:00,True,True,PI_6240319_AL,4.0408333333333335
2025-07-24 20:18:30,True,True,PI_6240319_AL,4.049166666666666
2025-07-24 20:19:00,True,True,PI_6240319_AL,4.0575
2025-07-24 20:19:30,True,True,PI_6240319_AL,4.065833333333333
2025-07-24 20:20:00,True,True,PI_6240319_AL,4.074166666666667
2025-07-24 20:20:30,True,True,PI_6240319_AL,4.0825
2025-07-24 20:21:00,True,True,PI_6240319_AL,4.090833333333333
2025-07-24 20:21:30,True,True,PI_6240319_AL,4.099166666666667
2025-07-24 20:22:00,True,True,PI_6240319_AL,4.1075
2025-07-24 20:22:30,True,True,PI_6240319_AL,4.115833333333334
2025-07-24 20:23:00,True,True,PI_6240319_AL,4.1241666666666665
2025-07-24 20:23:30,True,True,PI_6240319_AL,4.1325
2025-07-24 20:24:00,True,True,PI_6240319_AL,4.140833333333333
2025-07-24 20:24:30,True,True,PI_6240319_AL,4.149166666666667
2025-07-24 20:25:00,True,True,PI_6240319_AL,4.1575
2025-07-24 20:25:30,True,True,PI_6240319_AL,4.1658333333333335
2025-07-24 20:26:00,True,True,PI_6240319_AL,4.174166666666666
2025-07-24 20:26:30,True,True,PI_6240319_AL,4.1825
2025-07-24 20:27:00,True,True,PI_6240319_AL,4.190833333333333
2025-07-24 20:27:30,True,True,PI_6240319_AL,4.199166666666667
2025-07-24 20:28:00,True,True,PI_6240319_AL,4.2075
2025-07-24 20:28:30,True,True,PI_6240319_AL,4.215833333333333
2025-07-24 20:29:00,True,True,PI_6240319_AL,4.224166666666667
2025-07-24 20:29:30,True,True,PI_6240319_AL,4.2325
2025-07-24 20:30:00,True,True,PI_6240319_AL,4.240833333333334
2025-07-24 20:30:30,True,True,PI_6240319_AL,4.2491666666666665
2025-07-24 20:31:00,True,True,PI_6240319_AL,4.2575
2025-07-24 20:31:30,True,True,PI_6240319_AL,4.265833333333333
2025-07-24 20:32:00,True,True,PI_6240319_AL,4.274166666666667
2025-07-24 20:32:30,True,True,PI_6240319_AL,4.2825
2025-07-24 20:33:00,True,True,PI_6240319_AL,4.2908333333333335
2025-07-24 20:33:30,True,True,PI_6240319_AL,4.299166666666666
2025-07-24 20:34:00,True,True,PI_6240319_AL,4.3075
2025-07-24 20:34:30,True,True,PI_6240319_AL,4.315833333333333
2025-07-24 20:35:00,True,True,PI_6240319_AL,4.324166666666667
2025-07-24 20:35:30,True,True,PI_6240319_AL,4.3325
2025-07-24 20:36:00,True,True,PI_6240319_AL,4.340833333333333
2025-07-24 20:36:30,True,True,PI_6240319_AL,4.349166666666667
2025-07-24 20:37:00,True,True,PI_6240319_AL,4.3575
2025-07-24 20:37:30,True,True,PI_6240319_AL,4.365833333333334
2025-07-24 20:38:00,True,True,PI_6240319_AL,4.3741666666666665
2025-07-24 20:38:30,True,True,PI_6240319_AL,4.3825
2025-07-24 20:39:00,True,True,PI_6240319_AL,4.390833333333333
2025-07-24 20:39:30,True,True,PI_6240319_AL,4.399166666666667
2025-07-24 20:40:00,True,True,PI_6240319_AL,4.4075
2025-07-24 20:40:30,True,True,PI_6240319_AL,4.4158333333333335
2025-07-24 20:41:00,True,True,PI_6240319_AL,4.424166666666666
2025-07-24 20:41:30,True,True,PI_6240319_AL,4.4325
2025-07-24 20:42:00,True,True,PI_6240319_AL,4.440833333333333
2025-07-24 20:42:30,True,True,PI_6240319_AL,4.449166666666667
2025-07-24 20:43:00,True,True,PI_6240319_AL,4.4575
2025-07-24 20:43:30,True,True,PI_6240319_AL,4.465833333333333
2025-07-24 20:44:00,True,True,PI_6240319_AL,4.474166666666667
2025-07-24 20:44:30,True,True,PI_6240319_AL,4.4825
2025-07-24 20:45:00,True,True,PI_6240319_AL,4.490833333333334
2025-07-24 20:45:30,True,True,PI_6240319_AL,4.4991666666666665
2025-07-24 20:46:00,True,True,PI_6240319_AL,4.5075
2025-07-24 20:46:30,True,True,PI_6240319_AL,4.515833333333333
2025-07-24 20:47:00,True,True,PI_6240319_AL,4.524166666666667
2025-07-24 20:47:30,True,True,PI_6240319_AL,4.5325
2025-07-24 20:48:00,True,True,PI_6240319_AL,4.5408333333333335
2025-07-24 20:48:30,True,True,PI_6240319_AL,4.549166666666666
2025-07-24 20:49:00,True,True,PI_6240319_AL,4.5575
2025-07-24 20:49:30,True,True,PI_6240319_AL,4.565833333333333
2025-07-24 20:50:00,True,True,PI_6240319_AL,4.574166666666667
2025-07-24 20:50:30,True,True,PI_6240319_AL,4.5825
2025-07-24 20:51:00,True,True,PI_6240319_AL,4.590833333333333
2025-07-24 20:51:30,True,True,PI_6240319_AL,4.599166666666667
2025-07-24 20:52:00,True,True,PI_6240319_AL,4.6075
2025-07-24 20:52:30,True,True,PI_6240319_AL,4.615833333333334
2025-07-24 20:53:00,True,True,PI_6240319_AL,4.6241666666666665
2025-07-24 20:53:30,True,True,PI_6240319_AL,4.6325
2025-07-24 20:54:00,True,True,PI_6240319_AL,4.640833333333333
2025-07-24 20:54:30,True,True,PI_6240319_AL,4.649166666666667
2025-07-24 20:55:00,True,True,PI_6240319_AL,4.6575
2025-07-24 20:55:30,True,True,PI_6240319_AL,4.6658333333333335
2025-07-24 20:56:00,True,True,PI_6240319_AL,4.674166666666666
2025-07-24 20:56:30,True,True,PI_6240319_AL,4.6825
2025-07-24 20:57:00,True,True,PI_6240319_AL,4.690833333333333
2025-07-24 20:57:30,True,True,PI_6240319_AL,4.699166666666667
2025-07-24 20:58:00,True,True,PI_6240319_AL,4.7075
2025-07-24 20:58:30,True,True,PI_6240319_AL,4.715833333333333
2025-07-24 20:59:00,True,True,PI_6240319_AL,4.724166666666667
2025-07-24 20:59:30,True,True,PI_6240319_AL,4.7325
2025-07-24 21:00:00,True,True,PI_6240319_AL,4.740833333333334
2025-07-24 21:00:30,True,True,PI_6240319_AL,4.7491666666666665
2025-07-24 21:01:00,True,True,PI_6240319_AL,4.7575
2025-07-24 21:01:30,True,True,PI_6240319_AL,4.765833333333333
2025-07-24 21:02:00,True,True,PI_6240319_AL,4.774166666666667
2025-07-24 21:02:30,True,True,PI_6240319_AL,4.7825
2025-07-24 21:03:00,True,True,PI_6240319_AL,4.7908333333333335
2025-07-24 21:03:30,True,True,PI_6240319_AL,4.799166666666666
2025-07-24 21:04:00,True,True,PI_6240319_AL,4.8075
2025-07-24 21:04:30,True,True,PI_6240319_AL,4.815833333333333
2025-07-24 21:05:00,True,True,PI_6240319_AL,4.824166666666667
2025-07-24 21:05:30,True,True,PI_6240319_AL,4.8325
2025-07-24 21:06:00,True,True,PI_6240319_AL,4.840833333333333
2025-07-24 21:06:30,True,True,PI_6240319_AL,4.849166666666667
2025-07-24 21:07:00,True,True,PI_6240319_AL,4.8575
2025-07-24 21:07:30,True,True,PI_6240319_AL,4.865833333333334
2025-07-24 21:08:00,True,True,PI_6240319_AL,4.8741666666666665
2025-07-24 21:08:30,True,True,PI_6240319_AL,4.8825
2025-07-24 21:09:00,True,True,PI_6240319_AL,4.890833333333333
2025-07-24 21:09:30,True,True,PI_6240319_AL,4.899166666666667
2025-07-24 21:10:00,True,True,PI_6240319_AL,4.9075
2025-07-24 21:10:30,True,True,PI_6240319_AL,4.9158333333333335
2025-07-24 21:11:00,True,True,PI_6240319_AL,4.924166666666666
2025-07-24 21:11:30,True,True,PI_6240319_AL,4.9325
2025-07-24 21:12:00,True,True,PI_6240319_AL,4.940833333333333
2025-07-24 21:12:30,True,True,PI_6240319_AL,4.949166666666667
2025-07-24 21:13:00,True,True,PI_6240319_AL,4.9575
2025-07-24 21:13:30,True,True,PI_6240319_AL,4.965833333333333
2025-07-24 21:14:00,True,True,PI_6240319_AL,4.974166666666667
2025-07-24 21:14:30,True,True,PI_6240319_AL,4.9825
2025-07-24 21:15:00,True,True,PI_6240319_AL,4.990833333333334
2025-07-24 21:15:30,True,True,PI_6240319_AL,4.9991666666666665
2025-07-24 21:16:00,True,True,PI_6240319_AL,5.0075
2025-07-24 21:16:30,True,True,PI_6240319_AL,5.015833333333333
2025-07-24 21:17:00,True,True,PI_6240319_AL,5.024166666666667
2025-07-24 21:17:30,True,True,PI_6240319_AL,5.0325
2025-07-24 21:18:00,True,True,PI_6240319_AL,5.0408333333333335
2025-07-24 21:18:30,True,True,PI_6240319_AL,5.049166666666666
2025-07-24 21:19:00,True,True,PI_6240319_AL,5.0575
2025-07-24 21:19:30,True,True,PI_6240319_AL,5.065833333333333
2025-07-24 21:20:00,True,True,PI_6240319_AL,5.074166666666667
2025-07-24 21:20:30,True,True,PI_6240319_AL,5.0825
2025-07-24 21:21:00,True,True,PI_6240319_AL,5.090833333333333
2025-07-24 21:21:30,True,True,PI_6240319_AL,5.099166666666667
2025-07-24 21:22:00,True,True,PI_6240319_AL,5.1075
2025-07-24 21:22:30,True,True,PI_6240319_AL,5.115833333333334
2025-07-24 21:23:00,True,True,PI_6240319_AL,5.1241666666666665
2025-07-24 21:23:30,True,True,PI_6240319_AL,5.1325
2025-07-24 21:24:00,True,True,PI_6240319_AL,5.140833333333333
2025-07-24 21:24:30,True,True,PI_6240319_AL,5.149166666666667
2025-07-24 21:25:00,True,True,PI_6240319_AL,5.1575
2025-07-24 21:25:30,True,True,PI_6240319_AL,5.1658333333333335
2025-07-24 21:26:00,True,True,PI_6240319_AL,5.174166666666666
2025-07-24 21:26:30,True,True,PI_6240319_AL,5.1825
2025-07-24 21:27:00,True,True,PI_6240319_AL,5.190833333333333
2025-07-24 21:27:30,True,True,PI_6240319_AL,5.199166666666667
2025-07-24 21:28:00,True,True,PI_6240319_AL,5.2075
2025-07-24 21:28:30,True,True,PI_6240319_AL,5.215833333333333
2025-07-24 21:29:00,True,True,PI_6240319_AL,5.224166666666667
2025-07-24 21:29:30,True,True,PI_6240319_AL,5.2325
2025-07-24 21:30:00,True,True,PI_6240319_AL,5.240833333333334
2025-07-24 21:30:30,True,True,PI_6240319_AL,5.2491666666666665
2025-07-24 21:31:00,True,True,PI_6240319_AL,5.2575
2025-07-24 21:31:30,True,True,PI_6240319_AL,5.265833333333333
2025-07-24 21:32:00,True,True,PI_6240319_AL,5.274166666666667
2025-07-24 21:32:30,True,True,PI_6240319_AL,5.2825
2025-07-24 21:33:00,True,True,PI_6240319_AL,5.2908333333333335
2025-07-24 21:33:30,True,True,PI_6240319_AL,5.299166666666666
2025-07-24 21:34:00,True,True,PI_6240319_AL,5.3075
2025-07-24 21:34:30,True,True,PI_6240319_AL,5.315833333333333
2025-07-24 21:35:00,True,True,PI_6240319_AL,5.324166666666667
2025-07-24 21:35:30,True,True,PI_6240319_AL,5.3325
2025-07-24 21:36:00,True,True,PI_6240319_AL,5.340833333333333
2025-07-24 21:36:30,True,True,PI_6240319_AL,5.349166666666667
2025-07-24 21:37:00,True,True,PI_6240319_AL,5.3575
2025-07-24 21:37:30,True,True,PI_6240319_AL,5.365833333333334
2025-07-24 21:38:00,True,True,PI_6240319_AL,5.3741666666666665
2025-07-24 21:38:30,True,True,PI_6240319_AL,5.3825
2025-07-24 21:39:00,True,True,PI_6240319_AL,5.390833333333333
2025-07-24 21:39:30,True,True,PI_6240319_AL,5.399166666666667
2025-07-24 21:40:00,True,True,PI_6240319_AL,5.4075
2025-07-24 21:40:30,True,True,PI_6240319_AL,5.4158333333333335
2025-07-24 21:41:00,True,True,PI_6240319_AL,5.424166666666666
2025-07-24 21:41:30,True,True,PI_6240319_AL,5.4325
2025-07-24 21:42:00,True,True,PI_6240319_AL,5.440833333333333
2025-07-24 21:42:30,True,True,PI_6240319_AL,5.449166666666667
2025-07-24 21:43:00,True,True,PI_6240319_AL,5.4575
2025-07-24 21:43:30,True,True,PI_6240319_AL,5.465833333333333
2025-07-24 21:44:00,True,True,PI_6240319_AL,5.474166666666667
2025-07-24 21:44:30,True,True,PI_6240319_AL,5.4825
2025-07-24 21:45:00,True,True,PI_6240319_AL,5.490833333333334
2025-07-24 21:45:30,True,True,PI_6240319_AL,5.4991666666666665
2025-07-24 21:46:00,True,True,PI_6240319_AL,5.5075
2025-07-24 21:46:30,True,True,PI_6240319_AL,5.515833333333333
2025-07-24 21:47:00,True,True,PI_6240319_AL,5.524166666666667
2025-07-24 21:47:30,True,True,PI_6240319_AL,5.5325
2025-07-24 21:48:00,True,True,PI_6240319_AL,5.5408333333333335
2025-07-24 21:48:30,True,True,PI_6240319_AL,5.549166666666666
2025-07-24 21:49:00,True,True,PI_6240319_AL,5.5575
2025-07-24 21:49:30,True,True,PI_6240319_AL,5.565833333333333
2025-07-24 21:50:00,True,True,PI_6240319_AL,5.574166666666667
2025-07-24 21:50:30,True,True,PI_6240319_AL,5.5825
2025-07-24 21:51:00,True,True,PI_6240319_AL,5.590833333333333
2025-07-24 21:51:30,True,True,PI_6240319_AL,5.599166666666667
2025-07-24 21:52:00,True,True,PI_6240319_AL,5.6075
2025-07-24 21:52:30,True,True,PI_6240319_AL,5.615833333333334
2025-07-24 21:53:00,True,True,PI_6240319_AL,5.6241666666666665
2025-07-24 21:53:30,True,True,PI_6240319_AL,5.6325
2025-07-24 21:54:00,True,True,PI_6240319_AL,5.640833333333333
2025-07-24 21:54:30,True,True,PI_6240319_AL,5.649166666666667
2025-07-24 21:55:00,True,True,PI_6240319_AL,5.6575
2025-07-24 21:55:30,True,True,PI_6240319_AL,5.6658333333333335
2025-07-24 21:56:00,True,True,PI_6240319_AL,5.674166666666666
2025-07-24 21:56:30,True,True,PI_6240319_AL,5.6825
2025-07-24 21:57:00,True,True,PI_6240319_AL,5.690833333333333
2025-07-24 21:57:30,True,True,PI_6240319_AL,5.699166666666667
2025-07-24 21:58:00,True,True,PI_6240319_AL,5.7075
2025-07-24 21:58:30,True,True,PI_6240319_AL,5.715833333333333
2025-07-24 21:59:00,True,True,PI_6240319_AL,5.724166666666667
2025-07-24 21:59:30,True,True,PI_6240319_AL,5.7325
2025-07-24 22:00:00,True,True,PI_6240319_AL,5.740833333333334
2025-07-24 22:00:30,True,True,PI_6240319_AL,5.7491666666666665
2025-07-24 22:01:00,True,True,PI_6240319_AL,5.7575
2025-07-24 22:01:30,True,True,PI_6240319_AL,5.765833333333333
2025-07-24 22:02:00,True,True,PI_6240319_AL,5.774166666666667
2025-07-24 22:02:30,True,True,PI_6240319_AL,5.7825
2025-07-24 22:03:00,True,True,PI_6240319_AL,5.7908333333333335
2025-07-24 22:03:30,True,True,PI_6240319_AL,5.799166666666666
2025-07-24 22:04:00,True,True,PI_6240319_AL,5.8075
2025-07-24 22:04:30,True,True,PI_6240319_AL,5.815833333333333
2025-07-24 22:05:00,True,True,PI_6240319_AL,5.824166666666667
2025-07-24 22:05:30,True,True,PI_6240319_AL,5.8325
2025-07-24 22:06:00,True,True,PI_6240319_AL,5.840833333333333
2025-07-24 22:06:30,True,True,PI_6240319_AL,5.849166666666667
2025-07-24 22:07:00,True,True,PI_6240319_AL,5.8575
2025-07-24 22:07:30,True,True,PI_6240319_AL,5.865833333333334
2025-07-24 22:08:00,True,True,PI_6240319_AL,5.8741666666666665
2025-07-24 22:08:30,True,True,PI_6240319_AL,5.8825
2025-07-24 22:09:00,True,True,PI_6240319_AL,5.890833333333333
2025-07-24 22:09:30,True,True,PI_6240319_AL,5.899166666666667
2025-07-24 22:10:00,True,True,PI_6240319_AL,5.9075
2025-07-24 22:10:30,True,True,PI_6240319_AL,5.9158333333333335
2025-07-24 22:11:00,True,True,PI_6240319_AL,5.924166666666666
2025-07-24 22:11:30,True,True,PI_6240319_AL,5.9325
2025-07-24 22:12:00,True,True,PI_6240319_AL,5.940833333333333
2025-07-24 22:12:30,True,True,PI_6240319_AL,5.949166666666667
2025-07-24 22:13:00,True,True,PI_6240319_AL,5.9575
2025-07-24 22:13:30,True,True,PI_6240319_AL,5.965833333333333
2025-07-24 22:14:00,True,True,PI_6240319_AL,5.974166666666667
2025-07-24 22:14:30,True,True,PI_6240319_AL,5.9825
2025-07-24 22:15:00,True,True,PI_6240319_AL,5.990833333333334
2025-07-24 22:15:30,True,True,PI_6240319_AL,5.9991666666666665
2025-07-24 22:16:00,True,True,PI_6240319_AL,6.0075
2025-07-24 22:16:30,True,True,PI_6240319_AL,6.015833333333333
2025-07-24 22:17:00,True,True,PI_6240319_AL,6.024166666666667
2025-07-24 22:17:30,True,True,PI_6240319_AL,6.0325
2025-07-24 22:18:00,True,True,PI_6240319_AL,6.0408333333333335
2025-07-24 22:18:30,True,True,PI_6240319_AL,6.049166666666666
2025-07-24 22:19:00,True,True,PI_6240319_AL,6.0575
2025-07-24 22:19:30,True,True,PI_6240319_AL,6.065833333333333
2025-07-24 22:20:00,True,True,PI_6240319_AL,6.074166666666667
2025-07-24 22:20:30,True,True,PI_6240319_AL,6.0825
2025-07-24 22:21:00,True,True,PI_6240319_AL,6.090833333333333
2025-07-24 22:21:30,True,True,PI_6240319_AL,6.099166666666667
2025-07-24 22:22:00,True,True,PI_6240319_AL,6.1075
2025-07-24 22:22:30,True,True,PI_6240319_AL,6.115833333333334
2025-07-24 22:23:00,True,True,PI_6240319_AL,6.1241666666666665
2025-07-24 22:23:30,True,True,PI_6240319_AL,6.1325
2025-07-24 22:24:00,True,True,PI_6240319_AL,6.140833333333333
2025-07-24 22:24:30,True,True,PI_6240319_AL,6.149166666666667
2025-07-24 22:25:00,True,True,PI_6240319_AL,6.1575
2025-07-24 22:25:30,True,True,PI_6240319_AL,6.1658333333333335
2025-07-24 22:26:00,True,True,PI_6240319_AL,6.174166666666666
2025-07-24 22:26:30,True,True,PI_6240319_AL,6.1825
2025-07-24 22:27:00,True,True,PI_6240319_AL,6.190833333333333
2025-07-24 22:27:30,True,True,PI_6240319_AL,6.199166666666667
2025-07-24 22:28:00,True,True,PI_6240319_AL,6.2075
2025-07-24 22:28:30,True,True,PI_6240319_AL,6.215833333333333
2025-07-24 22:29:00,True,True,PI_6240319_AL,6.224166666666667
2025-07-24 22:29:30,True,True,PI_6240319_AL,6.2325
2025-07-24 22:30:00,True,True,PI_6240319_AL,6.240833333333334
2025-07-24 22:30:30,True,True,PI_6240319_AL,6.2491666666666665
2025-07-24 22:31:00,True,True,PI_6240319_AL,6.2575
2025-07-24 22:31:30,True,True,PI_6240319_AL,6.265833333333333
2025-07-24 22:32:00,True,True,PI_6240319_AL,6.274166666666667
2025-07-24 22:32:30,True,True,PI_6240319_AL,6.2825
2025-07-24 22:33:00,True,True,PI_6240319_AL,6.2908333333333335
2025-07-24 22:33:30,True,True,PI_6240319_AL,6.299166666666666
2025-07-24 22:34:00,True,True,PI_6240319_AL,6.3075
2025-07-24 22:34:30,True,True,PI_6240319_AL,6.315833333333333
2025-07-24 22:35:00,True,True,PI_6240319_AL,6.324166666666667
2025-07-24 22:35:30,True,True,PI_6240319_AL,6.3325
2025-07-24 22:36:00,True,True,PI_6240319_AL,6.340833333333333
2025-07-24 22:36:30,True,True,PI_6240319_AL,6.349166666666667
2025-07-24 22:37:00,True,True,PI_6240319_AL,6.3575
2025-07-24 22:37:30,True,True,PI_6240319_AL,6.365833333333334
2025-07-24 22:38:00,True,True,PI_6240319_AL,6.3741666666666665
2025-07-24 22:38:30,True,True,PI_6240319_AL,6.3825
2025-07-24 22:39:00,True,True,PI_6240319_AL,6.390833333333333
2025-07-24 22:39:30,True,True,PI_6240319_AL,6.399166666666667
2025-07-24 22:40:00,True,True,PI_6240319_AL,6.4075
2025-07-24 22:40:30,True,True,PI_6240319_AL,6.4158333333333335
2025-07-24 22:41:00,True,True,PI_6240319_AL,6.424166666666666
2025-07-24 22:41:30,True,True,PI_6240319_AL,6.4325
2025-07-24 22:42:00,True,True,PI_6240319_AL,6.440833333333333
2025-07-24 22:42:30,True,True,PI_6240319_AL,6.449166666666667
2025-07-24 22:43:00,True,True,PI_6240319_AL,6.4575
2025-07-24 22:43:30,True,True,PI_6240319_AL,6.465833333333333
2025-07-24 22:44:00,True,True,PI_6240319_AL,6.474166666666667
2025-07-24 22:44:30,True,True,PI_6240319_AL,6.4825
2025-07-24 22:45:00,True,True,PI_6240319_AL,6.490833333333334
2025-07-24 22:45:30,True,True,PI_6240319_AL,6.4991666666666665
2025-07-24 22:46:00,True,True,PI_6240319_AL,6.5075
2025-07-24 22:46:30,True,True,PI_6240319_AL,6.515833333333333
2025-07-24 22:47:00,True,True,PI_6240319_AL,6.524166666666667
2025-07-24 22:47:30,True,True,PI_6240319_AL,6.5325
2025-07-24 22:48:00,True,True,PI_6240319_AL,6.5408333333333335
2025-07-24 22:48:30,True,True,PI_6240319_AL,6.549166666666666
2025-07-24 22:49:00,True,True,PI_6240319_AL,6.5575
2025-07-24 22:49:30,True,True,PI_6240319_AL,6.565833333333333
2025-07-24 22:50:00,True,True,PI_6240319_AL,6.574166666666667
2025-07-24 22:50:30,True,True,PI_6240319_AL,6.5825
2025-07-24 22:51:00,True,True,PI_6240319_AL,6.590833333333333
2025-07-24 22:51:30,True,True,PI_6240319_AL,6.599166666666667
2025-07-24 22:52:00,True,True,PI_6240319_AL,6.6075
2025-07-24 22:52:30,True,True,PI_6240319_AL,6.615833333333334
2025-07-24 22:53:00,True,True,PI_6240319_AL,6.6241666666666665
2025-07-24 22:53:30,True,True,PI_6240319_AL,6.6325
2025-07-24 22:54:00,True,True,PI_6240319_AL,6.640833333333333
2025-07-24 22:54:30,True,True,PI_6240319_AL,6.649166666666667
2025-07-24 22:55:00,True,True,PI_6240319_AL,6.6575
2025-07-24 22:55:30,True,True,PI_6240319_AL,6.6658333333333335
2025-07-24 22:56:00,True,True,PI_6240319_AL,6.674166666666666
2025-07-24 22:56:30,True,True,PI_6240319_AL,6.6825
2025-07-24 22:57:00,True,True,PI_6240319_AL,6.690833333333333
2025-07-24 22:57:30,True,True,PI_6240319_AL,6.699166666666667
2025-07-24 22:58:00,True,True,PI_6240319_AL,6.7075
2025-07-24 22:58:30,True,True,PI_6240319_AL,6.715833333333333
2025-07-24 22:59:00,True,True,PI_6240319_AL,6.724166666666667
2025-07-24 22:59:30,True,True,PI_6240319_AL,6.7325
2025-07-24 23:00:00,True,True,PI_6240319_AL,6.740833333333334
2025-07-24 23:00:30,True,True,PI_6240319_AL,6.7491666666666665
2025-07-24 23:01:00,True,True,PI_6240319_AL,6.7575
2025-07-24 23:01:30,True,True,PI_6240319_AL,6.765833333333333
2025-07-24 23:02:00,True,True,PI_6240319_AL,6.774166666666667
2025-07-24 23:02:30,True,True,PI_6240319_AL,6.7825
2025-07-24 23:03:00,True,True,PI_6240319_AL,6.7908333333333335
2025-07-24 23:03:30,True,True,PI_6240319_AL,6.799166666666666
2025-07-24 23:04:00,True,True,PI_6240319_AL,6.8075
2025-07-24 23:04:30,True,True,PI_6240319_AL,6.815833333333333
2025-07-24 23:05:00,True,True,PI_6240319_AL,6.824166666666667
2025-07-24 23:05:30,True,True,PI_6240319_AL,6.8325
2025-07-24 23:06:00,True,True,PI_6240319_AL,6.840833333333333
2025-07-24 23:06:30,True,True,PI_6240319_AL,6.849166666666667
2025-07-24 23:07:00,True,True,PI_6240319_AL,6.8575
2025-07-24 23:07:30,True,True,PI_6240319_AL,6.865833333333334
2025-07-24 23:08:00,True,True,PI_6240319_AL,6.8741666666666665
2025-07-24 23:08:30,True,True,PI_6240319_AL,6.8825
2025-07-24 23:09:00,True,True,PI_6240319_AL,6.890833333333333
2025-07-24 23:09:30,True,True,PI_6240319_AL,6.899166666666667
2025-07-24 23:10:00,True,True,PI_6240319_AL,6.9075
2025-07-24 23:10:30,True,True,PI_6240319_AL,6.9158333333333335
2025-07-24 23:11:00,True,True,PI_6240319_AL,6.924166666666666
2025-07-24 23:11:30,True,True,PI_6240319_AL,6.9325
2025-07-24 23:12:00,True,True,PI_6240319_AL,6.940833333333333
2025-07-24 23:12:30,True,True,PI_6240319_AL,6.949166666666667
2025-07-24 23:13:00,True,True,PI_6240319_AL,6.9575
2025-07-24 23:13:30,True,True,PI_6240319_AL,6.965833333333333
2025-07-24 23:14:00,True,True,PI_6240319_AL,6.974166666666667
2025-07-24 23:14:30,True,True,PI_6240319_AL,6.9825
2025-07-24 23:15:00,True,True,PI_6240319_AL,6.990833333333334
2025-07-24 23:15:30,True,True,PI_6240319_AL,6.9991666666666665
2025-07-24 23:16:00,True,True,PI_6240319_AL,7.0075
2025-07-24 23:16:30,True,True,PI_6240319_AL,7.015833333333333
2025-07-24 23:17:00,True,True,PI_6240319_AL,7.024166666666667
2025-07-24 23:17:30,True,True,PI_6240319_AL,7.0325
2025-07-24 23:18:00,True,True,PI_6240319_AL,7.0408333333333335
2025-07-24 23:18:30,True,True,PI_6240319_AL,7.049166666666666
2025-07-24 23:19:00,True,True,PI_6240319_AL,7.0575
2025-07-24 23:19:30,True,True,PI_6240319_AL,7.065833333333333
2025-07-24 23:20:00,True,True,PI_6240319_AL,7.074166666666667
2025-07-24 23:20:30,True,True,PI_6240319_AL,7.0825
2025-07-24 23:21:00,True,True,PI_6240319_AL,7.090833333333333
2025-07-24 23:21:30,True,True,PI_6240319_AL,7.099166666666667
2025-07-24 23:22:00,True,True,PI_6240319_AL,7.1075
2025-07-24 23:22:30,True,True,PI_6240319_AL,7.115833333333334
2025-07-24 23:23:00,True,True,PI_6240319_AL,7.1241666666666665
2025-07-24 23:23:30,True,True,PI_6240319_AL,7.1325
2025-07-24 23:24:00,True,True,PI_6240319_AL,7.140833333333333
2025-07-24 23:24:30,True,True,PI_6240319_AL,7.149166666666667
2025-07-24 23:25:00,True,True,PI_6240319_AL,7.1575
2025-07-24 23:25:30,True,True,PI_6240319_AL,7.1658333333333335
2025-07-24 23:26:00,True,True,PI_6240319_AL,7.174166666666666
2025-07-24 23:26:30,True,True,PI_6240319_AL,7.1825
2025-07-24 23:27:00,True,True,PI_6240319_AL,7.190833333333333
2025-07-24 23:27:30,True,True,PI_6240319_AL,7.199166666666667
2025-07-24 23:28:00,True,True,PI_6240319_AL,7.2075
2025-07-24 23:28:30,True,True,PI_6240319_AL,7.215833333333333
2025-07-24 23:29:00,True,True,PI_6240319_AL,7.224166666666667
2025-07-24 23:29:30,True,True,PI_6240319_AL,7.2325
2025-07-24 23:30:00,True,True,PI_6240319_AL,7.240833333333334
2025-07-24 23:30:30,True,True,PI_6240319_AL,7.2491666666666665
2025-07-24 23:31:00,True,True,PI_6240319_AL,7.2575
2025-07-24 23:31:30,True,True,PI_6240319_AL,7.265833333333333
2025-07-24 23:32:00,True,True,PI_6240319_AL,7.274166666666667
2025-07-24 23:32:30,True,True,PI_6240319_AL,7.2825
2025-07-24 23:33:00,True,True,PI_6240319_AL,7.2908333333333335
2025-07-24 23:33:30,True,True,PI_6240319_AL,7.299166666666666
2025-07-24 23:34:00,True,True,PI_6240319_AL,7.3075
2025-07-24 23:34:30,True,True,PI_6240319_AL,7.315833333333333
2025-07-24 23:35:00,True,True,PI_6240319_AL,7.324166666666667
2025-07-24 23:35:30,True,True,PI_6240319_AL,7.3325
2025-07-24 23:36:00,True,True,PI_6240319_AL,7.340833333333333
2025-07-24 23:36:30,True,True,PI_6240319_AL,7.349166666666667
2025-07-24 23:37:00,True,True,PI_6240319_AL,7.3575
2025-07-24 23:37:30,True,True,PI_6240319_AL,7.365833333333334
2025-07-24 23:38:00,True,True,PI_6240319_AL,7.3741666666666665
2025-07-24 23:38:30,True,True,PI_6240319_AL,7.3825
2025-07-24 23:39:00,True,True,PI_6240319_AL,7.390833333333333
2025-07-24 23:39:30,True,True,PI_6240319_AL,7.399166666666667
2025-07-24 23:40:00,True,True,PI_6240319_AL,7.4075
2025-07-24 23:40:30,True,True,PI_6240319_AL,7.4158333333333335
2025-07-24 23:41:00,True,True,PI_6240319_AL,7.424166666666666
2025-07-24 23:41:30,True,True,PI_6240319_AL,7.4325
2025-07-24 23:42:00,True,True,PI_6240319_AL,7.440833333333333
2025-07-24 23:42:30,True,True,PI_6240319_AL,7.449166666666667
2025-07-24 23:43:00,True,True,PI_6240319_AL,7.4575
2025-07-24 23:43:30,True,True,PI_6240319_AL,7.465833333333333
2025-07-24 23:44:00,True,True,PI_6240319_AL,7.474166666666667
2025-07-24 23:44:30,True,True,PI_6240319_AL,7.4825
2025-07-24 23:45:00,True,True,PI_6240319_AL,7.490833333333334
2025-07-24 23:45:30,True,True,PI_6240319_AL,7.4991666666666665
2025-07-24 23:46:00,True,True,PI_6240319_AL,7.5075
2025-07-24 23:46:30,True,True,PI_6240319_AL,7.515833333333333
2025-07-24 23:47:00,True,True,PI_6240319_AL,7.524166666666667
2025-07-24 23:47:30,True,True,PI_6240319_AL,7.5325
2025-07-24 23:48:00,True,True,PI_6240319_AL,7.5408333333333335
2025-07-24 23:48:30,True,True,PI_6240319_AL,7.549166666666666
2025-07-24 23:49:00,True,True,PI_6240319_AL,7.5575
2025-07-24 23:49:30,True,True,PI_6240319_AL,7.565833333333333
2025-07-24 23:50:00,True,True,PI_6240319_AL,7.574166666666667
2025-07-24 23:50:30,True,True,PI_6240319_AL,7.5825
2025-07-24 23:51:00,True,True,PI_6240319_AL,7.590833333333333
2025-07-24 23:51:30,True,True,PI_6240319_AL,7.599166666666667
2025-07-24 23:52:00,True,True,PI_6240319_AL,7.6075
2025-07-24 23:52:30,True,True,PI_6240319_AL,7.615833333333334
2025-07-24 23:53:00,True,True,PI_6240319_AL,7.6241666666666665
2025-07-24 23:53:30,True,True,PI_6240319_AL,7.6325
2025-07-24 23:54:00,True,True,PI_6240319_AL,7.640833333333333
2025-07-24 23:54:30,True,True,PI_6240319_AL,7.649166666666667
2025-07-24 23:55:00,True,True,PI_6240319_AL,7.6575
2025-07-24 23:55:30,True,True,PI_6240319_AL,7.6658333333333335
2025-07-24 23:56:00,True,True,PI_6240319_AL,7.674166666666666
2025-07-24 23:56:30,True,True,PI_6240319_AL,7.6825
2025-07-24 23:57:00,True,True,PI_6240319_AL,7.690833333333333
2025-07-24 23:57:30,True,True,PI_6240319_AL,7.699166666666667
2025-07-24 23:58:00,True,True,PI_6240319_AL,7.7075
2025-07-24 23:58:30,True,True,PI_6240319_AL,7.715833333333333
2025-07-24 23:59:00,True,True,PI_6240319_AL,7.724166666666667
2025-07-24 23:59:30,True,True,PI_6240319_AL,7.7325
2025-07-25 00:00:00,True,True,PI_6240319_AL,7.740833333333334
2025-07-25 00:00:30,True,True,PI_6240319_AL,7.7491666666666665
2025-07-25 00:01:00,True,True,PI_6240319_AL,7.7575
2025-07-25 00:01:30,True,True,PI_6240319_AL,7.765833333333333
2025-07-25 00:02:00,True,True,PI_6240319_AL,7.774166666666667
2025-07-25 00:02:30,True,True,PI_6240319_AL,7.7825
2025-07-25 00:03:00,True,True,PI_6240319_AL,7.7908333333333335
2025-07-25 00:03:30,True,True,PI_6240319_AL,7.799166666666666
2025-07-25 00:04:00,True,True,PI_6240319_AL,7.8075
2025-07-25 00:04:30,True,True,PI_6240319_AL,7.815833333333333
2025-07-25 00:05:00,True,True,PI_6240319_AL,7.824166666666667
2025-07-25 00:05:30,True,True,PI_6240319_AL,7.8325
2025-07-25 00:06:00,True,True,PI_6240319_AL,7.840833333333333
2025-07-25 00:06:30,True,True,PI_6240319_AL,7.849166666666667
2025-07-25 00:07:00,True,True,PI_6240319_AL,7.8575
2025-07-25 00:07:30,True,True,PI_6240319_AL,7.865833333333334
2025-07-25 00:08:00,True,True,PI_6240319_AL,7.8741666666666665
2025-07-25 00:08:30,True,True,PI_6240319_AL,7.8825
2025-07-25 00:09:00,True,True,PI_6240319_AL,7.890833333333333
2025-07-25 00:09:30,True,True,PI_6240319_AL,7.899166666666667
2025-07-25 00:10:00,True,True,PI_6240319_AL,7.9075
2025-07-25 00:10:30,True,True,PI_6240319_AL,7.9158333333333335
2025-07-25 00:11:00,True,True,PI_6240319_AL,7.924166666666666
2025-07-25 00:11:30,True,True,PI_6240319_AL,7.9325
2025-07-25 00:12:00,True,True,PI_6240319_AL,7.940833333333333
2025-07-25 00:12:30,True,True,PI_6240319_AL,7.949166666666667
2025-07-25 00:13:00,True,True,PI_6240319_AL,7.9575
2025-07-25 00:13:30,True,True,PI_6240319_AL,7.965833333333333
2025-07-25 00:14:00,True,True,PI_6240319_AL,7.974166666666667
2025-07-25 00:14:30,True,True,PI_6240319_AL,7.9825
2025-07-25 00:15:00,True,True,PI_6240319_AL,7.990833333333334
2025-07-25 00:15:30,True,True,PI_6240319_AL,7.9991666666666665
2025-07-25 00:16:00,True,True,PI_6240319_AL,8.0075
2025-07-25 00:16:30,True,True,PI_6240319_AL,8.015833333333333
2025-07-25 00:17:00,True,True,PI_6240319_AL,8.024166666666666
2025-07-25 00:17:30,True,True,PI_6240319_AL,8.0325
2025-07-25 00:18:00,True,True,PI_6240319_AL,8.040833333333333
2025-07-25 00:18:30,True,True,PI_6240319_AL,8.049166666666666
2025-07-25 00:19:00,True,True,PI_6240319_AL,8.0575
2025-07-25 00:19:30,True,True,PI_6240319_AL,8.065833333333334
2025-07-25 00:20:00,True,True,PI_6240319_AL,8.074166666666667
2025-07-25 00:20:30,True,True,PI_6240319_AL,8.0825
2025-07-25 00:21:00,True,True,PI_6240319_AL,8.090833333333334
2025-07-25 00:21:30,True,True,PI_6240319_AL,8.099166666666667
2025-07-25 00:22:00,True,True,PI_6240319_AL,8.1075
2025-07-25 00:22:30,True,True,PI_6240319_AL,8.115833333333333
2025-07-25 00:23:00,True,True,PI_6240319_AL,8.124166666666667
2025-07-25 00:23:30,True,True,PI_6240319_AL,8.1325
2025-07-25 00:24:00,True,True,PI_6240319_AL,8.140833333333333
2025-07-25 00:24:30,True,True,PI_6240319_AL,8.149166666666666
2025-07-25 00:25:00,True,True,PI_6240319_AL,8.1575
2025-07-25 00:25:30,True,True,PI_6240319_AL,8.165833333333333
2025-07-25 00:26:00,True,True,PI_6240319_AL,8.174166666666666
2025-07-25 00:26:30,True,True,PI_6240319_AL,8.1825
2025-07-25 00:27:00,True,True,PI_6240319_AL,8.190833333333334
2025-07-25 00:27:30,True,True,PI_6240319_AL,8.199166666666667
2025-07-25 00:28:00,True,True,PI_6240319_AL,8.2075
2025-07-25 00:28:30,True,True,PI_6240319_AL,8.215833333333334
2025-07-25 00:29:00,True,True,PI_6240319_AL,8.224166666666667
2025-07-25 00:29:30,True,True,PI_6240319_AL,8.2325
2025-07-25 00:30:00,True,True,PI_6240319_AL,8.240833333333333
2025-07-25 00:30:30,True,True,PI_6240319_AL,8.249166666666667
2025-07-25 00:31:00,True,True,PI_6240319_AL,8.2575
2025-07-25 00:31:30,True,True,PI_6240319_AL,8.265833333333333
2025-07-25 00:32:00,True,True,PI_6240319_AL,8.274166666666666
2025-07-25 00:32:30,True,True,PI_6240319_AL,8.2825
2025-07-25 00:33:00,True,True,PI_6240319_AL,8.290833333333333
2025-07-25 00:33:30,True,True,PI_6240319_AL,8.299166666666666
2025-07-25 00:34:00,True,True,PI_6240319_AL,8.3075
2025-07-25 00:34:30,True,True,PI_6240319_AL,8.315833333333334
2025-07-25 00:35:00,True,True,PI_6240319_AL,8.324166666666667
2025-07-25 00:35:30,True,True,PI_6240319_AL,8.3325
2025-07-25 00:36:00,True,True,PI_6240319_AL,8.340833333333334
2025-07-25 00:36:30,True,True,PI_6240319_AL,8.349166666666667
2025-07-25 00:37:00,True,True,PI_6240319_AL,8.3575
2025-07-25 00:37:30,True,True,PI_6240319_AL,8.365833333333333
2025-07-25 00:38:00,True,True,PI_6240319_AL,8.374166666666667
2025-07-25 00:38:30,True,True,PI_6240319_AL,8.3825
2025-07-25 00:39:00,True,True,PI_6240319_AL,8.390833333333333
2025-07-25 00:39:30,True,True,PI_6240319_AL,8.399166666666666
2025-07-25 00:40:00,True,True,PI_6240319_AL,8.4075
2025-07-25 00:40:30,True,True,PI_6240319_AL,8.415833333333333
2025-07-25 00:41:00,True,True,PI_6240319_AL,8.424166666666666
2025-07-25 00:41:30,True,True,PI_6240319_AL,8.4325
2025-07-25 00:42:00,True,True,PI_6240319_AL,8.440833333333334
2025-07-25 00:42:30,True,True,PI_6240319_AL,8.449166666666667
2025-07-25 00:43:00,True,True,PI_6240319_AL,8.4575
2025-07-25 00:43:30,True,True,PI_6240319_AL,8.465833333333334
2025-07-25 00:44:00,True,True,PI_6240319_AL,8.474166666666667
2025-07-25 00:44:30,True,True,PI_6240319_AL,8.4825
2025-07-25 00:45:00,True,True,PI_6240319_AL,8.490833333333333
2025-07-25 00:45:30,True,True,PI_6240319_AL,8.499166666666667
2025-07-25 00:46:00,True,True,PI_6240319_AL,8.5075
2025-07-25 00:46:30,True,True,PI_6240319_AL,8.515833333333333
2025-07-25 00:47:00,True,True,PI_6240319_AL,8.524166666666666
2025-07-25 00:47:30,True,True,PI_6240319_AL,8.5325
2025-07-25 00:48:00,True,True,PI_6240319_AL,8.540833333333333
2025-07-25 00:48:30,True,True,PI_6240319_AL,8.549166666666666
2025-07-25 00:49:00,True,True,PI_6240319_AL,8.5575
2025-07-25 00:49:30,True,True,PI_6240319_AL,8.565833333333334
2025-07-25 00:50:00,True,True,PI_6240319_AL,8.574166666666667
2025-07-25 00:50:30,True,True,PI_6240319_AL,8.5825
2025-07-25 00:51:00,True,True,PI_6240319_AL,8.590833333333334
2025-07-25 00:51:30,True,True,PI_6240319_AL,8.599166666666667
2025-07-25 00:52:00,True,True,PI_6240319_AL,8.6075
2025-07-25 00:52:30,True,True,PI_6240319_AL,8.615833333333333
2025-07-25 00:53:00,True,True,PI_6240319_AL,8.624166666666667
2025-07-25 00:53:30,True,True,PI_6240319_AL,8.6325
2025-07-25 00:54:00,True,True,PI_6240319_AL,8.640833333333333
2025-07-25 00:54:30,True,True,PI_6240319_AL,8.649166666666666
2025-07-25 00:55:00,True,True,PI_6240319_AL,8.6575
2025-07-25 00:55:30,True,True,PI_6240319_AL,8.665833333333333
2025-07-25 00:56:00,True,True,PI_6240319_AL,8.674166666666666
2025-07-25 00:56:30,True,True,PI_6240319_AL,8.6825
2025-07-25 00:57:00,True,True,PI_6240319_AL,8.690833333333334
2025-07-25 00:57:30,True,True,PI_6240319_AL,8.699166666666667
2025-07-25 00:58:00,True,True,PI_6240319_AL,8.7075
2025-07-25 00:58:30,True,True,PI_6240319_AL,8.715833333333334
2025-07-25 00:59:00,True,True,PI_6240319_AL,8.724166666666667
2025-07-25 00:59:30,True,True,PI_6240319_AL,8.7325
2025-07-25 01:00:00,True,True,PI_6240319_AL,8.740833333333333
2025-07-25 01:00:30,True,True,PI_6240319_AL,8.749166666666667
2025-07-25 01:01:00,True,True,PI_6240319_AL,8.7575
2025-07-25 01:01:30,True,True,PI_6240319_AL,8.765833333333333
2025-07-25 01:02:00,True,True,PI_6240319_AL,8.774166666666666
2025-07-25 01:02:30,True,True,PI_6240319_AL,8.7825
2025-07-25 01:03:00,True,True,PI_6240319_AL,8.790833333333333
2025-07-25 01:03:30,True,True,PI_6240319_AL,8.799166666666666
2025-07-25 01:04:00,True,True,PI_6240319_AL,8.8075
2025-07-25 01:04:30,True,True,PI_6240319_AL,8.815833333333334
2025-07-25 01:05:00,True,True,PI_6240319_AL,8.824166666666667
2025-07-25 01:05:30,True,True,PI_6240319_AL,8.8325
2025-07-25 01:06:00,True,True,PI_6240319_AL,8.840833333333334
2025-07-25 01:06:30,True,True,PI_6240319_AL,8.849166666666667
2025-07-25 01:07:00,True,True,PI_6240319_AL,8.8575
2025-07-25 01:07:30,True,True,PI_6240319_AL,8.865833333333333
2025-07-25 01:08:00,True,True,PI_6240319_AL,8.874166666666667
2025-07-25 01:08:30,True,True,PI_6240319_AL,8.8825
2025-07-25 01:09:00,True,True,PI_6240319_AL,8.890833333333333
2025-07-25 01:09:30,True,True,PI_6240319_AL,8.899166666666666
2025-07-25 01:10:00,True,True,PI_6240319_AL,8.9075
2025-07-25 01:10:30,True,True,PI_6240319_AL,8.915833333333333
2025-07-25 01:11:00,True,True,PI_6240319_AL,8.924166666666666
2025-07-25 01:11:30,True,True,PI_6240319_AL,8.9325
2025-07-25 01:12:00,True,True,PI_6240319_AL,8.940833333333334
2025-07-25 01:12:30,True,True,PI_6240319_AL,8.949166666666667
2025-07-25 01:13:00,True,True,PI_6240319_AL,8.9575
2025-07-25 01:13:30,True,True,PI_6240319_AL,8.965833333333334
2025-07-25 01:14:00,True,True,PI_6240319_AL,8.974166666666667
2025-07-25 01:14:30,True,True,PI_6240319_AL,8.9825
2025-07-25 01:15:00,True,True,PI_6240319_AL,8.990833333333333
2025-07-25 01:15:30,True,True,PI_6240319_AL,8.999166666666667
2025-07-25 01:16:00,True,True,PI_6240319_AL,9.0075
2025-07-25 01:16:30,True,True,PI_6240319_AL,9.015833333333333
2025-07-25 01:17:00,True,True,PI_6240319_AL,9.024166666666666
2025-07-25 01:17:30,True,True,PI_6240319_AL,9.0325
2025-07-25 01:18:00,True,True,PI_6240319_AL,9.040833333333333
2025-07-25 01:18:30,True,True,PI_6240319_AL,9.049166666666666
2025-07-25 01:19:00,True,True,PI_6240319_AL,9.0575
2025-07-25 01:19:30,True,True,PI_6240319_AL,9.065833333333334
2025-07-25 01:20:00,True,True,PI_6240319_AL,9.074166666666667
2025-07-25 01:20:30,True,True,PI_6240319_AL,9.0825
2025-07-25 01:21:00,True,True,PI_6240319_AL,9.090833333333334
2025-07-25 01:21:30,True,True,PI_6240319_AL,9.099166666666667
2025-07-25 01:22:00,True,True,PI_6240319_AL,9.1075
2025-07-25 01:22:30,True,True,PI_6240319_AL,9.115833333333333
2025-07-25 01:23:00,True,True,PI_6240319_AL,9.124166666666667
2025-07-25 01:23:30,True,True,PI_6240319_AL,9.1325
2025-07-25 01:24:00,True,True,PI_6240319_AL,9.140833333333333
2025-07-25 01:24:30,True,True,PI_6240319_AL,9.149166666666666
2025-07-25 01:25:00,True,True,PI_6240319_AL,9.1575
2025-07-25 01:25:30,True,True,PI_6240319_AL,9.165833333333333
2025-07-25 01:26:00,True,True,PI_6240319_AL,9.174166666666666
2025-07-25 01:26:30,True,True,PI_6240319_AL,9.1825
2025-07-25 01:27:00,True,True,PI_6240319_AL,9.190833333333334
2025-07-25 01:27:30,True,True,PI_6240319_AL,9.199166666666667
2025-07-25 01:28:00,True,True,PI_6240319_AL,9.2075
2025-07-25 01:28:30,True,True,PI_6240319_AL,9.215833333333334
2025-07-25 01:29:00,True,True,PI_6240319_AL,9.224166666666667
2025-07-25 01:29:30,True,True,PI_6240319_AL,9.2325
2025-07-25 01:30:00,True,True,PI_6240319_AL,9.240833333333333
2025-07-25 01:30:30,True,True,PI_6240319_AL,9.249166666666667
2025-07-25 01:31:00,True,True,PI_6240319_AL,9.2575
2025-07-25 01:31:30,True,True,PI_6240319_AL,9.265833333333333
2025-07-25 01:32:00,True,True,PI_6240319_AL,9.274166666666666
2025-07-25 01:32:30,True,True,PI_6240319_AL,9.2825
2025-07-25 01:33:00,True,True,PI_6240319_AL,9.290833333333333
2025-07-25 01:33:30,True,True,PI_6240319_AL,9.299166666666666
2025-07-25 01:34:00,True,True,PI_6240319_AL,9.3075
2025-07-25 01:34:30,True,True,PI_6240319_AL,9.315833333333334
2025-07-25 01:35:00,True,True,PI_6240319_AL,9.324166666666667
2025-07-25 01:35:30,True,True,PI_6240319_AL,9.3325
2025-07-25 01:36:00,True,True,PI_6240319_AL,9.340833333333334
2025-07-25 01:36:30,True,True,PI_6240319_AL,9.349166666666667
2025-07-25 01:37:00,True,True,PI_6240319_AL,9.3575
2025-07-25 01:37:30,True,True,PI_6240319_AL,9.365833333333333
2025-07-25 01:38:00,True,True,PI_6240319_AL,9.374166666666667
2025-07-25 01:38:30,True,True,PI_6240319_AL,9.3825
2025-07-25 01:39:00,True,True,PI_6240319_AL,9.390833333333333
2025-07-25 01:39:30,True,True,PI_6240319_AL,9.399166666666666
2025-07-25 01:40:00,True,True,PI_6240319_AL,9.4075
2025-07-25 01:40:30,True,True,PI_6240319_AL,9.415833333333333
2025-07-25 01:41:00,True,True,PI_6240319_AL,9.424166666666666
2025-07-25 01:41:30,True,True,PI_6240319_AL,9.4325
2025-07-25 01:42:00,True,True,PI_6240319_AL,9.440833333333334
2025-07-25 01:42:30,True,True,PI_6240319_AL,9.449166666666667
2025-07-25 01:43:00,True,True,PI_6240319_AL,9.4575
2025-07-25 01:43:30,True,True,PI_6240319_AL,9.465833333333334
2025-07-25 01:44:00,True,True,PI_6240319_AL,9.474166666666667
2025-07-25 01:44:30,True,True,PI_6240319_AL,9.4825
2025-07-25 01:45:00,True,True,PI_6240319_AL,9.490833333333333
2025-07-25 01:45:30,True,True,PI_6240319_AL,9.499166666666667
2025-07-25 01:46:00,True,True,PI_6240319_AL,9.5075
2025-07-25 01:46:30,True,True,PI_6240319_AL,9.515833333333333
2025-07-25 01:47:00,True,True,PI_6240319_AL,9.524166666666666
2025-07-25 01:47:30,True,True,PI_6240319_AL,9.5325
2025-07-25 01:48:00,True,True,PI_6240319_AL,9.540833333333333
2025-07-25 01:48:30,True,True,PI_6240319_AL,9.549166666666666
2025-07-25 01:49:00,True,True,PI_6240319_AL,9.5575
2025-07-25 01:49:30,True,True,PI_6240319_AL,9.565833333333334
2025-07-25 01:50:00,True,True,PI_6240319_AL,9.574166666666667
2025-07-25 01:50:30,True,True,PI_6240319_AL,9.5825
2025-07-25 01:51:00,True,True,PI_6240319_AL,9.590833333333334
2025-07-25 01:51:30,True,True,PI_6240319_AL,9.599166666666667
2025-07-25 01:52:00,True,True,PI_6240319_AL,9.6075
2025-07-25 01:52:30,True,True,PI_6240319_AL,9.615833333333333
2025-07-25 01:53:00,True,True,PI_6240319_AL,9.624166666666667
2025-07-25 01:53:30,True,True,PI_6240319_AL,9.6325
2025-07-25 01:54:00,True,True,PI_6240319_AL,9.640833333333333
2025-07-25 01:54:30,True,True,PI_6240319_AL,9.649166666666666
2025-07-25 01:55:00,True,True,PI_6240319_AL,9.6575
2025-07-25 01:55:30,True,True,PI_6240319_AL,9.665833333333333
2025-07-25 01:56:00,True,True,PI_6240319_AL,9.674166666666666
2025-07-25 01:56:30,True,True,PI_6240319_AL,9.6825
2025-07-25 01:57:00,True,True,PI_6240319_AL,9.690833333333334
2025-07-25 01:57:30,True,True,PI_6240319_AL,9.699166666666667
2025-07-25 01:58:00,True,True,PI_6240319_AL,9.7075
2025-07-25 01:58:30,True,True,PI_6240319_AL,9.715833333333334
2025-07-25 01:59:00,True,True,PI_6240319_AL,9.724166666666667
2025-07-25 01:59:30,True,True,PI_6240319_AL,9.7325
2025-07-25 02:00:00,True,True,PI_6240319_AL,9.740833333333333
2025-07-25 02:00:30,True,True,PI_6240319_AL,9.749166666666667
2025-07-25 02:01:00,True,True,PI_6240319_AL,9.7575
2025-07-25 02:01:30,True,True,PI_6240319_AL,9.765833333333333
2025-07-25 02:02:00,True,True,PI_6240319_AL,9.774166666666666
2025-07-25 02:02:30,True,True,PI_6240319_AL,9.7825
2025-07-25 02:03:00,True,True,PI_6240319_AL,9.790833333333333
2025-07-25 02:03:30,True,True,PI_6240319_AL,9.799166666666666
2025-07-25 02:04:00,True,True,PI_6240319_AL,9.8075
2025-07-25 02:04:30,True,True,PI_6240319_AL,9.815833333333334
2025-07-25 02:05:00,True,True,PI_6240319_AL,9.824166666666667
2025-07-25 02:05:30,True,True,PI_6240319_AL,9.8325
2025-07-25 02:06:00,True,True,PI_6240319_AL,9.840833333333334
2025-07-25 02:06:30,True,True,PI_6240319_AL,9.849166666666667
2025-07-25 02:07:00,True,True,PI_6240319_AL,9.8575
2025-07-25 02:07:30,True,True,PI_6240319_AL,9.865833333333333
2025-07-25 02:08:00,True,True,PI_6240319_AL,9.874166666666667
2025-07-25 02:08:30,True,True,PI_6240319_AL,9.8825
2025-07-25 02:09:00,True,True,PI_6240319_AL,9.890833333333333
2025-07-25 02:09:30,True,True,PI_6240319_AL,9.899166666666666
2025-07-25 02:10:00,True,True,PI_6240319_AL,9.9075
2025-07-25 02:10:30,True,True,PI_6240319_AL,9.915833333333333
2025-07-25 02:11:00,True,True,PI_6240319_AL,9.924166666666666
2025-07-25 02:11:30,True,True,PI_6240319_AL,9.9325
2025-07-25 02:12:00,True,True,PI_6240319_AL,9.940833333333334
2025-07-25 02:12:30,True,True,PI_6240319_AL,9.949166666666667
2025-07-25 02:13:00,True,True,PI_6240319_AL,9.9575
2025-07-25 02:13:30,True,True,PI_6240319_AL,9.965833333333334
2025-07-25 02:14:00,True,True,PI_6240319_AL,9.974166666666667
2025-07-25 02:14:30,True,True,PI_6240319_AL,9.9825
2025-07-25 02:15:00,True,True,PI_6240319_AL,9.990833333333333
2025-07-25 02:15:30,True,True,PI_6240319_AL,9.999166666666667
2025-07-25 02:16:00,True,True,PI_6240319_AL,10.0075
2025-07-25 02:16:30,True,True,PI_6240319_AL,10.015833333333333
2025-07-25 02:17:00,True,True,PI_6240319_AL,10.024166666666666
2025-07-25 02:17:30,True,True,PI_6240319_AL,10.0325
2025-07-25 02:18:00,True,True,PI_6240319_AL,10.040833333333333
2025-07-25 02:18:30,True,True,PI_6240319_AL,10.049166666666666
2025-07-25 02:19:00,True,True,PI_6240319_AL,10.0575
2025-07-25 02:19:30,True,True,PI_6240319_AL,10.065833333333334
2025-07-25 02:20:00,True,True,PI_6240319_AL,10.074166666666667
2025-07-25 02:20:30,True,True,PI_6240319_AL,10.0825
2025-07-25 02:21:00,True,True,PI_6240319_AL,10.090833333333334
2025-07-25 02:21:30,True,True,PI_6240319_AL,10.099166666666667
2025-07-25 02:22:00,True,True,PI_6240319_AL,10.1075
2025-07-25 02:22:30,True,True,PI_6240319_AL,10.115833333333333
2025-07-25 02:23:00,True,True,PI_6240319_AL,10.124166666666667
2025-07-25 02:23:30,True,True,PI_6240319_AL,10.1325
2025-07-25 02:24:00,True,True,PI_6240319_AL,10.140833333333333
2025-07-25 02:24:30,True,True,PI_6240319_AL,10.149166666666666
2025-07-25 02:25:00,True,True,PI_6240319_AL,10.1575
2025-07-25 02:25:30,True,True,PI_6240319_AL,10.165833333333333
2025-07-25 02:26:00,True,True,PI_6240319_AL,10.174166666666666
2025-07-25 02:26:30,True,True,PI_6240319_AL,10.1825
2025-07-25 02:27:00,True,True,PI_6240319_AL,10.190833333333334
2025-07-25 02:27:30,True,True,PI_6240319_AL,10.199166666666667
2025-07-25 02:28:00,True,True,PI_6240319_AL,10.2075
2025-07-25 02:28:30,True,True,PI_6240319_AL,10.215833333333334
2025-07-25 02:29:00,True,True,PI_6240319_AL,10.224166666666667
2025-07-25 02:29:30,True,True,PI_6240319_AL,10.2325
2025-07-25 02:30:00,True,True,PI_6240319_AL,10.240833333333333
2025-07-25 02:30:30,True,True,PI_6240319_AL,10.249166666666667
2025-07-25 02:31:00,True,True,PI_6240319_AL,10.2575
2025-07-25 02:31:30,True,True,PI_6240319_AL,10.265833333333333
2025-07-25 02:32:00,True,True,PI_6240319_AL,10.274166666666666
2025-07-25 02:32:30,True,True,PI_6240319_AL,10.2825
2025-07-25 02:33:00,True,True,PI_6240319_AL,10.290833333333333
2025-07-25 02:33:30,True,True,PI_6240319_AL,10.299166666666666
2025-07-25 02:34:00,True,True,PI_6240319_AL,10.3075
2025-07-25 02:34:30,True,True,PI_6240319_AL,10.315833333333334
2025-07-25 02:35:00,True,True,PI_6240319_AL,10.324166666666667
2025-07-25 02:35:30,True,True,PI_6240319_AL,10.3325
2025-07-25 02:36:00,True,True,PI_6240319_AL,10.340833333333334
2025-07-25 02:36:30,True,True,PI_6240319_AL,10.349166666666667
2025-07-25 02:37:00,True,True,PI_6240319_AL,10.3575
2025-07-25 02:37:30,True,True,PI_6240319_AL,10.365833333333333
2025-07-25 02:38:00,True,True,PI_6240319_AL,10.374166666666667
2025-07-25 02:38:30,True,True,PI_6240319_AL,10.3825
2025-07-25 02:39:00,True,True,PI_6240319_AL,10.390833333333333
2025-07-25 02:39:30,True,True,PI_6240319_AL,10.399166666666666
2025-07-25 02:40:00,True,True,PI_6240319_AL,10.4075
2025-07-25 02:40:30,True,True,PI_6240319_AL,10.415833333333333
2025-07-25 02:41:00,True,True,PI_6240319_AL,10.424166666666666
2025-07-25 02:41:30,True,True,PI_6240319_AL,10.4325
2025-07-25 02:42:00,True,True,PI_6240319_AL,10.440833333333334
2025-07-25 02:42:30,True,True,PI_6240319_AL,10.449166666666667
2025-07-25 02:43:00,True,True,PI_6240319_AL,10.4575
2025-07-25 02:43:30,True,True,PI_6240319_AL,10.465833333333334
2025-07-25 02:44:00,True,True,PI_6240319_AL,10.474166666666667
2025-07-25 02:44:30,True,True,PI_6240319_AL,10.4825
2025-07-25 02:45:00,True,True,PI_6240319_AL,10.490833333333333
2025-07-25 02:45:30,True,True,PI_6240319_AL,10.499166666666667
2025-07-25 02:46:00,True,True,PI_6240319_AL,10.5075
2025-07-25 02:46:30,True,True,PI_6240319_AL,10.515833333333333
2025-07-25 02:47:00,True,True,PI_6240319_AL,10.524166666666666
2025-07-25 02:47:30,True,True,PI_6240319_AL,10.5325
2025-07-25 02:48:00,True,True,PI_6240319_AL,10.540833333333333
2025-07-25 02:48:30,True,True,PI_6240319_AL,10.549166666666666
2025-07-25 02:49:00,True,True,PI_6240319_AL,10.5575
2025-07-25 02:49:30,True,True,PI_6240319_AL,10.565833333333334
2025-07-25 02:50:00,True,True,PI_6240319_AL,10.574166666666667
2025-07-25 02:50:30,True,True,PI_6240319_AL,10.5825
2025-07-25 02:51:00,True,True,PI_6240319_AL,10.590833333333334
2025-07-25 02:51:30,True,True,PI_6240319_AL,10.599166666666667
2025-07-25 02:52:00,True,True,PI_6240319_AL,10.6075
2025-07-25 02:52:30,True,True,PI_6240319_AL,10.615833333333333
2025-07-25 02:53:00,True,True,PI_6240319_AL,10.624166666666667
2025-07-25 02:53:30,True,True,PI_6240319_AL,10.6325
2025-07-25 02:54:00,True,True,PI_6240319_AL,10.640833333333333
2025-07-25 02:54:30,True,True,PI_6240319_AL,10.649166666666666
2025-07-25 02:55:00,True,True,PI_6240319_AL,10.6575
2025-07-25 02:55:30,True,True,PI_6240319_AL,10.665833333333333
2025-07-25 02:56:00,True,True,PI_6240319_AL,10.674166666666666
2025-07-25 02:56:30,True,True,PI_6240319_AL,10.6825
2025-07-25 02:57:00,True,True,PI_6240319_AL,10.690833333333334
2025-07-25 02:57:30,True,True,PI_6240319_AL,10.699166666666667
2025-07-25 02:58:00,True,True,PI_6240319_AL,10.7075
2025-07-25 02:58:30,True,True,PI_6240319_AL,10.715833333333334
2025-07-25 02:59:00,True,True,PI_6240319_AL,10.724166666666667
2025-07-25 02:59:30,True,True,PI_6240319_AL,10.7325
2025-07-25 03:00:00,True,True,PI_6240319_AL,10.740833333333333
2025-07-25 03:00:30,True,True,PI_6240319_AL,10.749166666666667
2025-07-25 03:01:00,True,True,PI_6240319_AL,10.7575
2025-07-25 03:01:30,True,True,PI_6240319_AL,10.765833333333333
2025-07-25 03:02:00,True,True,PI_6240319_AL,10.774166666666666
2025-07-25 03:02:30,True,True,PI_6240319_AL,10.7825
2025-07-25 03:03:00,True,True,PI_6240319_AL,10.790833333333333
2025-07-25 03:03:30,True,True,PI_6240319_AL,10.799166666666666
2025-07-25 03:04:00,True,True,PI_6240319_AL,10.8075
2025-07-25 03:04:30,True,True,PI_6240319_AL,10.815833333333334
2025-07-25 03:05:00,True,True,PI_6240319_AL,10.824166666666667
2025-07-25 03:05:30,True,True,PI_6240319_AL,10.8325
2025-07-25 03:06:00,True,True,PI_6240319_AL,10.840833333333334
2025-07-25 03:06:30,True,True,PI_6240319_AL,10.849166666666667
2025-07-25 03:07:00,True,True,PI_6240319_AL,10.8575
2025-07-25 03:07:30,True,True,PI_6240319_AL,10.865833333333333
2025-07-25 03:08:00,True,True,PI_6240319_AL,10.874166666666667
2025-07-25 03:08:30,True,True,PI_6240319_AL,10.8825
2025-07-25 03:09:00,True,True,PI_6240319_AL,10.890833333333333
2025-07-25 03:09:30,True,True,PI_6240319_AL,10.899166666666666
2025-07-25 03:10:00,True,True,PI_6240319_AL,10.9075
2025-07-25 03:10:30,True,True,PI_6240319_AL,10.915833333333333
2025-07-25 03:11:00,True,True,PI_6240319_AL,10.924166666666666
2025-07-25 03:11:30,True,True,PI_6240319_AL,10.9325
2025-07-25 03:12:00,True,True,PI_6240319_AL,10.940833333333334
2025-07-25 03:12:30,True,True,PI_6240319_AL,10.949166666666667
2025-07-25 03:13:00,True,True,PI_6240319_AL,10.9575
2025-07-25 03:13:30,True,True,PI_6240319_AL,10.965833333333334
2025-07-25 03:14:00,True,True,PI_6240319_AL,10.974166666666667
2025-07-25 03:14:30,True,True,PI_6240319_AL,10.9825
2025-07-25 03:15:00,True,True,PI_6240319_AL,10.990833333333333
2025-07-25 03:15:30,True,True,PI_6240319_AL,10.999166666666667
2025-07-25 03:16:00,True,True,PI_6240319_AL,11.0075
2025-07-25 03:16:30,True,True,PI_6240319_AL,11.015833333333333
2025-07-25 03:17:00,True,True,PI_6240319_AL,11.024166666666666
2025-07-25 03:17:30,True,True,PI_6240319_AL,11.0325
2025-07-25 03:18:00,True,True,PI_6240319_AL,11.040833333333333
2025-07-25 03:18:30,True,True,PI_6240319_AL,11.049166666666666
2025-07-25 03:19:00,True,True,PI_6240319_AL,11.0575
2025-07-25 03:19:30,True,True,PI_6240319_AL,11.065833333333334
2025-07-25 03:20:00,True,True,PI_6240319_AL,11.074166666666667
2025-07-25 03:20:30,True,True,PI_6240319_AL,11.0825
2025-07-25 03:21:00,True,True,PI_6240319_AL,11.090833333333334
2025-07-25 03:21:30,True,True,PI_6240319_AL,11.099166666666667
2025-07-25 03:22:00,True,True,PI_6240319_AL,11.1075
2025-07-25 03:22:30,True,True,PI_6240319_AL,11.115833333333333
2025-07-25 03:23:00,True,True,PI_6240319_AL,11.124166666666667
2025-07-25 03:23:30,True,True,PI_6240319_AL,11.1325
2025-07-25 03:24:00,True,True,PI_6240319_AL,11.140833333333333
2025-07-25 03:24:30,True,True,PI_6240319_AL,11.149166666666666
2025-07-25 03:25:00,True,True,PI_6240319_AL,11.1575
2025-07-25 03:25:30,True,True,PI_6240319_AL,11.165833333333333
2025-07-25 03:26:00,True,True,PI_6240319_AL,11.174166666666666
2025-07-25 03:26:30,True,True,PI_6240319_AL,11.1825
2025-07-25 03:27:00,True,True,PI_6240319_AL,11.190833333333334
2025-07-25 03:27:30,True,True,PI_6240319_AL,11.199166666666667
2025-07-25 03:28:00,True,True,PI_6240319_AL,11.2075
2025-07-25 03:28:30,True,True,PI_6240319_AL,11.215833333333334
2025-07-25 03:29:00,True,True,PI_6240319_AL,11.224166666666667
2025-07-25 03:29:30,True,True,PI_6240319_AL,11.2325
2025-07-25 03:30:00,True,True,PI_6240319_AL,11.240833333333333
2025-07-25 03:30:30,True,True,PI_6240319_AL,11.249166666666667
2025-07-25 03:31:00,True,True,PI_6240319_AL,11.2575
2025-07-25 03:31:30,True,True,PI_6240319_AL,11.265833333333333
2025-07-25 03:32:00,True,True,PI_6240319_AL,11.274166666666666
2025-07-25 03:32:30,True,True,PI_6240319_AL,11.2825
2025-07-25 03:33:00,True,True,PI_6240319_AL,11.290833333333333
2025-07-25 03:33:30,True,True,PI_6240319_AL,11.299166666666666
2025-07-25 03:34:00,True,True,PI_6240319_AL,11.3075
2025-07-25 03:34:30,True,True,PI_6240319_AL,11.315833333333334
2025-07-25 03:35:00,True,True,PI_6240319_AL,11.324166666666667
2025-07-25 03:35:30,True,True,PI_6240319_AL,11.3325
2025-07-25 03:36:00,True,True,PI_6240319_AL,11.340833333333334
2025-07-25 03:36:30,True,True,PI_6240319_AL,11.349166666666667
2025-07-25 03:37:00,True,True,PI_6240319_AL,11.3575
2025-07-25 03:37:30,True,True,PI_6240319_AL,11.365833333333333
2025-07-25 03:38:00,True,True,PI_6240319_AL,11.374166666666667
2025-07-25 03:38:30,True,True,PI_6240319_AL,11.3825
2025-07-25 03:39:00,True,True,PI_6240319_AL,11.390833333333333
2025-07-25 03:39:30,True,True,PI_6240319_AL,11.399166666666666
2025-07-25 03:40:00,True,True,PI_6240319_AL,11.4075
2025-07-25 03:40:30,True,True,PI_6240319_AL,11.415833333333333
2025-07-25 03:41:00,True,True,PI_6240319_AL,11.424166666666666
2025-07-25 03:41:30,True,True,PI_6240319_AL,11.4325
2025-07-25 03:42:00,True,True,PI_6240319_AL,11.440833333333334
2025-07-25 03:42:30,True,True,PI_6240319_AL,11.449166666666667
2025-07-25 03:43:00,True,True,PI_6240319_AL,11.4575
2025-07-25 03:43:30,True,True,PI_6240319_AL,11.465833333333334
2025-07-25 03:44:00,True,True,PI_6240319_AL,11.474166666666667
2025-07-25 03:44:30,True,True,PI_6240319_AL,11.4825
2025-07-25 03:45:00,True,True,PI_6240319_AL,11.490833333333333
2025-07-25 03:45:30,True,True,PI_6240319_AL,11.499166666666667
2025-07-25 03:46:00,True,True,PI_6240319_AL,11.5075
2025-07-25 03:46:30,True,True,PI_6240319_AL,11.515833333333333
2025-07-25 03:47:00,True,True,PI_6240319_AL,11.524166666666666
2025-07-25 03:47:30,True,True,PI_6240319_AL,11.5325
2025-07-25 03:48:00,True,True,PI_6240319_AL,11.540833333333333
2025-07-25 03:48:30,True,True,PI_6240319_AL,11.549166666666666
2025-07-25 03:49:00,True,True,PI_6240319_AL,11.5575
2025-07-25 03:49:30,True,True,PI_6240319_AL,11.565833333333334
2025-07-25 03:50:00,True,True,PI_6240319_AL,11.574166666666667
2025-07-25 03:50:30,True,True,PI_6240319_AL,11.5825
2025-07-25 03:51:00,True,True,PI_6240319_AL,11.590833333333334
2025-07-25 03:51:30,True,True,PI_6240319_AL,11.599166666666667
2025-07-25 03:52:00,True,True,PI_6240319_AL,11.6075
2025-07-25 03:52:30,True,True,PI_6240319_AL,11.615833333333333
2025-07-25 03:53:00,True,True,PI_6240319_AL,11.624166666666667
2025-07-25 03:53:30,True,True,PI_6240319_AL,11.6325
2025-07-25 03:54:00,True,True,PI_6240319_AL,11.640833333333333
2025-07-25 03:54:30,True,True,PI_6240319_AL,11.649166666666666
2025-07-25 03:55:00,True,True,PI_6240319_AL,11.6575
2025-07-25 03:55:30,True,True,PI_6240319_AL,11.665833333333333
2025-07-25 03:56:00,True,True,PI_6240319_AL,11.674166666666666
2025-07-25 03:56:30,True,True,PI_6240319_AL,11.6825
2025-07-25 03:57:00,True,True,PI_6240319_AL,11.690833333333334
2025-07-25 03:57:30,True,True,PI_6240319_AL,11.699166666666667
2025-07-25 03:58:00,True,True,PI_6240319_AL,11.7075
2025-07-25 03:58:30,True,True,PI_6240319_AL,11.715833333333334
2025-07-25 03:59:00,True,True,PI_6240319_AL,11.724166666666667
2025-07-25 03:59:30,True,True,PI_6240319_AL,11.7325
2025-07-25 04:00:00,True,True,PI_6240319_AL,11.740833333333333
2025-07-25 04:00:30,True,True,PI_6240319_AL,11.749166666666667
2025-07-25 04:01:00,True,True,PI_6240319_AL,11.7575
2025-07-25 04:01:30,True,True,PI_6240319_AL,11.765833333333333
2025-07-25 04:02:00,True,True,PI_6240319_AL,11.774166666666666
2025-07-25 04:02:30,True,True,PI_6240319_AL,11.7825
2025-07-25 04:03:00,True,True,PI_6240319_AL,11.790833333333333
2025-07-25 04:03:30,True,True,PI_6240319_AL,11.799166666666666
2025-07-25 04:04:00,True,True,PI_6240319_AL,11.8075
2025-07-25 04:04:30,True,True,PI_6240319_AL,11.815833333333334
2025-07-25 04:05:00,True,True,PI_6240319_AL,11.824166666666667
2025-07-25 04:05:30,True,True,PI_6240319_AL,11.8325
2025-07-25 04:06:00,True,True,PI_6240319_AL,11.840833333333334
2025-07-25 04:06:30,True,True,PI_6240319_AL,11.849166666666667
2025-07-25 04:07:00,True,True,PI_6240319_AL,11.8575
2025-07-25 04:07:30,True,True,PI_6240319_AL,11.865833333333333
2025-07-25 04:08:00,True,True,PI_6240319_AL,11.874166666666667
2025-07-25 04:08:30,True,True,PI_6240319_AL,11.8825
2025-07-25 04:09:00,True,True,PI_6240319_AL,11.890833333333333
2025-07-25 04:09:30,True,True,PI_6240319_AL,11.899166666666666
2025-07-25 04:10:00,True,True,PI_6240319_AL,11.9075
2025-07-25 04:10:30,True,True,PI_6240319_AL,11.915833333333333
2025-07-25 04:11:00,True,True,PI_6240319_AL,11.924166666666666
2025-07-25 04:11:30,True,True,PI_6240319_AL,11.9325
2025-07-25 04:12:00,True,True,PI_6240319_AL,11.940833333333334
2025-07-25 04:12:30,True,True,PI_6240319_AL,11.949166666666667
2025-07-25 04:13:00,True,True,PI_6240319_AL,11.9575
2025-07-25 04:13:30,True,True,PI_6240319_AL,11.965833333333334
2025-07-25 04:14:00,True,True,PI_6240319_AL,11.974166666666667
2025-07-25 04:14:30,True,True,PI_6240319_AL,11.9825
2025-07-25 04:15:00,True,True,PI_6240319_AL,11.990833333333333
2025-07-25 04:15:30,True,True,PI_6240319_AL,11.999166666666667
2025-07-25 04:16:00,True,True,PI_6240319_AL,12.0075
2025-07-25 04:16:30,True,True,PI_6240319_AL,12.015833333333333
2025-07-25 04:17:00,True,True,PI_6240319_AL,12.024166666666666
2025-07-25 04:17:30,True,True,PI_6240319_AL,12.0325
2025-07-25 04:18:00,True,True,PI_6240319_AL,12.040833333333333
2025-07-25 04:18:30,True,True,PI_6240319_AL,12.049166666666666
2025-07-25 04:19:00,True,True,PI_6240319_AL,12.0575
2025-07-25 04:19:30,True,True,PI_6240319_AL,12.065833333333334
2025-07-25 04:20:00,True,True,PI_6240319_AL,12.074166666666667
2025-07-25 04:20:30,True,True,PI_6240319_AL,12.0825
2025-07-25 04:21:00,True,True,PI_6240319_AL,12.090833333333334
2025-07-25 04:21:30,True,True,PI_6240319_AL,12.099166666666667
2025-07-25 04:22:00,True,True,PI_6240319_AL,12.1075
2025-07-25 04:22:30,True,True,PI_6240319_AL,12.115833333333333
2025-07-25 04:23:00,True,True,PI_6240319_AL,12.124166666666667
2025-07-25 04:23:30,True,True,PI_6240319_AL,12.1325
2025-07-25 04:24:00,True,True,PI_6240319_AL,12.140833333333333
2025-07-25 04:24:30,True,True,PI_6240319_AL,12.149166666666666
2025-07-25 04:25:00,True,True,PI_6240319_AL,12.1575
2025-07-25 04:25:30,True,True,PI_6240319_AL,12.165833333333333
2025-07-25 04:26:00,True,True,PI_6240319_AL,12.174166666666666
2025-07-25 04:26:30,True,True,PI_6240319_AL,12.1825
2025-07-25 04:27:00,True,True,PI_6240319_AL,12.190833333333334
2025-07-25 04:27:30,True,True,PI_6240319_AL,12.199166666666667
2025-07-25 04:28:00,True,True,PI_6240319_AL,12.2075
2025-07-25 04:28:30,True,True,PI_6240319_AL,12.215833333333334
2025-07-25 04:29:00,True,True,PI_6240319_AL,12.224166666666667
2025-07-25 04:29:30,True,True,PI_6240319_AL,12.2325
2025-07-25 04:30:00,True,True,PI_6240319_AL,12.240833333333333
2025-07-25 04:30:30,True,True,PI_6240319_AL,12.249166666666667
2025-07-25 04:31:00,True,True,PI_6240319_AL,12.2575
2025-07-25 04:31:30,True,True,PI_6240319_AL,12.265833333333333
2025-07-25 04:32:00,True,True,PI_6240319_AL,12.274166666666666
2025-07-25 04:32:30,True,True,PI_6240319_AL,12.2825
2025-07-25 04:33:00,True,True,PI_6240319_AL,12.290833333333333
2025-07-25 04:33:30,True,True,PI_6240319_AL,12.299166666666666
2025-07-25 04:34:00,True,True,PI_6240319_AL,12.3075
2025-07-25 04:34:30,True,True,PI_6240319_AL,12.315833333333334
2025-07-25 04:35:00,True,True,PI_6240319_AL,12.324166666666667
2025-07-25 04:35:30,True,True,PI_6240319_AL,12.3325
2025-07-25 04:36:00,True,True,PI_6240319_AL,12.340833333333334
2025-07-25 04:36:30,True,True,PI_6240319_AL,12.349166666666667
2025-07-25 04:37:00,True,True,PI_6240319_AL,12.3575
2025-07-25 04:37:30,True,True,PI_6240319_AL,12.365833333333333
2025-07-25 04:38:00,True,True,PI_6240319_AL,12.374166666666667
2025-07-25 04:38:30,True,True,PI_6240319_AL,12.3825
2025-07-25 04:39:00,True,True,PI_6240319_AL,12.390833333333333
2025-07-25 04:39:30,True,True,PI_6240319_AL,12.399166666666666
2025-07-25 04:40:00,True,True,PI_6240319_AL,12.4075
2025-07-25 04:40:30,True,True,PI_6240319_AL,12.415833333333333
2025-07-25 04:41:00,True,True,PI_6240319_AL,12.424166666666666
2025-07-25 04:41:30,True,True,PI_6240319_AL,12.4325
2025-07-25 04:42:00,True,True,PI_6240319_AL,12.440833333333334
2025-07-25 04:42:30,True,True,PI_6240319_AL,12.449166666666667
2025-07-25 04:43:00,True,True,PI_6240319_AL,12.4575
2025-07-25 04:43:30,True,True,PI_6240319_AL,12.465833333333334
2025-07-25 04:44:00,True,True,PI_6240319_AL,12.474166666666667
2025-07-25 04:44:30,True,True,PI_6240319_AL,12.4825
2025-07-25 04:45:00,True,True,PI_6240319_AL,12.490833333333333
2025-07-25 04:45:30,True,True,PI_6240319_AL,12.499166666666667
2025-07-25 04:46:00,True,True,PI_6240319_AL,12.5075
2025-07-25 04:46:30,True,True,PI_6240319_AL,12.515833333333333
2025-07-25 04:47:00,True,True,PI_6240319_AL,12.524166666666666
2025-07-25 04:47:30,True,True,PI_6240319_AL,12.5325
2025-07-25 04:48:00,True,True,PI_6240319_AL,12.540833333333333
2025-07-25 04:48:30,True,True,PI_6240319_AL,12.549166666666666
2025-07-25 04:49:00,True,True,PI_6240319_AL,12.5575
2025-07-25 04:49:30,True,True,PI_6240319_AL,12.565833333333334
2025-07-25 04:50:00,True,True,PI_6240319_AL,12.574166666666667
2025-07-25 04:50:30,True,True,PI_6240319_AL,12.5825
2025-07-25 04:51:00,True,True,PI_6240319_AL,12.590833333333334
2025-07-25 04:51:30,True,True,PI_6240319_AL,12.599166666666667
2025-07-25 04:52:00,True,True,PI_6240319_AL,12.6075
2025-07-25 04:52:30,True,True,PI_6240319_AL,12.615833333333333
2025-07-25 04:53:00,True,True,PI_6240319_AL,12.624166666666667
2025-07-25 04:53:30,True,True,PI_6240319_AL,12.6325
2025-07-25 04:54:00,True,True,PI_6240319_AL,12.640833333333333
2025-07-25 04:54:30,True,True,PI_6240319_AL,12.649166666666666
2025-07-25 04:55:00,True,True,PI_6240319_AL,12.6575
2025-07-25 04:55:30,True,True,PI_6240319_AL,12.665833333333333
2025-07-25 04:56:00,True,True,PI_6240319_AL,12.674166666666666
2025-07-25 04:56:30,True,True,PI_6240319_AL,12.6825
2025-07-25 04:57:00,True,True,PI_6240319_AL,12.690833333333334
2025-07-25 04:57:30,True,True,PI_6240319_AL,12.699166666666667
2025-07-25 04:58:00,True,True,PI_6240319_AL,12.7075
2025-07-25 04:58:30,True,True,PI_6240319_AL,12.715833333333334
2025-07-25 04:59:00,True,True,PI_6240319_AL,12.724166666666667
2025-07-25 04:59:30,True,True,PI_6240319_AL,12.7325
2025-07-25 05:00:00,True,True,PI_6240319_AL,12.740833333333333
2025-07-25 05:00:30,True,True,PI_6240319_AL,12.749166666666667
2025-07-25 05:01:00,True,True,PI_6240319_AL,12.7575
2025-07-25 05:01:30,True,True,PI_6240319_AL,12.765833333333333
2025-07-25 05:02:00,True,True,PI_6240319_AL,12.774166666666666
2025-07-25 05:02:30,True,True,PI_6240319_AL,12.7825
2025-07-25 05:03:00,True,True,PI_6240319_AL,12.790833333333333
2025-07-25 05:03:30,True,True,PI_6240319_AL,12.799166666666666
2025-07-25 05:04:00,True,True,PI_6240319_AL,12.8075
2025-07-25 05:04:30,True,True,PI_6240319_AL,12.815833333333334
2025-07-25 05:05:00,True,True,PI_6240319_AL,12.824166666666667
2025-07-25 05:05:30,True,True,PI_6240319_AL,12.8325
2025-07-25 05:06:00,True,True,PI_6240319_AL,12.840833333333334
2025-07-25 05:06:30,True,True,PI_6240319_AL,12.849166666666667
2025-07-25 05:07:00,True,True,PI_6240319_AL,12.8575
2025-07-25 05:07:30,True,True,PI_6240319_AL,12.865833333333333
2025-07-25 05:08:00,True,True,PI_6240319_AL,12.874166666666667
2025-07-25 05:08:30,True,True,PI_6240319_AL,12.8825
2025-07-25 05:09:00,True,True,PI_6240319_AL,12.890833333333333
2025-07-25 05:09:30,True,True,PI_6240319_AL,12.899166666666666
2025-07-25 05:10:00,True,True,PI_6240319_AL,12.9075
2025-07-25 05:10:30,True,True,PI_6240319_AL,12.915833333333333
2025-07-25 05:11:00,True,True,PI_6240319_AL,12.924166666666666
2025-07-25 05:11:30,True,True,PI_6240319_AL,12.9325
2025-07-25 05:12:00,True,True,PI_6240319_AL,12.940833333333334
2025-07-25 05:12:30,True,True,PI_6240319_AL,12.949166666666667
2025-07-25 05:13:00,True,True,PI_6240319_AL,12.9575
2025-07-25 05:13:30,True,True,PI_6240319_AL,12.965833333333334
2025-07-25 05:14:00,True,True,PI_6240319_AL,12.974166666666667
2025-07-25 05:14:30,True,True,PI_6240319_AL,12.9825
2025-07-25 05:15:00,True,True,PI_6240319_AL,12.990833333333333
2025-07-25 05:15:30,True,True,PI_6240319_AL,12.999166666666667
2025-07-25 05:16:00,True,True,PI_6240319_AL,13.0075
2025-07-25 05:16:30,True,True,PI_6240319_AL,13.015833333333333
2025-07-25 05:17:00,True,True,PI_6240319_AL,13.024166666666666
2025-07-25 05:17:30,True,True,PI_6240319_AL,13.0325
2025-07-25 05:18:00,True,True,PI_6240319_AL,13.040833333333333
2025-07-25 05:18:30,True,True,PI_6240319_AL,13.049166666666666
2025-07-25 05:19:00,True,True,PI_6240319_AL,13.0575
2025-07-25 05:19:30,True,True,PI_6240319_AL,13.065833333333334
2025-07-25 05:20:00,True,True,PI_6240319_AL,13.074166666666667
2025-07-25 05:20:30,True,True,PI_6240319_AL,13.0825
2025-07-25 05:21:00,True,True,PI_6240319_AL,13.090833333333334
2025-07-25 05:21:30,True,True,PI_6240319_AL,13.099166666666667
2025-07-25 05:22:00,True,True,PI_6240319_AL,13.1075
2025-07-25 05:22:30,True,True,PI_6240319_AL,13.115833333333333
2025-07-25 05:23:00,True,True,PI_6240319_AL,13.124166666666667
2025-07-25 05:23:30,True,True,PI_6240319_AL,13.1325
2025-07-25 05:24:00,True,True,PI_6240319_AL,13.140833333333333
2025-07-25 05:24:30,True,True,PI_6240319_AL,13.149166666666666
2025-07-25 05:25:00,True,True,PI_6240319_AL,13.1575
2025-07-25 05:25:30,True,True,PI_6240319_AL,13.165833333333333
2025-07-25 05:26:00,True,True,PI_6240319_AL,13.174166666666666
2025-07-25 05:26:30,True,True,PI_6240319_AL,13.1825
2025-07-25 05:27:00,True,True,PI_6240319_AL,13.190833333333334
2025-07-25 05:27:30,True,True,PI_6240319_AL,13.199166666666667
2025-07-25 05:28:00,True,True,PI_6240319_AL,13.2075
2025-07-25 05:28:30,True,True,PI_6240319_AL,13.215833333333334
2025-07-25 05:29:00,True,True,PI_6240319_AL,13.224166666666667
2025-07-25 05:29:30,True,True,PI_6240319_AL,13.2325
2025-07-25 05:30:00,True,True,PI_6240319_AL,13.240833333333333
2025-07-25 05:30:30,True,True,PI_6240319_AL,13.249166666666667
2025-07-25 05:31:00,True,True,PI_6240319_AL,13.2575
2025-07-25 05:31:30,True,True,PI_6240319_AL,13.265833333333333
2025-07-25 05:32:00,True,True,PI_6240319_AL,13.274166666666666
2025-07-25 05:32:30,True,True,PI_6240319_AL,13.2825
2025-07-25 05:33:00,True,True,PI_6240319_AL,13.290833333333333
2025-07-25 05:33:30,True,True,PI_6240319_AL,13.299166666666666
2025-07-25 05:34:00,True,True,PI_6240319_AL,13.3075
2025-07-25 05:34:30,True,True,PI_6240319_AL,13.315833333333334
2025-07-25 05:35:00,True,True,PI_6240319_AL,13.324166666666667
2025-07-25 05:35:30,True,True,PI_6240319_AL,13.3325
2025-07-25 05:36:00,True,True,PI_6240319_AL,13.340833333333334
2025-07-25 05:36:30,True,True,PI_6240319_AL,13.349166666666667
2025-07-25 05:37:00,True,True,PI_6240319_AL,13.3575
2025-07-25 05:37:30,True,True,PI_6240319_AL,13.365833333333333
2025-07-25 05:38:00,True,True,PI_6240319_AL,13.374166666666667
2025-07-25 05:38:30,True,True,PI_6240319_AL,13.3825
2025-07-25 05:39:00,True,True,PI_6240319_AL,13.390833333333333
2025-07-25 05:39:30,True,True,PI_6240319_AL,13.399166666666666
2025-07-25 05:40:00,True,True,PI_6240319_AL,13.4075
2025-07-25 05:40:30,True,True,PI_6240319_AL,13.415833333333333
2025-07-25 05:41:00,True,True,PI_6240319_AL,13.424166666666666
2025-07-25 05:41:30,True,True,PI_6240319_AL,13.4325
2025-07-25 05:42:00,True,True,PI_6240319_AL,13.440833333333334
2025-07-25 05:42:30,True,True,PI_6240319_AL,13.449166666666667
2025-07-25 05:43:00,True,True,PI_6240319_AL,13.4575
2025-07-25 05:43:30,True,True,PI_6240319_AL,13.465833333333334
2025-07-25 05:44:00,True,True,PI_6240319_AL,13.474166666666667
2025-07-25 05:44:30,True,True,PI_6240319_AL,13.4825
2025-07-25 05:45:00,True,True,PI_6240319_AL,13.490833333333333
2025-07-25 05:45:30,True,True,PI_6240319_AL,13.499166666666667
2025-07-25 05:46:00,True,True,PI_6240319_AL,13.5075
2025-07-25 05:46:30,True,True,PI_6240319_AL,13.515833333333333
2025-07-25 05:47:00,True,True,PI_6240319_AL,13.524166666666666
2025-07-25 05:47:30,True,True,PI_6240319_AL,13.5325
2025-07-25 05:48:00,True,True,PI_6240319_AL,13.540833333333333
2025-07-25 05:48:30,True,True,PI_6240319_AL,13.549166666666666
2025-07-25 05:49:00,True,True,PI_6240319_AL,13.5575
2025-07-25 05:49:30,True,True,PI_6240319_AL,13.565833333333334
2025-07-25 05:50:00,True,True,PI_6240319_AL,13.574166666666667
2025-07-25 05:50:30,True,True,PI_6240319_AL,13.5825
2025-07-25 05:51:00,True,True,PI_6240319_AL,13.590833333333334
2025-07-25 05:51:30,True,True,PI_6240319_AL,13.599166666666667
2025-07-25 05:52:00,True,True,PI_6240319_AL,13.6075
2025-07-25 05:52:30,True,True,PI_6240319_AL,13.615833333333333
2025-07-25 05:53:00,True,True,PI_6240319_AL,13.624166666666667
2025-07-25 05:53:30,True,True,PI_6240319_AL,13.6325
2025-07-25 05:54:00,True,True,PI_6240319_AL,13.640833333333333
2025-07-25 05:54:30,True,True,PI_6240319_AL,13.649166666666666
2025-07-25 05:55:00,True,True,PI_6240319_AL,13.6575
2025-07-25 05:55:30,True,True,PI_6240319_AL,13.665833333333333
2025-07-25 05:56:00,True,True,PI_6240319_AL,13.674166666666666
2025-07-25 05:56:30,True,True,PI_6240319_AL,13.6825
2025-07-25 05:57:00,True,True,PI_6240319_AL,13.690833333333334
2025-07-25 05:57:30,True,True,PI_6240319_AL,13.699166666666667
2025-07-25 05:58:00,True,True,PI_6240319_AL,13.7075
2025-07-25 05:58:30,True,True,PI_6240319_AL,13.715833333333334
2025-07-25 05:59:00,True,True,PI_6240319_AL,13.724166666666667
2025-07-25 05:59:30,True,True,PI_6240319_AL,13.7325
2025-07-25 06:00:00,True,True,PI_6240319_AL,13.740833333333333
2025-07-25 06:00:30,True,True,PI_6240319_AL,13.749166666666667
2025-07-25 06:01:00,True,True,PI_6240319_AL,13.7575
2025-07-25 06:01:30,True,True,PI_6240319_AL,13.765833333333333
2025-07-25 06:02:00,True,True,PI_6240319_AL,13.774166666666666
2025-07-25 06:02:30,True,True,PI_6240319_AL,13.7825
2025-07-25 06:03:00,True,True,PI_6240319_AL,13.790833333333333
2025-07-25 06:03:30,True,True,PI_6240319_AL,13.799166666666666
2025-07-25 06:04:00,True,True,PI_6240319_AL,13.8075
2025-07-25 06:04:30,True,True,PI_6240319_AL,13.815833333333334
2025-07-25 06:05:00,True,True,PI_6240319_AL,13.824166666666667
2025-07-25 06:05:30,True,True,PI_6240319_AL,13.8325
2025-07-25 06:06:00,True,True,PI_6240319_AL,13.840833333333334
2025-07-25 06:06:30,True,True,PI_6240319_AL,13.849166666666667
2025-07-25 06:07:00,True,True,PI_6240319_AL,13.8575
2025-07-25 06:07:30,True,True,PI_6240319_AL,13.865833333333333
2025-07-25 06:08:00,True,True,PI_6240319_AL,13.874166666666667
2025-07-25 06:08:30,True,True,PI_6240319_AL,13.8825
2025-07-25 06:09:00,True,True,PI_6240319_AL,13.890833333333333
2025-07-25 06:09:30,True,True,PI_6240319_AL,13.899166666666666
2025-07-25 06:10:00,True,True,PI_6240319_AL,13.9075
2025-07-25 06:10:30,True,True,PI_6240319_AL,13.915833333333333
2025-07-25 06:11:00,True,True,PI_6240319_AL,13.924166666666666
2025-07-25 06:11:30,True,True,PI_6240319_AL,13.9325
2025-07-25 06:12:00,True,True,PI_6240319_AL,13.940833333333334
2025-07-25 06:12:30,True,True,PI_6240319_AL,13.949166666666667
2025-07-25 06:13:00,True,True,PI_6240319_AL,13.9575
2025-07-25 06:13:30,True,True,PI_6240319_AL,13.965833333333334
2025-07-25 06:14:00,True,True,PI_6240319_AL,13.974166666666667
2025-07-25 06:14:30,True,True,PI_6240319_AL,13.9825
2025-07-25 06:15:00,True,True,PI_6240319_AL,13.990833333333333
2025-07-25 06:15:30,True,True,PI_6240319_AL,13.999166666666667
2025-07-25 06:16:00,True,True,PI_6240319_AL,14.0075
2025-07-25 06:16:30,True,True,PI_6240319_AL,14.015833333333333
2025-07-25 06:17:00,True,True,PI_6240319_AL,14.024166666666666
2025-07-25 06:17:30,True,True,PI_6240319_AL,14.0325
2025-07-25 06:18:00,True,True,PI_6240319_AL,14.040833333333333
2025-07-25 06:18:30,True,True,PI_6240319_AL,14.049166666666666
2025-07-25 06:19:00,True,True,PI_6240319_AL,14.0575
2025-07-25 06:19:30,True,True,PI_6240319_AL,14.065833333333334
2025-07-25 06:20:00,True,True,PI_6240319_AL,14.074166666666667
2025-07-25 06:20:30,True,True,PI_6240319_AL,14.0825
2025-07-25 06:21:00,True,True,PI_6240319_AL,14.090833333333334
2025-07-25 06:21:30,True,True,PI_6240319_AL,14.099166666666667
2025-07-25 06:22:00,True,True,PI_6240319_AL,14.1075
2025-07-25 06:22:30,True,True,PI_6240319_AL,14.115833333333333
2025-07-25 06:23:00,True,True,PI_6240319_AL,14.124166666666667
2025-07-25 06:23:30,True,True,PI_6240319_AL,14.1325
2025-07-25 06:24:00,True,True,PI_6240319_AL,14.140833333333333
2025-07-25 06:24:30,True,True,PI_6240319_AL,14.149166666666666
2025-07-25 06:25:00,True,True,PI_6240319_AL,14.1575
2025-07-25 06:25:30,True,True,PI_6240319_AL,14.165833333333333
2025-07-25 06:26:00,True,True,PI_6240319_AL,14.174166666666666
2025-07-25 06:26:30,True,True,PI_6240319_AL,14.1825
2025-07-25 06:27:00,True,True,PI_6240319_AL,14.190833333333334
2025-07-25 06:27:30,True,True,PI_6240319_AL,14.199166666666667
2025-07-25 06:28:00,True,True,PI_6240319_AL,14.2075
2025-07-25 06:28:30,True,True,PI_6240319_AL,14.215833333333334
2025-07-25 06:29:00,True,True,PI_6240319_AL,14.224166666666667
2025-07-25 06:29:30,True,True,PI_6240319_AL,14.2325
2025-07-25 06:30:00,True,True,PI_6240319_AL,14.240833333333333
2025-07-25 06:30:30,True,True,PI_6240319_AL,14.249166666666667
2025-07-25 06:31:00,True,True,PI_6240319_AL,14.2575
2025-07-25 06:31:30,True,True,PI_6240319_AL,14.265833333333333
2025-07-25 06:32:00,True,True,PI_6240319_AL,14.274166666666666
2025-07-25 06:32:30,True,True,PI_6240319_AL,14.2825
2025-07-25 06:33:00,True,True,PI_6240319_AL,14.290833333333333
2025-07-25 06:33:30,True,True,PI_6240319_AL,14.299166666666666
2025-07-25 06:34:00,True,True,PI_6240319_AL,14.3075
2025-07-25 06:34:30,True,True,PI_6240319_AL,14.315833333333334
2025-07-25 06:35:00,True,True,PI_6240319_AL,14.324166666666667
2025-07-25 06:35:30,True,True,PI_6240319_AL,14.3325
2025-07-25 06:36:00,True,True,PI_6240319_AL,14.340833333333334
2025-07-25 06:36:30,True,True,PI_6240319_AL,14.349166666666667
2025-07-25 06:37:00,True,True,PI_6240319_AL,14.3575
2025-07-25 06:37:30,True,True,PI_6240319_AL,14.365833333333333
2025-07-25 06:38:00,True,True,PI_6240319_AL,14.374166666666667
2025-07-25 06:38:30,True,True,PI_6240319_AL,14.3825
2025-07-25 06:39:00,True,True,PI_6240319_AL,14.390833333333333
2025-07-25 06:39:30,True,True,PI_6240319_AL,14.399166666666666
2025-07-25 06:40:00,True,True,PI_6240319_AL,14.4075
2025-07-25 06:40:30,True,True,PI_6240319_AL,14.415833333333333
2025-07-25 06:41:00,True,True,PI_6240319_AL,14.424166666666666
2025-07-25 06:41:30,True,True,PI_6240319_AL,14.4325
2025-07-25 06:42:00,True,True,PI_6240319_AL,14.440833333333334
2025-07-25 06:42:30,True,True,PI_6240319_AL,14.449166666666667
2025-07-25 06:43:00,True,True,PI_6240319_AL,14.4575
2025-07-25 06:43:30,True,True,PI_6240319_AL,14.465833333333334
2025-07-25 06:44:00,True,True,PI_6240319_AL,14.474166666666667
2025-07-25 06:44:30,True,True,PI_6240319_AL,14.4825
2025-07-25 06:45:00,True,True,PI_6240319_AL,14.490833333333333
2025-07-25 06:45:30,True,True,PI_6240319_AL,14.499166666666667
2025-07-25 06:46:00,True,True,PI_6240319_AL,14.5075
2025-07-25 06:46:30,True,True,PI_6240319_AL,14.515833333333333
2025-07-25 06:47:00,True,True,PI_6240319_AL,14.524166666666666
2025-07-25 06:47:30,True,True,PI_6240319_AL,14.5325
2025-07-25 06:48:00,True,True,PI_6240319_AL,14.540833333333333
2025-07-25 06:48:30,True,True,PI_6240319_AL,14.549166666666666
2025-07-25 06:49:00,True,True,PI_6240319_AL,14.5575
2025-07-25 06:49:30,True,True,PI_6240319_AL,14.565833333333334
2025-07-25 06:50:00,True,True,PI_6240319_AL,14.574166666666667
2025-07-25 06:50:30,True,True,PI_6240319_AL,14.5825
2025-07-25 06:51:00,True,True,PI_6240319_AL,14.590833333333334
2025-07-25 06:51:30,True,True,PI_6240319_AL,14.599166666666667
2025-07-25 06:52:00,True,True,PI_6240319_AL,14.6075
2025-07-25 06:52:30,True,True,PI_6240319_AL,14.615833333333333
2025-07-25 06:53:00,True,True,PI_6240319_AL,14.624166666666667
2025-07-25 06:53:30,True,True,PI_6240319_AL,14.6325
2025-07-25 06:54:00,True,True,PI_6240319_AL,14.640833333333333
2025-07-25 06:54:30,True,True,PI_6240319_AL,14.649166666666666
2025-07-25 06:55:00,True,True,PI_6240319_AL,14.6575
2025-07-25 06:55:30,True,True,PI_6240319_AL,14.665833333333333
2025-07-25 06:56:00,True,True,PI_6240319_AL,14.674166666666666
2025-07-25 06:56:30,True,True,PI_6240319_AL,14.6825
2025-07-25 06:57:00,True,True,PI_6240319_AL,14.690833333333334
2025-07-25 06:57:30,True,True,PI_6240319_AL,14.699166666666667
2025-07-25 06:58:00,True,True,PI_6240319_AL,14.7075
2025-07-25 06:58:30,True,True,PI_6240319_AL,14.715833333333334
2025-07-25 06:59:00,True,True,PI_6240319_AL,14.724166666666667
2025-07-25 06:59:30,True,True,PI_6240319_AL,14.7325
2025-07-25 07:00:00,True,True,PI_6240319_AL,14.740833333333333
2025-07-25 07:00:30,True,True,PI_6240319_AL,14.749166666666667
2025-07-25 07:01:00,True,True,PI_6240319_AL,14.7575
2025-07-25 07:01:30,True,True,PI_6240319_AL,14.765833333333333
2025-07-25 07:02:00,True,True,PI_6240319_AL,14.774166666666666
2025-07-25 07:02:30,True,True,PI_6240319_AL,14.7825
2025-07-25 07:03:00,True,True,PI_6240319_AL,14.790833333333333
2025-07-25 07:03:30,True,True,PI_6240319_AL,14.799166666666666
2025-07-25 07:04:00,True,True,PI_6240319_AL,14.8075
2025-07-25 07:04:30,True,True,PI_6240319_AL,14.815833333333334
2025-07-25 07:05:00,True,True,PI_6240319_AL,14.824166666666667
2025-07-25 07:05:30,True,True,PI_6240319_AL,14.8325
2025-07-25 07:06:00,True,True,PI_6240319_AL,14.840833333333334
2025-07-25 07:06:30,True,True,PI_6240319_AL,14.849166666666667
2025-07-25 07:07:00,True,True,PI_6240319_AL,14.8575
2025-07-25 07:07:30,True,True,PI_6240319_AL,14.865833333333333
2025-07-25 07:08:00,True,True,PI_6240319_AL,14.874166666666667
2025-07-25 07:08:30,True,True,PI_6240319_AL,14.8825
2025-07-25 07:09:00,True,True,PI_6240319_AL,14.890833333333333
2025-07-25 07:09:30,True,True,PI_6240319_AL,14.899166666666666
2025-07-25 07:10:00,True,True,PI_6240319_AL,14.9075
2025-07-25 07:10:30,True,True,PI_6240319_AL,14.915833333333333
2025-07-25 07:11:00,True,True,PI_6240319_AL,14.924166666666666
2025-07-25 07:11:30,True,True,PI_6240319_AL,14.9325
2025-07-25 07:12:00,True,True,PI_6240319_AL,14.940833333333334
2025-07-25 07:12:30,True,True,PI_6240319_AL,14.949166666666667
2025-07-25 07:13:00,True,True,PI_6240319_AL,14.9575
2025-07-25 07:13:30,True,True,PI_6240319_AL,14.965833333333334
2025-07-25 07:14:00,True,True,PI_6240319_AL,14.974166666666667
2025-07-25 07:14:30,True,True,PI_6240319_AL,14.9825
2025-07-25 07:15:00,True,True,PI_6240319_AL,14.990833333333333
2025-07-25 07:15:30,True,True,PI_6240319_AL,14.999166666666667
2025-07-25 07:16:00,True,True,PI_6240319_AL,15.0075
2025-07-25 07:16:30,True,True,PI_6240319_AL,15.015833333333333
2025-07-25 07:17:00,True,True,PI_6240319_AL,15.024166666666666
2025-07-25 07:17:30,True,True,PI_6240319_AL,15.0325
2025-07-25 07:18:00,True,True,PI_6240319_AL,15.040833333333333
2025-07-25 07:18:30,True,True,PI_6240319_AL,15.049166666666666
2025-07-25 07:19:00,True,True,PI_6240319_AL,15.0575
2025-07-25 07:19:30,True,True,PI_6240319_AL,15.065833333333334
2025-07-25 07:20:00,True,True,PI_6240319_AL,15.074166666666667
2025-07-25 07:20:30,True,True,PI_6240319_AL,15.0825
2025-07-25 07:21:00,True,True,PI_6240319_AL,15.090833333333334
2025-07-25 07:21:30,True,True,PI_6240319_AL,15.099166666666667
2025-07-25 07:22:00,True,True,PI_6240319_AL,15.1075
2025-07-25 07:22:30,True,True,PI_6240319_AL,15.115833333333333
2025-07-25 07:23:00,True,True,PI_6240319_AL,15.124166666666667
2025-07-25 07:23:30,True,True,PI_6240319_AL,15.1325
2025-07-25 07:24:00,True,True,PI_6240319_AL,15.140833333333333
2025-07-25 07:24:30,True,True,PI_6240319_AL,15.149166666666666
2025-07-25 07:25:00,True,True,PI_6240319_AL,15.1575
2025-07-25 07:25:30,True,True,PI_6240319_AL,15.165833333333333
2025-07-25 07:26:00,True,True,PI_6240319_AL,15.174166666666666
2025-07-25 07:26:30,True,True,PI_6240319_AL,15.1825
2025-07-25 07:27:00,True,True,PI_6240319_AL,15.190833333333334
2025-07-25 07:27:30,True,True,PI_6240319_AL,15.199166666666667
2025-07-25 07:28:00,True,True,PI_6240319_AL,15.2075
2025-07-25 07:28:30,True,True,PI_6240319_AL,15.215833333333334
2025-07-25 07:29:00,True,True,PI_6240319_AL,15.224166666666667
2025-07-25 07:29:30,True,True,PI_6240319_AL,15.2325
2025-07-25 07:30:00,True,True,PI_6240319_AL,15.240833333333333
2025-07-25 07:30:30,True,True,PI_6240319_AL,15.249166666666667
2025-07-25 07:31:00,True,True,PI_6240319_AL,15.2575
2025-07-25 07:31:30,True,True,PI_6240319_AL,15.265833333333333
2025-07-25 07:32:00,True,True,PI_6240319_AL,15.274166666666666
2025-07-25 07:32:30,True,True,PI_6240319_AL,15.2825
2025-07-25 07:33:00,True,True,PI_6240319_AL,15.290833333333333
2025-07-25 07:33:30,True,True,PI_6240319_AL,15.299166666666666
2025-07-25 07:34:00,True,True,PI_6240319_AL,15.3075
2025-07-25 07:34:30,True,True,PI_6240319_AL,15.315833333333334
2025-07-25 07:35:00,True,True,PI_6240319_AL,15.324166666666667
2025-07-25 07:35:30,True,True,PI_6240319_AL,15.3325
2025-07-25 07:36:00,True,True,PI_6240319_AL,15.340833333333334
2025-07-25 07:36:30,True,True,PI_6240319_AL,15.349166666666667
2025-07-25 07:37:00,True,True,PI_6240319_AL,15.3575
2025-07-25 07:37:30,True,True,PI_6240319_AL,15.365833333333333
2025-07-25 07:38:00,True,True,PI_6240319_AL,15.374166666666667
2025-07-25 07:38:30,True,True,PI_6240319_AL,15.3825
2025-07-25 07:39:00,True,True,PI_6240319_AL,15.390833333333333
2025-07-25 07:39:30,True,True,PI_6240319_AL,15.399166666666666
2025-07-25 07:40:00,True,True,PI_6240319_AL,15.4075
2025-07-25 07:40:30,True,True,PI_6240319_AL,15.415833333333333
2025-07-25 07:41:00,True,True,PI_6240319_AL,15.424166666666666
2025-07-25 07:41:30,True,True,PI_6240319_AL,15.4325
2025-07-25 07:42:00,True,True,PI_6240319_AL,15.440833333333334
2025-07-25 07:42:30,True,True,PI_6240319_AL,15.449166666666667
2025-07-25 07:43:00,True,True,PI_6240319_AL,15.4575
2025-07-25 07:43:30,True,True,PI_6240319_AL,15.465833333333334
2025-07-25 07:44:00,True,True,PI_6240319_AL,15.474166666666667
2025-07-25 07:44:30,True,True,PI_6240319_AL,15.4825
2025-07-25 07:45:00,True,True,PI_6240319_AL,15.490833333333333
2025-07-25 07:45:30,True,True,PI_6240319_AL,15.499166666666667
2025-07-25 07:46:00,True,True,PI_6240319_AL,15.5075
2025-07-25 07:46:30,True,True,PI_6240319_AL,15.515833333333333
2025-07-25 07:47:00,True,True,PI_6240319_AL,15.524166666666666
2025-07-25 07:47:30,True,True,PI_6240319_AL,15.5325
2025-07-25 07:48:00,True,True,PI_6240319_AL,15.540833333333333
2025-07-25 07:48:30,True,True,PI_6240319_AL,15.549166666666666
2025-07-25 07:49:00,True,True,PI_6240319_AL,15.5575
2025-07-25 07:49:30,True,True,PI_6240319_AL,15.565833333333334
2025-07-25 07:50:00,True,True,PI_6240319_AL,15.574166666666667
2025-07-25 07:50:30,True,True,PI_6240319_AL,15.5825
2025-07-25 07:51:00,True,True,PI_6240319_AL,15.590833333333334
2025-07-25 07:51:30,True,True,PI_6240319_AL,15.599166666666667
2025-07-25 07:52:00,True,True,PI_6240319_AL,15.6075
2025-07-25 07:52:30,True,True,PI_6240319_AL,15.615833333333333
2025-07-25 07:53:00,True,True,PI_6240319_AL,15.624166666666667
2025-07-25 07:53:30,True,True,PI_6240319_AL,15.6325
2025-07-25 07:54:00,True,True,PI_6240319_AL,15.640833333333333
2025-07-25 07:54:30,True,True,PI_6240319_AL,15.649166666666666
2025-07-25 07:55:00,True,True,PI_6240319_AL,15.6575
2025-07-25 07:55:30,True,True,PI_6240319_AL,15.665833333333333
2025-07-25 07:56:00,True,True,PI_6240319_AL,15.674166666666666
2025-07-25 07:56:30,True,True,PI_6240319_AL,15.6825
2025-07-25 07:57:00,True,True,PI_6240319_AL,15.690833333333334
2025-07-25 07:57:30,True,True,PI_6240319_AL,15.699166666666667
2025-07-25 07:58:00,True,True,PI_6240319_AL,15.7075
2025-07-25 07:58:30,True,True,PI_6240319_AL,15.715833333333334
2025-07-25 07:59:00,True,True,PI_6240319_AL,15.724166666666667
2025-07-25 07:59:30,True,True,PI_6240319_AL,15.7325
2025-07-25 08:00:00,True,True,PI_6240319_AL,15.740833333333333
2025-07-25 08:00:30,True,True,PI_6240319_AL,15.749166666666667
2025-07-25 08:01:00,True,True,PI_6240319_AL,15.7575
2025-07-25 08:01:30,True,True,PI_6240319_AL,15.765833333333333
2025-07-25 08:02:00,True,True,PI_6240319_AL,15.774166666666666
2025-07-25 08:02:30,True,True,PI_6240319_AL,15.7825
2025-07-25 08:03:00,True,True,PI_6240319_AL,15.790833333333333
2025-07-25 08:03:30,True,True,PI_6240319_AL,15.799166666666666
2025-07-25 08:04:00,True,True,PI_6240319_AL,15.8075
2025-07-25 08:04:30,True,True,PI_6240319_AL,15.815833333333334
2025-07-25 08:05:00,True,True,PI_6240319_AL,15.824166666666667
2025-07-25 08:05:30,True,True,PI_6240319_AL,15.8325
2025-07-25 08:06:00,True,True,PI_6240319_AL,15.840833333333334
2025-07-25 08:06:30,True,True,PI_6240319_AL,15.849166666666667
2025-07-25 08:07:00,True,True,PI_6240319_AL,15.8575
2025-07-25 08:07:30,True,True,PI_6240319_AL,15.865833333333333
2025-07-25 08:08:00,True,True,PI_6240319_AL,15.874166666666667
2025-07-25 08:08:30,True,True,PI_6240319_AL,15.8825
2025-07-25 08:09:00,True,True,PI_6240319_AL,15.890833333333333
2025-07-25 08:09:30,True,True,PI_6240319_AL,15.899166666666666
2025-07-25 08:10:00,True,True,PI_6240319_AL,15.9075
2025-07-25 08:10:30,True,True,PI_6240319_AL,15.915833333333333
2025-07-25 08:11:00,True,True,PI_6240319_AL,15.924166666666666
2025-07-25 08:11:30,True,True,PI_6240319_AL,15.9325
2025-07-25 08:12:00,True,True,PI_6240319_AL,15.940833333333334
2025-07-25 08:12:30,True,True,PI_6240319_AL,15.949166666666667
2025-07-25 08:13:00,True,True,PI_6240319_AL,15.9575
2025-07-25 08:13:30,True,True,PI_6240319_AL,15.965833333333334
2025-07-25 08:14:00,True,True,PI_6240319_AL,15.974166666666667
2025-07-25 08:14:30,True,True,PI_6240319_AL,15.9825
2025-07-25 08:15:00,True,True,PI_6240319_AL,15.990833333333333
2025-07-25 08:15:30,True,True,PI_6240319_AL,15.999166666666667
2025-07-25 08:16:00,True,True,PI_6240319_AL,16.0075
2025-07-25 08:16:30,True,True,PI_6240319_AL,16.015833333333333
2025-07-25 08:17:00,True,True,PI_6240319_AL,16.024166666666666
2025-07-25 08:17:30,True,True,PI_6240319_AL,16.0325
2025-07-25 08:18:00,True,True,PI_6240319_AL,16.04083333333333
2025-07-25 08:18:30,True,True,PI_6240319_AL,16.049166666666668
2025-07-25 08:19:00,True,True,PI_6240319_AL,16.0575
2025-07-25 08:19:30,True,True,PI_6240319_AL,16.065833333333334
2025-07-25 08:20:00,True,True,PI_6240319_AL,16.074166666666667
2025-07-25 08:20:30,True,True,PI_6240319_AL,16.0825
2025-07-25 08:21:00,True,True,PI_6240319_AL,16.090833333333332
2025-07-25 08:21:30,True,True,PI_6240319_AL,16.099166666666665
2025-07-25 08:22:00,True,True,PI_6240319_AL,16.1075
2025-07-25 08:22:30,True,True,PI_6240319_AL,16.115833333333335
2025-07-25 08:23:00,True,True,PI_6240319_AL,16.124166666666667
2025-07-25 08:23:30,True,True,PI_6240319_AL,16.1325
2025-07-25 08:24:00,True,True,PI_6240319_AL,16.140833333333333
2025-07-25 08:24:30,True,True,PI_6240319_AL,16.149166666666666
2025-07-25 08:25:00,True,True,PI_6240319_AL,16.1575
2025-07-25 08:25:30,True,True,PI_6240319_AL,16.16583333333333
2025-07-25 08:26:00,True,True,PI_6240319_AL,16.174166666666668
2025-07-25 08:26:30,True,True,PI_6240319_AL,16.1825
2025-07-25 08:27:00,True,True,PI_6240319_AL,16.190833333333334
2025-07-25 08:27:30,True,True,PI_6240319_AL,16.199166666666667
2025-07-25 08:28:00,True,True,PI_6240319_AL,16.2075
2025-07-25 08:28:30,True,True,PI_6240319_AL,16.215833333333332
2025-07-25 08:29:00,True,True,PI_6240319_AL,16.224166666666665
2025-07-25 08:29:30,True,True,PI_6240319_AL,16.2325
2025-07-25 08:30:00,True,True,PI_6240319_AL,16.240833333333335
2025-07-25 08:30:30,True,True,PI_6240319_AL,16.249166666666667
2025-07-25 08:31:00,True,True,PI_6240319_AL,16.2575
2025-07-25 08:31:30,True,True,PI_6240319_AL,16.265833333333333
2025-07-25 08:32:00,True,True,PI_6240319_AL,16.274166666666666
2025-07-25 08:32:30,True,True,PI_6240319_AL,16.2825
2025-07-25 08:33:00,True,True,PI_6240319_AL,16.29083333333333
2025-07-25 08:33:30,True,True,PI_6240319_AL,16.299166666666668
2025-07-25 08:34:00,True,True,PI_6240319_AL,16.3075
2025-07-25 08:34:30,True,True,PI_6240319_AL,16.315833333333334
2025-07-25 08:35:00,True,True,PI_6240319_AL,16.324166666666667
2025-07-25 08:35:30,True,True,PI_6240319_AL,16.3325
2025-07-25 08:36:00,True,True,PI_6240319_AL,16.340833333333332
2025-07-25 08:36:30,True,True,PI_6240319_AL,16.349166666666665
2025-07-25 08:37:00,True,True,PI_6240319_AL,16.3575
2025-07-25 08:37:30,True,True,PI_6240319_AL,16.365833333333335
2025-07-25 08:38:00,True,True,PI_6240319_AL,16.374166666666667
2025-07-25 08:38:30,True,True,PI_6240319_AL,16.3825
2025-07-25 08:39:00,True,True,PI_6240319_AL,16.390833333333333
2025-07-25 08:39:30,True,True,PI_6240319_AL,16.399166666666666
2025-07-25 08:40:00,True,True,PI_6240319_AL,16.4075
2025-07-25 08:40:30,True,True,PI_6240319_AL,16.41583333333333
2025-07-25 08:41:00,True,True,PI_6240319_AL,16.424166666666668
2025-07-25 08:41:30,True,True,PI_6240319_AL,16.4325
2025-07-25 08:42:00,True,True,PI_6240319_AL,16.440833333333334
2025-07-25 08:42:30,True,True,PI_6240319_AL,16.449166666666667
2025-07-25 08:43:00,True,True,PI_6240319_AL,16.4575
2025-07-25 08:43:30,True,True,PI_6240319_AL,16.465833333333332
2025-07-25 08:44:00,True,True,PI_6240319_AL,16.474166666666665
2025-07-25 08:44:30,True,True,PI_6240319_AL,16.4825
2025-07-25 08:45:00,True,True,PI_6240319_AL,16.490833333333335
2025-07-25 08:45:30,True,True,PI_6240319_AL,16.499166666666667
2025-07-25 08:46:00,True,True,PI_6240319_AL,16.5075
2025-07-25 08:46:30,True,True,PI_6240319_AL,16.515833333333333
2025-07-25 08:47:00,True,True,PI_6240319_AL,16.524166666666666
2025-07-25 08:47:30,True,True,PI_6240319_AL,16.5325
2025-07-25 08:48:00,True,True,PI_6240319_AL,16.54083333333333
2025-07-25 08:48:30,True,True,PI_6240319_AL,16.549166666666668
2025-07-25 08:49:00,True,True,PI_6240319_AL,16.5575
2025-07-25 08:49:30,True,True,PI_6240319_AL,16.565833333333334
2025-07-25 08:50:00,True,True,PI_6240319_AL,16.574166666666667
2025-07-25 08:50:30,True,True,PI_6240319_AL,16.5825
2025-07-25 08:51:00,True,True,PI_6240319_AL,16.590833333333332
2025-07-25 08:51:30,True,True,PI_6240319_AL,16.599166666666665
2025-07-25 08:52:00,True,True,PI_6240319_AL,16.6075
2025-07-25 08:52:30,True,True,PI_6240319_AL,16.615833333333335
2025-07-25 08:53:00,True,True,PI_6240319_AL,16.624166666666667
2025-07-25 08:53:30,True,True,PI_6240319_AL,16.6325
2025-07-25 08:54:00,True,True,PI_6240319_AL,16.640833333333333
2025-07-25 08:54:30,True,True,PI_6240319_AL,16.649166666666666
2025-07-25 08:55:00,True,True,PI_6240319_AL,16.6575
2025-07-25 08:55:30,True,True,PI_6240319_AL,16.66583333333333
2025-07-25 08:56:00,True,True,PI_6240319_AL,16.674166666666668
2025-07-25 08:56:30,True,True,PI_6240319_AL,16.6825
2025-07-25 08:57:00,True,True,PI_6240319_AL,16.690833333333334
2025-07-25 08:57:30,True,True,PI_6240319_AL,16.699166666666667
2025-07-25 08:58:00,True,True,PI_6240319_AL,16.7075
2025-07-25 08:58:30,True,True,PI_6240319_AL,16.715833333333332
2025-07-25 08:59:00,True,True,PI_6240319_AL,16.724166666666665
2025-07-25 08:59:30,True,True,PI_6240319_AL,16.7325
2025-07-25 09:00:00,True,True,PI_6240319_AL,16.740833333333335
2025-07-25 09:00:30,True,True,PI_6240319_AL,16.749166666666667
2025-07-25 09:01:00,True,True,PI_6240319_AL,16.7575
2025-07-25 09:01:30,True,True,PI_6240319_AL,16.765833333333333
2025-07-25 09:02:00,True,True,PI_6240319_AL,16.774166666666666
2025-07-25 09:02:30,True,True,PI_6240319_AL,16.7825
2025-07-25 09:03:00,True,True,PI_6240319_AL,16.79083333333333
2025-07-25 09:03:30,True,True,PI_6240319_AL,16.799166666666668
2025-07-25 09:04:00,True,True,PI_6240319_AL,16.8075
2025-07-25 09:04:30,True,True,PI_6240319_AL,16.815833333333334
2025-07-25 09:05:00,True,True,PI_6240319_AL,16.824166666666667
2025-07-25 09:05:30,True,True,PI_6240319_AL,16.8325
2025-07-25 09:06:00,True,True,PI_6240319_AL,16.840833333333332
2025-07-25 09:06:30,True,True,PI_6240319_AL,16.849166666666665
2025-07-25 09:07:00,True,True,PI_6240319_AL,16.8575
2025-07-25 09:07:30,True,True,PI_6240319_AL,16.865833333333335
2025-07-25 09:08:00,True,True,PI_6240319_AL,16.874166666666667
2025-07-25 09:08:30,True,True,PI_6240319_AL,16.8825
2025-07-25 09:09:00,True,True,PI_6240319_AL,16.890833333333333
2025-07-25 09:09:30,True,True,PI_6240319_AL,16.899166666666666
2025-07-25 09:10:00,True,True,PI_6240319_AL,16.9075
2025-07-25 09:10:30,True,True,PI_6240319_AL,16.91583333333333
2025-07-25 09:11:00,True,True,PI_6240319_AL,16.924166666666668
2025-07-25 09:11:30,True,True,PI_6240319_AL,16.9325
2025-07-25 09:12:00,True,True,PI_6240319_AL,16.940833333333334
2025-07-25 09:12:30,True,True,PI_6240319_AL,16.949166666666667
2025-07-25 09:13:00,True,True,PI_6240319_AL,16.9575
2025-07-25 09:13:30,True,True,PI_6240319_AL,16.965833333333332
2025-07-25 09:14:00,True,True,PI_6240319_AL,16.974166666666665
2025-07-25 09:14:30,True,True,PI_6240319_AL,16.9825
2025-07-25 09:15:00,True,True,PI_6240319_AL,16.990833333333335
2025-07-25 09:15:30,True,True,PI_6240319_AL,16.999166666666667
2025-07-25 09:16:00,True,True,PI_6240319_AL,17.0075
2025-07-25 09:16:30,True,True,PI_6240319_AL,17.015833333333333
2025-07-25 09:17:00,True,True,PI_6240319_AL,17.024166666666666
2025-07-25 09:17:30,True,True,PI_6240319_AL,17.0325
2025-07-25 09:18:00,True,True,PI_6240319_AL,17.04083333333333
2025-07-25 09:18:30,True,True,PI_6240319_AL,17.049166666666668
2025-07-25 09:19:00,True,True,PI_6240319_AL,17.0575
2025-07-25 09:19:30,True,True,PI_6240319_AL,17.065833333333334
2025-07-25 09:20:00,True,True,PI_6240319_AL,17.074166666666667
2025-07-25 09:20:30,True,True,PI_6240319_AL,17.0825
2025-07-25 09:21:00,True,True,PI_6240319_AL,17.090833333333332
2025-07-25 09:21:30,True,True,PI_6240319_AL,17.099166666666665
2025-07-25 09:22:00,True,True,PI_6240319_AL,17.1075
2025-07-25 09:22:30,True,True,PI_6240319_AL,17.115833333333335
2025-07-25 09:23:00,True,True,PI_6240319_AL,17.124166666666667
2025-07-25 09:23:30,True,True,PI_6240319_AL,17.1325
2025-07-25 09:24:00,True,True,PI_6240319_AL,17.140833333333333
2025-07-25 09:24:30,True,True,PI_6240319_AL,17.149166666666666
2025-07-25 09:25:00,True,True,PI_6240319_AL,17.1575
2025-07-25 09:25:30,True,True,PI_6240319_AL,17.16583333333333
2025-07-25 09:26:00,True,True,PI_6240319_AL,17.174166666666668
2025-07-25 09:26:30,True,True,PI_6240319_AL,17.1825
2025-07-25 09:27:00,True,True,PI_6240319_AL,17.190833333333334
2025-07-25 09:27:30,True,True,PI_6240319_AL,17.199166666666667
2025-07-25 09:28:00,True,True,PI_6240319_AL,17.2075
2025-07-25 09:28:30,True,True,PI_6240319_AL,17.215833333333332
2025-07-25 09:29:00,True,True,PI_6240319_AL,17.224166666666665
2025-07-25 09:29:30,True,True,PI_6240319_AL,17.2325
2025-07-25 09:30:00,True,True,PI_6240319_AL,17.240833333333335
2025-07-25 09:30:30,True,True,PI_6240319_AL,17.249166666666667
2025-07-25 09:31:00,True,True,PI_6240319_AL,17.2575
2025-07-25 09:31:30,True,True,PI_6240319_AL,17.265833333333333
2025-07-25 09:32:00,True,True,PI_6240319_AL,17.274166666666666
2025-07-25 09:32:30,True,True,PI_6240319_AL,17.2825
2025-07-25 09:33:00,True,True,PI_6240319_AL,17.29083333333333
2025-07-25 09:33:30,True,True,PI_6240319_AL,17.299166666666668
2025-07-25 09:34:00,True,True,PI_6240319_AL,17.3075
2025-07-25 09:34:30,True,True,PI_6240319_AL,17.315833333333334
2025-07-25 09:35:00,True,True,PI_6240319_AL,17.324166666666667
2025-07-25 09:35:30,True,True,PI_6240319_AL,17.3325
2025-07-25 09:36:00,True,True,PI_6240319_AL,17.340833333333332
2025-07-25 09:36:30,True,True,PI_6240319_AL,17.349166666666665
2025-07-25 09:37:00,True,True,PI_6240319_AL,17.3575
2025-07-25 09:37:30,True,True,PI_6240319_AL,17.365833333333335
2025-07-25 09:38:00,True,True,PI_6240319_AL,17.374166666666667
2025-07-25 09:38:30,True,True,PI_6240319_AL,17.3825
2025-07-25 09:39:00,True,True,PI_6240319_AL,17.390833333333333
2025-07-25 09:39:30,True,True,PI_6240319_AL,17.399166666666666
2025-07-25 09:40:00,True,True,PI_6240319_AL,17.4075
2025-07-25 09:40:30,True,True,PI_6240319_AL,17.41583333333333
2025-07-25 09:41:00,True,True,PI_6240319_AL,17.424166666666668
2025-07-25 09:41:30,True,True,PI_6240319_AL,17.4325
2025-07-25 09:42:00,True,True,PI_6240319_AL,17.440833333333334
2025-07-25 09:42:30,True,True,PI_6240319_AL,17.449166666666667
2025-07-25 09:43:00,True,True,PI_6240319_AL,17.4575
2025-07-25 09:43:30,True,True,PI_6240319_AL,17.465833333333332
2025-07-25 09:44:00,True,True,PI_6240319_AL,17.474166666666665
2025-07-25 09:44:30,True,True,PI_6240319_AL,17.4825
2025-07-25 09:45:00,True,True,PI_6240319_AL,17.490833333333335
2025-07-25 09:45:30,True,True,PI_6240319_AL,17.499166666666667
2025-07-25 09:46:00,True,True,PI_6240319_AL,17.5075
2025-07-25 09:46:30,True,True,PI_6240319_AL,17.515833333333333
2025-07-25 09:47:00,True,True,PI_6240319_AL,17.524166666666666
2025-07-25 09:47:30,True,True,PI_6240319_AL,17.5325
2025-07-25 09:48:00,True,True,PI_6240319_AL,17.54083333333333
2025-07-25 09:48:30,True,True,PI_6240319_AL,17.549166666666668
2025-07-25 09:49:00,True,True,PI_6240319_AL,17.5575
2025-07-25 09:49:30,True,True,PI_6240319_AL,17.565833333333334
2025-07-25 09:50:00,True,True,PI_6240319_AL,17.574166666666667
2025-07-25 09:50:30,True,True,PI_6240319_AL,17.5825
2025-07-25 09:51:00,True,True,PI_6240319_AL,17.590833333333332
2025-07-25 09:51:30,True,True,PI_6240319_AL,17.599166666666665
2025-07-25 09:52:00,True,True,PI_6240319_AL,17.6075
2025-07-25 09:52:30,True,True,PI_6240319_AL,17.615833333333335
2025-07-25 09:53:00,True,True,PI_6240319_AL,17.624166666666667
2025-07-25 09:53:30,True,True,PI_6240319_AL,17.6325
2025-07-25 09:54:00,True,True,PI_6240319_AL,17.640833333333333
2025-07-25 09:54:30,True,True,PI_6240319_AL,17.649166666666666
2025-07-25 09:55:00,True,True,PI_6240319_AL,17.6575
2025-07-25 09:55:30,True,True,PI_6240319_AL,17.66583333333333
2025-07-25 09:56:00,True,True,PI_6240319_AL,17.674166666666668
2025-07-25 09:56:30,True,True,PI_6240319_AL,17.6825
2025-07-25 09:57:00,True,True,PI_6240319_AL,17.690833333333334
2025-07-25 09:57:30,True,True,PI_6240319_AL,17.699166666666667
2025-07-25 09:58:00,True,True,PI_6240319_AL,17.7075
2025-07-25 09:58:30,True,True,PI_6240319_AL,17.715833333333332
2025-07-25 09:59:00,True,True,PI_6240319_AL,17.724166666666665
2025-07-25 09:59:30,True,True,PI_6240319_AL,17.7325
2025-07-25 10:00:00,True,True,PI_6240319_AL,17.740833333333335
2025-07-25 10:00:30,True,True,PI_6240319_AL,17.749166666666667
2025-07-25 10:01:00,True,True,PI_6240319_AL,17.7575
2025-07-25 10:01:30,True,True,PI_6240319_AL,17.765833333333333
2025-07-25 10:02:00,True,True,PI_6240319_AL,17.774166666666666
2025-07-25 10:02:30,True,True,PI_6240319_AL,17.7825
2025-07-25 10:03:00,True,True,PI_6240319_AL,17.79083333333333
2025-07-25 10:03:30,True,True,PI_6240319_AL,17.799166666666668
2025-07-25 10:04:00,True,True,PI_6240319_AL,17.8075
2025-07-25 10:04:30,True,True,PI_6240319_AL,17.815833333333334
2025-07-25 10:05:00,True,True,PI_6240319_AL,17.824166666666667
2025-07-25 10:05:30,True,True,PI_6240319_AL,17.8325
2025-07-25 10:06:00,True,True,PI_6240319_AL,17.840833333333332
2025-07-25 10:06:30,True,True,PI_6240319_AL,17.849166666666665
2025-07-25 10:07:00,True,True,PI_6240319_AL,17.8575
2025-07-25 10:07:30,True,True,PI_6240319_AL,17.865833333333335
2025-07-25 10:08:00,True,True,PI_6240319_AL,17.874166666666667
2025-07-25 10:08:30,True,True,PI_6240319_AL,17.8825
2025-07-25 10:09:00,True,True,PI_6240319_AL,17.890833333333333
2025-07-25 10:09:30,True,True,PI_6240319_AL,17.899166666666666
2025-07-25 10:10:00,True,True,PI_6240319_AL,17.9075
2025-07-25 10:10:30,True,True,PI_6240319_AL,17.91583333333333
2025-07-25 10:11:00,True,True,PI_6240319_AL,17.924166666666668
2025-07-25 10:11:30,True,True,PI_6240319_AL,17.9325
2025-07-25 10:12:00,True,True,PI_6240319_AL,17.940833333333334
2025-07-25 10:12:30,True,True,PI_6240319_AL,17.949166666666667
2025-07-25 10:13:00,True,True,PI_6240319_AL,17.9575
2025-07-25 10:13:30,True,True,PI_6240319_AL,17.965833333333332
2025-07-25 10:14:00,True,True,PI_6240319_AL,17.974166666666665
2025-07-25 10:14:30,True,True,PI_6240319_AL,17.9825
2025-07-25 10:15:00,True,True,PI_6240319_AL,17.990833333333335
2025-07-25 10:15:30,True,True,PI_6240319_AL,17.999166666666667
2025-07-25 10:16:00,True,True,PI_6240319_AL,18.0075
2025-07-25 10:16:30,True,True,PI_6240319_AL,18.015833333333333
2025-07-25 10:17:00,True,True,PI_6240319_AL,18.024166666666666
2025-07-25 10:17:30,True,True,PI_6240319_AL,18.0325
2025-07-25 10:18:00,True,True,PI_6240319_AL,18.04083333333333
2025-07-25 10:18:30,True,True,PI_6240319_AL,18.049166666666668
2025-07-25 10:19:00,True,True,PI_6240319_AL,18.0575
2025-07-25 10:19:30,True,True,PI_6240319_AL,18.065833333333334
2025-07-25 10:20:00,True,True,PI_6240319_AL,18.074166666666667
2025-07-25 10:20:30,True,True,PI_6240319_AL,18.0825
2025-07-25 10:21:00,True,True,PI_6240319_AL,18.090833333333332
2025-07-25 10:21:30,True,True,PI_6240319_AL,18.099166666666665
2025-07-25 10:22:00,True,True,PI_6240319_AL,18.1075
2025-07-25 10:22:30,True,True,PI_6240319_AL,18.115833333333335
2025-07-25 10:23:00,True,True,PI_6240319_AL,18.124166666666667
2025-07-25 10:23:30,True,True,PI_6240319_AL,18.1325
2025-07-25 10:24:00,True,True,PI_6240319_AL,18.140833333333333
2025-07-25 10:24:30,True,True,PI_6240319_AL,18.149166666666666
2025-07-25 10:25:00,True,True,PI_6240319_AL,18.1575
2025-07-25 10:25:30,True,True,PI_6240319_AL,18.16583333333333
2025-07-25 10:26:00,True,True,PI_6240319_AL,18.174166666666668
2025-07-25 10:26:30,True,True,PI_6240319_AL,18.1825
2025-07-25 10:27:00,True,True,PI_6240319_AL,18.190833333333334
2025-07-25 10:27:30,True,True,PI_6240319_AL,18.199166666666667
2025-07-25 10:28:00,True,True,PI_6240319_AL,18.2075
2025-07-25 10:28:30,True,True,PI_6240319_AL,18.215833333333332
2025-07-25 10:29:00,True,True,PI_6240319_AL,18.224166666666665
2025-07-25 10:29:30,True,True,PI_6240319_AL,18.2325
2025-07-25 10:30:00,True,True,PI_6240319_AL,18.240833333333335
2025-07-25 10:30:30,True,True,PI_6240319_AL,18.249166666666667
2025-07-25 10:31:00,True,True,PI_6240319_AL,18.2575
2025-07-25 10:31:30,True,True,PI_6240319_AL,18.265833333333333
2025-07-25 10:32:00,True,True,PI_6240319_AL,18.274166666666666
2025-07-25 10:32:30,True,True,PI_6240319_AL,18.2825
2025-07-25 10:33:00,True,True,PI_6240319_AL,18.29083333333333
2025-07-25 10:33:30,True,True,PI_6240319_AL,18.299166666666668
2025-07-25 10:34:00,True,True,PI_6240319_AL,18.3075
2025-07-25 10:34:30,True,True,PI_6240319_AL,18.315833333333334
2025-07-25 10:35:00,True,True,PI_6240319_AL,18.324166666666667
2025-07-25 10:35:30,True,True,PI_6240319_AL,18.3325
2025-07-25 10:36:00,True,True,PI_6240319_AL,18.340833333333332
2025-07-25 10:36:30,True,True,PI_6240319_AL,18.349166666666665
2025-07-25 10:37:00,True,True,PI_6240319_AL,18.3575
2025-07-25 10:37:30,True,True,PI_6240319_AL,18.365833333333335
2025-07-25 10:38:00,True,True,PI_6240319_AL,18.374166666666667
2025-07-25 10:38:30,True,True,PI_6240319_AL,18.3825
2025-07-25 10:39:00,True,True,PI_6240319_AL,18.390833333333333
2025-07-25 10:39:30,True,True,PI_6240319_AL,18.399166666666666
2025-07-25 10:40:00,True,True,PI_6240319_AL,18.4075
2025-07-25 10:40:30,True,True,PI_6240319_AL,18.41583333333333
2025-07-25 10:41:00,True,True,PI_6240319_AL,18.424166666666668
2025-07-25 10:41:30,True,True,PI_6240319_AL,18.4325
2025-07-25 10:42:00,True,True,PI_6240319_AL,18.440833333333334
2025-07-25 10:42:30,True,True,PI_6240319_AL,18.449166666666667
2025-07-25 10:43:00,True,True,PI_6240319_AL,18.4575
2025-07-25 10:43:30,True,True,PI_6240319_AL,18.465833333333332
2025-07-25 10:44:00,True,True,PI_6240319_AL,18.474166666666665
2025-07-25 10:44:30,True,True,PI_6240319_AL,18.4825
2025-07-25 10:45:00,True,True,PI_6240319_AL,18.490833333333335
2025-07-25 10:45:30,True,True,PI_6240319_AL,18.499166666666667
2025-07-25 10:46:00,True,True,PI_6240319_AL,18.5075
2025-07-25 10:46:30,True,True,PI_6240319_AL,18.515833333333333
2025-07-25 10:47:00,True,True,PI_6240319_AL,18.524166666666666
2025-07-25 10:47:30,True,True,PI_6240319_AL,18.5325
2025-07-25 10:48:00,True,True,PI_6240319_AL,18.54083333333333
2025-07-25 10:48:30,True,True,PI_6240319_AL,18.549166666666668
2025-07-25 10:49:00,True,True,PI_6240319_AL,18.5575
2025-07-25 10:49:30,True,True,PI_6240319_AL,18.565833333333334
2025-07-25 10:50:00,True,True,PI_6240319_AL,18.574166666666667
2025-07-25 10:50:30,True,True,PI_6240319_AL,18.5825
2025-07-25 10:51:00,True,True,PI_6240319_AL,18.590833333333332
2025-07-25 10:51:30,True,True,PI_6240319_AL,18.599166666666665
2025-07-25 10:52:00,True,True,PI_6240319_AL,18.6075
2025-07-25 10:52:30,True,True,PI_6240319_AL,18.615833333333335
2025-07-25 10:53:00,True,True,PI_6240319_AL,18.624166666666667
2025-07-25 10:53:30,True,True,PI_6240319_AL,18.6325
2025-07-25 10:54:00,True,True,PI_6240319_AL,18.640833333333333
2025-07-25 10:54:30,True,True,PI_6240319_AL,18.649166666666666
2025-07-25 10:55:00,True,True,PI_6240319_AL,18.6575
2025-07-25 10:55:30,True,True,PI_6240319_AL,18.66583333333333
2025-07-25 10:56:00,True,True,PI_6240319_AL,18.674166666666668
2025-07-25 10:56:30,True,True,PI_6240319_AL,18.6825
2025-07-25 10:57:00,True,True,PI_6240319_AL,18.690833333333334
2025-07-25 10:57:30,True,True,PI_6240319_AL,18.699166666666667
2025-07-25 10:58:00,True,True,PI_6240319_AL,18.7075
2025-07-25 10:58:30,True,True,PI_6240319_AL,18.715833333333332
2025-07-25 10:59:00,True,True,PI_6240319_AL,18.724166666666665
2025-07-25 10:59:30,True,True,PI_6240319_AL,18.7325
2025-07-25 11:00:00,True,True,PI_6240319_AL,18.740833333333335
2025-07-25 11:00:30,True,True,PI_6240319_AL,18.749166666666667
2025-07-25 11:01:00,True,True,PI_6240319_AL,18.7575
2025-07-25 11:01:30,True,True,PI_6240319_AL,18.765833333333333
2025-07-25 11:02:00,True,True,PI_6240319_AL,18.774166666666666
2025-07-25 11:02:30,True,True,PI_6240319_AL,18.7825
2025-07-25 11:03:00,True,True,PI_6240319_AL,18.79083333333333
2025-07-25 11:03:30,True,True,PI_6240319_AL,18.799166666666668
2025-07-25 11:04:00,True,True,PI_6240319_AL,18.8075
2025-07-25 11:04:30,True,True,PI_6240319_AL,18.815833333333334
2025-07-25 11:05:00,True,True,PI_6240319_AL,18.824166666666667
2025-07-25 11:05:30,True,True,PI_6240319_AL,18.8325
2025-07-25 11:06:00,True,True,PI_6240319_AL,18.840833333333332
2025-07-25 11:06:30,True,True,PI_6240319_AL,18.849166666666665
2025-07-25 11:07:00,True,True,PI_6240319_AL,18.8575
2025-07-25 11:07:30,True,True,PI_6240319_AL,18.865833333333335
2025-07-25 11:08:00,True,True,PI_6240319_AL,18.874166666666667
2025-07-25 11:08:30,True,True,PI_6240319_AL,18.8825
2025-07-25 11:09:00,True,True,PI_6240319_AL,18.890833333333333
2025-07-25 11:09:30,True,True,PI_6240319_AL,18.899166666666666
2025-07-25 11:10:00,True,True,PI_6240319_AL,18.9075
2025-07-25 11:10:30,True,True,PI_6240319_AL,18.91583333333333
2025-07-25 11:11:00,True,True,PI_6240319_AL,18.924166666666668
2025-07-25 11:11:30,True,True,PI_6240319_AL,18.9325
2025-07-25 11:12:00,True,True,PI_6240319_AL,18.940833333333334
2025-07-25 11:12:30,True,True,PI_6240319_AL,18.949166666666667
2025-07-25 11:13:00,True,True,PI_6240319_AL,18.9575
2025-07-25 11:13:30,True,True,PI_6240319_AL,18.965833333333332
2025-07-25 11:14:00,True,True,PI_6240319_AL,18.974166666666665
2025-07-25 11:14:30,True,True,PI_6240319_AL,18.9825
2025-07-25 11:15:00,True,True,PI_6240319_AL,18.990833333333335
2025-07-25 11:15:30,True,True,PI_6240319_AL,18.999166666666667
2025-07-25 11:16:00,True,True,PI_6240319_AL,19.0075
2025-07-25 11:16:30,True,True,PI_6240319_AL,19.015833333333333
2025-07-25 11:17:00,True,True,PI_6240319_AL,19.024166666666666
2025-07-25 11:17:30,True,True,PI_6240319_AL,19.0325
2025-07-25 11:18:00,True,True,PI_6240319_AL,19.04083333333333
2025-07-25 11:18:30,True,True,PI_6240319_AL,19.049166666666668
2025-07-25 11:19:00,True,True,PI_6240319_AL,19.0575
2025-07-25 11:19:30,True,True,PI_6240319_AL,19.065833333333334
2025-07-25 11:20:00,True,True,PI_6240319_AL,19.074166666666667
2025-07-25 11:20:30,True,True,PI_6240319_AL,19.0825
2025-07-25 11:21:00,True,True,PI_6240319_AL,19.090833333333332
2025-07-25 11:21:30,True,True,PI_6240319_AL,19.099166666666665
2025-07-25 11:22:00,True,True,PI_6240319_AL,19.1075
2025-07-25 11:22:30,True,True,PI_6240319_AL,19.115833333333335
2025-07-25 11:23:00,True,True,PI_6240319_AL,19.124166666666667
2025-07-25 11:23:30,True,True,PI_6240319_AL,19.1325
2025-07-25 11:24:00,True,True,PI_6240319_AL,19.140833333333333
2025-07-25 11:24:30,True,True,PI_6240319_AL,19.149166666666666
2025-07-25 11:25:00,True,True,PI_6240319_AL,19.1575
2025-07-25 11:25:30,True,True,PI_6240319_AL,19.16583333333333
2025-07-25 11:26:00,True,True,PI_6240319_AL,19.174166666666668
2025-07-25 11:26:30,True,True,PI_6240319_AL,19.1825
2025-07-25 11:27:00,True,True,PI_6240319_AL,19.190833333333334
2025-07-25 11:27:30,True,True,PI_6240319_AL,19.199166666666667
2025-07-25 11:28:00,True,True,PI_6240319_AL,19.2075
2025-07-25 11:28:30,True,True,PI_6240319_AL,19.215833333333332
2025-07-25 11:29:00,True,True,PI_6240319_AL,19.224166666666665
2025-07-25 11:29:30,True,True,PI_6240319_AL,19.2325
2025-07-25 11:30:00,True,True,PI_6240319_AL,19.240833333333335
2025-07-25 11:30:30,True,True,PI_6240319_AL,19.249166666666667
2025-07-25 11:31:00,True,True,PI_6240319_AL,19.2575
2025-07-25 11:31:30,True,True,PI_6240319_AL,19.265833333333333
2025-07-25 11:32:00,True,True,PI_6240319_AL,19.274166666666666
2025-07-25 11:32:30,True,True,PI_6240319_AL,19.2825
2025-07-25 11:33:00,True,True,PI_6240319_AL,19.29083333333333
2025-07-25 11:33:30,True,True,PI_6240319_AL,19.299166666666668
2025-07-25 11:34:00,True,True,PI_6240319_AL,19.3075
2025-07-25 11:34:30,True,True,PI_6240319_AL,19.315833333333334
2025-07-25 11:35:00,True,True,PI_6240319_AL,19.324166666666667
2025-07-25 11:35:30,True,True,PI_6240319_AL,19.3325
2025-07-25 11:36:00,True,True,PI_6240319_AL,19.340833333333332
2025-07-25 11:36:30,True,True,PI_6240319_AL,19.349166666666665
2025-07-25 11:37:00,True,True,PI_6240319_AL,19.3575
2025-07-25 11:37:30,True,True,PI_6240319_AL,19.365833333333335
2025-07-25 11:38:00,True,True,PI_6240319_AL,19.374166666666667
2025-07-25 11:38:30,True,True,PI_6240319_AL,19.3825
2025-07-25 11:39:00,True,True,PI_6240319_AL,19.390833333333333
2025-07-25 11:39:30,True,True,PI_6240319_AL,19.399166666666666
2025-07-25 11:40:00,True,True,PI_6240319_AL,19.4075
2025-07-25 11:40:30,True,True,PI_6240319_AL,19.41583333333333
2025-07-25 11:41:00,True,True,PI_6240319_AL,19.424166666666668
2025-07-25 11:41:30,True,True,PI_6240319_AL,19.4325
2025-07-25 11:42:00,True,True,PI_6240319_AL,19.440833333333334
2025-07-25 11:42:30,True,True,PI_6240319_AL,19.449166666666667
2025-07-25 11:43:00,True,True,PI_6240319_AL,19.4575
2025-07-25 11:43:30,True,True,PI_6240319_AL,19.465833333333332
2025-07-25 11:44:00,True,True,PI_6240319_AL,19.474166666666665
2025-07-25 11:44:30,True,True,PI_6240319_AL,19.4825
2025-07-25 11:45:00,True,True,PI_6240319_AL,19.490833333333335
2025-07-25 11:45:30,True,True,PI_6240319_AL,19.499166666666667
2025-07-25 11:46:00,True,True,PI_6240319_AL,19.5075
2025-07-25 11:46:30,True,True,PI_6240319_AL,19.515833333333333
2025-07-25 11:47:00,True,True,PI_6240319_AL,19.524166666666666
2025-07-25 11:47:30,True,True,PI_6240319_AL,19.5325
2025-07-25 11:48:00,True,True,PI_6240319_AL,19.54083333333333
2025-07-25 11:48:30,True,True,PI_6240319_AL,19.549166666666668
2025-07-25 11:49:00,True,True,PI_6240319_AL,19.5575
2025-07-25 11:49:30,True,True,PI_6240319_AL,19.565833333333334
2025-07-25 11:50:00,True,True,PI_6240319_AL,19.574166666666667
2025-07-25 11:50:30,True,True,PI_6240319_AL,19.5825
2025-07-25 11:51:00,True,True,PI_6240319_AL,19.590833333333332
2025-07-25 11:51:30,True,True,PI_6240319_AL,19.599166666666665
2025-07-25 11:52:00,True,True,PI_6240319_AL,19.6075
2025-07-25 11:52:30,True,True,PI_6240319_AL,19.615833333333335
2025-07-25 11:53:00,True,True,PI_6240319_AL,19.624166666666667
2025-07-25 11:53:30,True,True,PI_6240319_AL,19.6325
2025-07-25 11:54:00,True,True,PI_6240319_AL,19.640833333333333
2025-07-25 11:54:30,True,True,PI_6240319_AL,19.649166666666666
2025-07-25 11:55:00,True,True,PI_6240319_AL,19.6575
2025-07-25 11:55:30,True,True,PI_6240319_AL,19.66583333333333
2025-07-25 11:56:00,True,True,PI_6240319_AL,19.674166666666668
2025-07-25 11:56:30,True,True,PI_6240319_AL,19.6825
2025-07-25 11:57:00,True,True,PI_6240319_AL,19.690833333333334
2025-07-25 11:57:30,True,True,PI_6240319_AL,19.699166666666667
2025-07-25 11:58:00,True,True,PI_6240319_AL,19.7075
2025-07-25 11:58:30,True,True,PI_6240319_AL,19.715833333333332
2025-07-25 11:59:00,True,True,PI_6240319_AL,19.724166666666665
2025-07-25 11:59:30,True,True,PI_6240319_AL,19.7325
2025-07-25 12:00:00,True,True,PI_6240319_AL,19.740833333333335
2025-07-25 12:00:30,True,True,PI_6240319_AL,19.749166666666667
2025-07-25 12:01:00,True,True,PI_6240319_AL,19.7575
2025-07-25 12:01:30,True,True,PI_6240319_AL,19.765833333333333
2025-07-25 12:02:00,True,True,PI_6240319_AL,19.774166666666666
2025-07-25 12:02:30,True,True,PI_6240319_AL,19.7825
2025-07-25 12:03:00,True,True,PI_6240319_AL,19.79083333333333
2025-07-25 12:03:30,True,True,PI_6240319_AL,19.799166666666668
2025-07-25 12:04:00,True,True,PI_6240319_AL,19.8075
2025-07-25 12:04:30,True,True,PI_6240319_AL,19.815833333333334
2025-07-25 12:05:00,True,True,PI_6240319_AL,19.824166666666667
2025-07-25 12:05:30,True,True,PI_6240319_AL,19.8325
2025-07-25 12:06:00,True,True,PI_6240319_AL,19.840833333333332
2025-07-25 12:06:30,True,True,PI_6240319_AL,19.849166666666665
2025-07-25 12:07:00,True,True,PI_6240319_AL,19.8575
2025-07-25 12:07:30,True,True,PI_6240319_AL,19.865833333333335
2025-07-25 12:08:00,True,True,PI_6240319_AL,19.874166666666667
2025-07-25 12:08:30,True,True,PI_6240319_AL,19.8825
2025-07-25 12:09:00,True,True,PI_6240319_AL,19.890833333333333
2025-07-25 12:09:30,True,True,PI_6240319_AL,19.899166666666666
2025-07-25 12:10:00,True,True,PI_6240319_AL,19.9075
2025-07-25 12:10:30,True,True,PI_6240319_AL,19.91583333333333
2025-07-25 12:11:00,True,True,PI_6240319_AL,19.924166666666668
2025-07-25 12:11:30,True,True,PI_6240319_AL,19.9325
2025-07-25 12:12:00,True,True,PI_6240319_AL,19.940833333333334
2025-07-25 12:12:30,True,True,PI_6240319_AL,19.949166666666667
2025-07-25 12:13:00,True,True,PI_6240319_AL,19.9575
2025-07-25 12:13:30,True,True,PI_6240319_AL,19.965833333333332
2025-07-25 12:14:00,True,True,PI_6240319_AL,19.974166666666665
2025-07-25 12:14:30,True,True,PI_6240319_AL,19.9825
2025-07-25 12:15:00,True,True,PI_6240319_AL,19.990833333333335
2025-07-25 12:15:30,True,True,PI_6240319_AL,19.999166666666667
2025-07-25 12:16:00,True,True,PI_6240319_AL,20.0075
2025-07-25 12:16:30,True,True,PI_6240319_AL,20.015833333333333
2025-07-25 12:17:00,True,True,PI_6240319_AL,20.024166666666666
2025-07-25 12:17:30,True,True,PI_6240319_AL,20.0325
2025-07-25 12:18:00,True,True,PI_6240319_AL,20.04083333333333
2025-07-25 12:18:30,True,True,PI_6240319_AL,20.049166666666668
2025-07-25 12:19:00,True,True,PI_6240319_AL,20.0575
2025-07-25 12:19:30,True,True,PI_6240319_AL,20.065833333333334
2025-07-25 12:20:00,True,True,PI_6240319_AL,20.074166666666667
2025-07-25 12:20:30,True,True,PI_6240319_AL,20.0825
2025-07-25 12:21:00,True,True,PI_6240319_AL,20.090833333333332
2025-07-25 12:21:30,True,True,PI_6240319_AL,20.099166666666665
2025-07-25 12:22:00,True,True,PI_6240319_AL,20.1075
2025-07-25 12:22:30,True,True,PI_6240319_AL,20.115833333333335
2025-07-25 12:23:00,True,True,PI_6240319_AL,20.124166666666667
2025-07-25 12:23:30,True,True,PI_6240319_AL,20.1325
2025-07-25 12:24:00,True,True,PI_6240319_AL,20.140833333333333
2025-07-25 12:24:30,True,True,PI_6240319_AL,20.149166666666666
2025-07-25 12:25:00,True,True,PI_6240319_AL,20.1575
2025-07-25 12:25:30,True,True,PI_6240319_AL,20.16583333333333
2025-07-25 12:26:00,True,True,PI_6240319_AL,20.174166666666668
2025-07-25 12:26:30,True,True,PI_6240319_AL,20.1825
2025-07-25 12:27:00,True,True,PI_6240319_AL,20.190833333333334
2025-07-25 12:27:30,True,True,PI_6240319_AL,20.199166666666667
2025-07-25 12:28:00,True,True,PI_6240319_AL,20.2075
2025-07-25 12:28:30,True,True,PI_6240319_AL,20.215833333333332
2025-07-25 12:29:00,True,True,PI_6240319_AL,20.224166666666665
2025-07-25 12:29:30,True,True,PI_6240319_AL,20.2325
2025-07-25 12:30:00,True,True,PI_6240319_AL,20.240833333333335
2025-07-25 12:30:30,True,True,PI_6240319_AL,20.249166666666667
2025-07-25 12:31:00,True,True,PI_6240319_AL,20.2575
2025-07-25 12:31:30,True,True,PI_6240319_AL,20.265833333333333
2025-07-25 12:32:00,True,True,PI_6240319_AL,20.274166666666666
2025-07-25 12:32:30,True,True,PI_6240319_AL,20.2825
2025-07-25 12:33:00,True,True,PI_6240319_AL,20.29083333333333
2025-07-25 12:33:30,True,True,PI_6240319_AL,20.299166666666668
2025-07-25 12:34:00,True,True,PI_6240319_AL,20.3075
2025-07-25 12:34:30,True,True,PI_6240319_AL,20.315833333333334
2025-07-25 12:35:00,True,True,PI_6240319_AL,20.324166666666667
2025-07-25 12:35:30,True,True,PI_6240319_AL,20.3325
2025-07-25 12:36:00,True,True,PI_6240319_AL,20.340833333333332
2025-07-25 12:36:30,True,True,PI_6240319_AL,20.349166666666665
2025-07-25 12:37:00,True,True,PI_6240319_AL,20.3575
2025-07-25 12:37:30,True,True,PI_6240319_AL,20.365833333333335
2025-07-25 12:38:00,True,True,PI_6240319_AL,20.374166666666667
2025-07-25 12:38:30,True,True,PI_6240319_AL,20.3825
2025-07-25 12:39:00,True,True,PI_6240319_AL,20.390833333333333
2025-07-25 12:39:30,True,True,PI_6240319_AL,20.399166666666666
2025-07-25 12:40:00,True,True,PI_6240319_AL,20.4075
2025-07-25 12:40:30,True,True,PI_6240319_AL,20.41583333333333
2025-07-25 12:41:00,True,True,PI_6240319_AL,20.424166666666668
2025-07-25 12:41:30,True,True,PI_6240319_AL,20.4325
2025-07-25 12:42:00,True,True,PI_6240319_AL,20.440833333333334
2025-07-25 12:42:30,True,True,PI_6240319_AL,20.449166666666667
2025-07-25 12:43:00,True,True,PI_6240319_AL,20.4575
2025-07-25 12:43:30,True,True,PI_6240319_AL,20.465833333333332
2025-07-25 12:44:00,True,True,PI_6240319_AL,20.474166666666665
2025-07-25 12:44:30,True,True,PI_6240319_AL,20.4825
2025-07-25 12:45:00,True,True,PI_6240319_AL,20.490833333333335
2025-07-25 12:45:30,True,True,PI_6240319_AL,20.499166666666667
2025-07-25 12:46:00,True,True,PI_6240319_AL,20.5075
2025-07-25 12:46:30,True,True,PI_6240319_AL,20.515833333333333
2025-07-25 12:47:00,True,True,PI_6240319_AL,20.524166666666666
2025-07-25 12:47:30,True,True,PI_6240319_AL,20.5325
2025-07-25 12:48:00,True,True,PI_6240319_AL,20.54083333333333
2025-07-25 12:48:30,True,True,PI_6240319_AL,20.549166666666668
2025-07-25 12:49:00,True,True,PI_6240319_AL,20.5575
2025-07-25 12:49:30,True,True,PI_6240319_AL,20.565833333333334
2025-07-25 12:50:00,True,True,PI_6240319_AL,20.574166666666667
2025-07-25 12:50:30,True,True,PI_6240319_AL,20.5825
2025-07-25 12:51:00,True,True,PI_6240319_AL,20.590833333333332
2025-07-25 12:51:30,True,True,PI_6240319_AL,20.599166666666665
2025-07-25 12:52:00,True,True,PI_6240319_AL,20.6075
2025-07-25 12:52:30,True,True,PI_6240319_AL,20.615833333333335
2025-07-25 12:53:00,True,True,PI_6240319_AL,20.624166666666667
2025-07-25 12:53:30,True,True,PI_6240319_AL,20.6325
2025-07-25 12:54:00,True,True,PI_6240319_AL,20.640833333333333
2025-07-25 12:54:30,True,True,PI_6240319_AL,20.649166666666666
2025-07-25 12:55:00,True,True,PI_6240319_AL,20.6575
2025-07-25 12:55:30,True,True,PI_6240319_AL,20.66583333333333
2025-07-25 12:56:00,True,True,PI_6240319_AL,20.674166666666668
2025-07-25 12:56:30,True,True,PI_6240319_AL,20.6825
2025-07-25 12:57:00,True,True,PI_6240319_AL,20.690833333333334
2025-07-25 12:57:30,True,True,PI_6240319_AL,20.699166666666667
2025-07-25 12:58:00,True,True,PI_6240319_AL,20.7075
2025-07-25 12:58:30,True,True,PI_6240319_AL,20.715833333333332
2025-07-25 12:59:00,True,True,PI_6240319_AL,20.724166666666665
2025-07-25 12:59:30,True,True,PI_6240319_AL,20.7325
2025-07-25 13:00:00,True,True,PI_6240319_AL,20.740833333333335
2025-07-25 13:00:30,True,True,PI_6240319_AL,20.749166666666667
2025-07-25 13:01:00,True,True,PI_6240319_AL,20.7575
2025-07-25 13:01:30,True,True,PI_6240319_AL,20.765833333333333
2025-07-25 13:02:00,True,True,PI_6240319_AL,20.774166666666666
2025-07-25 13:02:30,True,True,PI_6240319_AL,20.7825
2025-07-25 13:03:00,True,True,PI_6240319_AL,20.79083333333333
2025-07-25 13:03:30,True,True,PI_6240319_AL,20.799166666666668
2025-07-25 13:04:00,True,True,PI_6240319_AL,20.8075
2025-07-25 13:04:30,True,True,PI_6240319_AL,20.815833333333334
2025-07-25 13:05:00,True,True,PI_6240319_AL,20.824166666666667
2025-07-25 13:05:30,True,True,PI_6240319_AL,20.8325
2025-07-25 13:06:00,True,True,PI_6240319_AL,20.840833333333332
2025-07-25 13:06:30,True,True,PI_6240319_AL,20.849166666666665
2025-07-25 13:07:00,True,True,PI_6240319_AL,20.8575
2025-07-25 13:07:30,True,True,PI_6240319_AL,20.865833333333335
2025-07-25 13:08:00,True,True,PI_6240319_AL,20.874166666666667
2025-07-25 13:08:30,True,True,PI_6240319_AL,20.8825
2025-07-25 13:09:00,True,True,PI_6240319_AL,20.890833333333333
2025-07-25 13:09:30,True,True,PI_6240319_AL,20.899166666666666
2025-07-25 13:10:00,True,True,PI_6240319_AL,20.9075
2025-07-25 13:10:30,True,True,PI_6240319_AL,20.91583333333333
2025-07-25 13:11:00,True,True,PI_6240319_AL,20.924166666666668
2025-07-25 13:11:30,True,True,PI_6240319_AL,20.9325
2025-07-25 13:12:00,True,True,PI_6240319_AL,20.940833333333334
2025-07-25 13:12:30,True,True,PI_6240319_AL,20.949166666666667
2025-07-25 13:13:00,True,True,PI_6240319_AL,20.9575
2025-07-25 13:13:30,True,True,PI_6240319_AL,20.965833333333332
2025-07-25 13:14:00,True,True,PI_6240319_AL,20.974166666666665
2025-07-25 13:14:30,True,True,PI_6240319_AL,20.9825
2025-07-25 13:15:00,True,True,PI_6240319_AL,20.990833333333335
2025-07-25 13:15:30,True,True,PI_6240319_AL,20.999166666666667
2025-07-25 13:16:00,True,True,PI_6240319_AL,21.0075
2025-07-25 13:16:30,True,True,PI_6240319_AL,21.015833333333333
2025-07-25 13:17:00,True,True,PI_6240319_AL,21.024166666666666
2025-07-25 13:17:30,True,True,PI_6240319_AL,21.0325
2025-07-25 13:18:00,True,True,PI_6240319_AL,21.04083333333333
2025-07-25 13:18:30,True,True,PI_6240319_AL,21.049166666666668
2025-07-25 13:19:00,True,True,PI_6240319_AL,21.0575
2025-07-25 13:19:30,True,True,PI_6240319_AL,21.065833333333334
2025-07-25 13:20:00,True,True,PI_6240319_AL,21.074166666666667
2025-07-25 13:20:30,True,True,PI_6240319_AL,21.0825
2025-07-25 13:21:00,True,True,PI_6240319_AL,21.090833333333332
2025-07-25 13:21:30,True,True,PI_6240319_AL,21.099166666666665
2025-07-25 13:22:00,True,True,PI_6240319_AL,21.1075
2025-07-25 13:22:30,True,True,PI_6240319_AL,21.115833333333335
2025-07-25 13:23:00,True,True,PI_6240319_AL,21.124166666666667
2025-07-25 13:23:30,True,True,PI_6240319_AL,21.1325
2025-07-25 13:24:00,True,True,PI_6240319_AL,21.140833333333333
2025-07-25 13:24:30,True,True,PI_6240319_AL,21.149166666666666
2025-07-25 13:25:00,True,True,PI_6240319_AL,21.1575
2025-07-25 13:25:30,True,True,PI_6240319_AL,21.16583333333333
2025-07-25 13:26:00,True,True,PI_6240319_AL,21.174166666666668
2025-07-25 13:26:30,True,True,PI_6240319_AL,21.1825
2025-07-25 13:27:00,True,True,PI_6240319_AL,21.190833333333334
2025-07-25 13:27:30,True,True,PI_6240319_AL,21.199166666666667
2025-07-25 13:28:00,True,True,PI_6240319_AL,21.2075
2025-07-25 13:28:30,True,True,PI_6240319_AL,21.215833333333332
2025-07-25 13:29:00,True,True,PI_6240319_AL,21.224166666666665
2025-07-25 13:29:30,True,True,PI_6240319_AL,21.2325
2025-07-25 13:30:00,True,True,PI_6240319_AL,21.240833333333335
2025-07-25 13:30:30,True,True,PI_6240319_AL,21.249166666666667
2025-07-25 13:31:00,True,True,PI_6240319_AL,21.2575
2025-07-25 13:31:30,True,True,PI_6240319_AL,21.265833333333333
2025-07-25 13:32:00,True,True,PI_6240319_AL,21.274166666666666
2025-07-25 13:32:30,True,True,PI_6240319_AL,21.2825
2025-07-25 13:33:00,True,True,PI_6240319_AL,21.29083333333333
2025-07-25 13:33:30,True,True,PI_6240319_AL,21.299166666666668
2025-07-25 13:34:00,True,True,PI_6240319_AL,21.3075
2025-07-25 13:34:30,True,True,PI_6240319_AL,21.315833333333334
2025-07-25 13:35:00,True,True,PI_6240319_AL,21.324166666666667
2025-07-25 13:35:30,True,True,PI_6240319_AL,21.3325
2025-07-25 13:36:00,True,True,PI_6240319_AL,21.340833333333332
2025-07-25 13:36:30,True,True,PI_6240319_AL,21.349166666666665
2025-07-25 13:37:00,True,True,PI_6240319_AL,21.3575
2025-07-25 13:37:30,True,True,PI_6240319_AL,21.365833333333335
2025-07-25 13:38:00,True,True,PI_6240319_AL,21.374166666666667
2025-07-25 13:38:30,True,True,PI_6240319_AL,21.3825
2025-07-25 13:39:00,True,True,PI_6240319_AL,21.390833333333333
2025-07-25 13:39:30,True,True,PI_6240319_AL,21.399166666666666
2025-07-25 13:40:00,True,True,PI_6240319_AL,21.4075
2025-07-25 13:40:30,True,True,PI_6240319_AL,21.41583333333333
2025-07-25 13:41:00,True,True,PI_6240319_AL,21.424166666666668
2025-07-25 13:41:30,True,True,PI_6240319_AL,21.4325
2025-07-25 13:42:00,True,True,PI_6240319_AL,21.440833333333334
2025-07-25 13:42:30,True,True,PI_6240319_AL,21.449166666666667
2025-07-25 13:43:00,True,True,PI_6240319_AL,21.4575
2025-07-25 13:43:30,True,True,PI_6240319_AL,21.465833333333332
2025-07-25 13:44:00,True,True,PI_6240319_AL,21.474166666666665
2025-07-25 13:44:30,True,True,PI_6240319_AL,21.4825
2025-07-25 13:45:00,True,True,PI_6240319_AL,21.490833333333335
2025-07-25 13:45:30,True,True,PI_6240319_AL,21.499166666666667
2025-07-25 13:46:00,True,True,PI_6240319_AL,21.5075
2025-07-25 13:46:30,True,True,PI_6240319_AL,21.515833333333333
2025-07-25 13:47:00,True,True,PI_6240319_AL,21.524166666666666
2025-07-25 13:47:30,True,True,PI_6240319_AL,21.5325
2025-07-25 13:48:00,True,True,PI_6240319_AL,21.54083333333333
2025-07-25 13:48:30,True,True,PI_6240319_AL,21.549166666666668
2025-07-25 13:49:00,True,True,PI_6240319_AL,21.5575
2025-07-25 13:49:30,True,True,PI_6240319_AL,21.565833333333334
2025-07-25 13:50:00,True,True,PI_6240319_AL,21.574166666666667
2025-07-25 13:50:30,True,True,PI_6240319_AL,21.5825
2025-07-25 13:51:00,True,True,PI_6240319_AL,21.590833333333332
2025-07-25 13:51:30,True,True,PI_6240319_AL,21.599166666666665
2025-07-25 13:52:00,True,True,PI_6240319_AL,21.6075
2025-07-25 13:52:30,True,True,PI_6240319_AL,21.615833333333335
2025-07-25 13:53:00,True,True,PI_6240319_AL,21.624166666666667
2025-07-25 13:53:30,True,True,PI_6240319_AL,21.6325
2025-07-25 13:54:00,True,True,PI_6240319_AL,21.640833333333333
2025-07-25 13:54:30,True,True,PI_6240319_AL,21.649166666666666
2025-07-25 13:55:00,True,True,PI_6240319_AL,21.6575
2025-07-25 13:55:30,True,True,PI_6240319_AL,21.66583333333333
2025-07-25 13:56:00,True,True,PI_6240319_AL,21.674166666666668
2025-07-25 13:56:30,True,True,PI_6240319_AL,21.6825
2025-07-25 13:57:00,True,True,PI_6240319_AL,21.690833333333334
2025-07-25 13:57:30,True,True,PI_6240319_AL,21.699166666666667
2025-07-25 13:58:00,True,True,PI_6240319_AL,21.7075
2025-07-25 13:58:30,True,True,PI_6240319_AL,21.715833333333332
2025-07-25 13:59:00,True,True,PI_6240319_AL,21.724166666666665
2025-07-25 13:59:30,True,True,PI_6240319_AL,21.7325
2025-07-25 14:00:00,True,True,PI_6240319_AL,21.740833333333335
2025-07-25 14:00:30,True,True,PI_6240319_AL,21.749166666666667
2025-07-25 14:01:00,True,True,PI_6240319_AL,21.7575
2025-07-25 14:01:30,True,True,PI_6240319_AL,21.765833333333333
2025-07-25 14:02:00,True,True,PI_6240319_AL,21.774166666666666
2025-07-25 14:02:30,True,True,PI_6240319_AL,21.7825
2025-07-25 14:03:00,True,True,PI_6240319_AL,21.79083333333333
2025-07-25 14:03:30,True,True,PI_6240319_AL,21.799166666666668
2025-07-25 14:04:00,True,True,PI_6240319_AL,21.8075
2025-07-25 14:04:30,True,True,PI_6240319_AL,21.815833333333334
2025-07-25 14:05:00,True,True,PI_6240319_AL,21.824166666666667
2025-07-25 14:05:30,True,True,PI_6240319_AL,21.8325
2025-07-25 14:06:00,True,True,PI_6240319_AL,21.840833333333332
2025-07-25 14:06:30,True,True,PI_6240319_AL,21.849166666666665
2025-07-25 14:07:00,True,True,PI_6240319_AL,21.8575
2025-07-25 14:07:30,True,True,PI_6240319_AL,21.865833333333335
2025-07-25 14:08:00,True,True,PI_6240319_AL,21.874166666666667
2025-07-25 14:08:30,True,True,PI_6240319_AL,21.8825
2025-07-25 14:09:00,True,True,PI_6240319_AL,21.890833333333333
2025-07-25 14:09:30,True,True,PI_6240319_AL,21.899166666666666
2025-07-25 14:10:00,True,True,PI_6240319_AL,21.9075
2025-07-25 14:10:30,True,True,PI_6240319_AL,21.91583333333333
2025-07-25 14:11:00,True,True,PI_6240319_AL,21.924166666666668
2025-07-25 14:11:30,True,True,PI_6240319_AL,21.9325
2025-07-25 14:12:00,True,True,PI_6240319_AL,21.940833333333334
2025-07-25 14:12:30,True,True,PI_6240319_AL,21.949166666666667
2025-07-25 14:13:00,True,True,PI_6240319_AL,21.9575
2025-07-25 14:13:30,True,True,PI_6240319_AL,21.965833333333332
2025-07-25 14:14:00,True,True,PI_6240319_AL,21.974166666666665
2025-07-25 14:14:30,True,True,PI_6240319_AL,21.9825
2025-07-25 14:15:00,True,True,PI_6240319_AL,21.990833333333335
2025-07-25 14:15:30,True,True,PI_6240319_AL,21.999166666666667
2025-07-25 14:16:00,True,True,PI_6240319_AL,22.0075
2025-07-25 14:16:30,True,True,PI_6240319_AL,22.015833333333333
2025-07-25 14:17:00,True,True,PI_6240319_AL,22.024166666666666
2025-07-25 14:17:30,True,True,PI_6240319_AL,22.0325
2025-07-25 14:18:00,True,True,PI_6240319_AL,22.04083333333333
2025-07-25 14:18:30,True,True,PI_6240319_AL,22.049166666666668
2025-07-25 14:19:00,True,True,PI_6240319_AL,22.0575
2025-07-25 14:19:30,True,True,PI_6240319_AL,22.065833333333334
2025-07-25 14:20:00,True,True,PI_6240319_AL,22.074166666666667
2025-07-25 14:20:30,True,True,PI_6240319_AL,22.0825
2025-07-25 14:21:00,True,True,PI_6240319_AL,22.090833333333332
2025-07-25 14:21:30,True,True,PI_6240319_AL,22.099166666666665
2025-07-25 14:22:00,True,True,PI_6240319_AL,22.1075
2025-07-25 14:22:30,True,True,PI_6240319_AL,22.115833333333335
2025-07-25 14:23:00,True,True,PI_6240319_AL,22.124166666666667
2025-07-25 14:23:30,True,True,PI_6240319_AL,22.1325
2025-07-25 14:24:00,True,True,PI_6240319_AL,22.140833333333333
2025-07-25 14:24:30,True,True,PI_6240319_AL,22.149166666666666
2025-07-25 14:25:00,True,True,PI_6240319_AL,22.1575
2025-07-25 14:25:30,True,True,PI_6240319_AL,22.16583333333333
2025-07-25 14:26:00,True,True,PI_6240319_AL,22.174166666666668
2025-07-25 14:26:30,True,True,PI_6240319_AL,22.1825
2025-07-25 14:27:00,True,True,PI_6240319_AL,22.190833333333334
2025-07-25 14:27:30,True,True,PI_6240319_AL,22.199166666666667
2025-07-25 14:28:00,True,True,PI_6240319_AL,22.2075
2025-07-25 14:28:30,True,True,PI_6240319_AL,22.215833333333332
2025-07-25 14:29:00,True,True,PI_6240319_AL,22.224166666666665
2025-07-25 14:29:30,True,True,PI_6240319_AL,22.2325
2025-07-25 14:30:00,True,True,PI_6240319_AL,22.240833333333335
2025-07-25 14:30:30,True,True,PI_6240319_AL,22.249166666666667
2025-07-25 14:31:00,True,True,PI_6240319_AL,22.2575
2025-07-25 14:31:30,True,True,PI_6240319_AL,22.265833333333333
2025-07-25 14:32:00,True,True,PI_6240319_AL,22.274166666666666
2025-07-25 14:32:30,True,True,PI_6240319_AL,22.2825
2025-07-25 14:33:00,True,True,PI_6240319_AL,22.29083333333333
2025-07-25 14:33:30,True,True,PI_6240319_AL,22.299166666666668
2025-07-25 14:34:00,True,True,PI_6240319_AL,22.3075
2025-07-25 14:34:30,True,True,PI_6240319_AL,22.315833333333334
2025-07-25 14:35:00,True,True,PI_6240319_AL,22.324166666666667
2025-07-25 14:35:30,True,True,PI_6240319_AL,22.3325
2025-07-25 14:36:00,True,True,PI_6240319_AL,22.340833333333332
2025-07-25 14:36:30,True,True,PI_6240319_AL,22.349166666666665
2025-07-25 14:37:00,True,True,PI_6240319_AL,22.3575
2025-07-25 14:37:30,True,True,PI_6240319_AL,22.365833333333335
2025-07-25 14:38:00,True,True,PI_6240319_AL,22.374166666666667
2025-07-25 14:38:30,True,True,PI_6240319_AL,22.3825
2025-07-25 14:39:00,True,True,PI_6240319_AL,22.390833333333333
2025-07-25 14:39:30,True,True,PI_6240319_AL,22.399166666666666
2025-07-25 14:40:00,True,True,PI_6240319_AL,22.4075
2025-07-25 14:40:30,True,True,PI_6240319_AL,22.41583333333333
2025-07-25 14:41:00,True,True,PI_6240319_AL,22.424166666666668
2025-07-25 14:41:30,True,True,PI_6240319_AL,22.4325
2025-07-25 14:42:00,True,True,PI_6240319_AL,22.440833333333334
2025-07-25 14:42:30,True,True,PI_6240319_AL,22.449166666666667
2025-07-25 14:43:00,True,True,PI_6240319_AL,22.4575
2025-07-25 14:43:30,True,True,PI_6240319_AL,22.465833333333332
2025-07-25 14:44:00,True,True,PI_6240319_AL,22.474166666666665
2025-07-25 14:44:30,True,True,PI_6240319_AL,22.4825
2025-07-25 14:45:00,True,True,PI_6240319_AL,22.490833333333335
2025-07-25 14:45:30,True,True,PI_6240319_AL,22.499166666666667
2025-07-25 14:46:00,True,True,PI_6240319_AL,22.5075
2025-07-25 14:46:30,True,True,PI_6240319_AL,22.515833333333333
2025-07-25 14:47:00,True,True,PI_6240319_AL,22.524166666666666
2025-07-25 14:47:30,True,True,PI_6240319_AL,22.5325
2025-07-25 14:48:00,True,True,PI_6240319_AL,22.54083333333333
2025-07-25 14:48:30,True,True,PI_6240319_AL,22.549166666666668
2025-07-25 14:49:00,True,True,PI_6240319_AL,22.5575
2025-07-25 14:49:30,True,True,PI_6240319_AL,22.565833333333334
2025-07-25 14:50:00,True,True,PI_6240319_AL,22.574166666666667
2025-07-25 14:50:30,True,True,PI_6240319_AL,22.5825
2025-07-25 14:51:00,True,True,PI_6240319_AL,22.590833333333332
2025-07-25 14:51:30,True,True,PI_6240319_AL,22.599166666666665
2025-07-25 14:52:00,True,True,PI_6240319_AL,22.6075
2025-07-25 14:52:30,True,True,PI_6240319_AL,22.615833333333335
2025-07-25 14:53:00,True,True,PI_6240319_AL,22.624166666666667
2025-07-25 14:53:30,True,True,PI_6240319_AL,22.6325
2025-07-25 14:54:00,True,True,PI_6240319_AL,22.640833333333333
2025-07-25 14:54:30,True,True,PI_6240319_AL,22.649166666666666
2025-07-25 14:55:00,True,True,PI_6240319_AL,22.6575
2025-07-25 14:55:30,True,True,PI_6240319_AL,22.66583333333333
2025-07-25 14:56:00,True,True,PI_6240319_AL,22.674166666666668
2025-07-25 14:56:30,True,True,PI_6240319_AL,22.6825
2025-07-25 14:57:00,True,True,PI_6240319_AL,22.690833333333334
2025-07-25 14:57:30,True,True,PI_6240319_AL,22.699166666666667
2025-07-25 14:58:00,True,True,PI_6240319_AL,22.7075
2025-07-25 14:58:30,True,True,PI_6240319_AL,22.715833333333332
2025-07-25 14:59:00,True,True,PI_6240319_AL,22.724166666666665
2025-07-25 14:59:30,True,True,PI_6240319_AL,22.7325
2025-07-25 15:00:00,True,True,PI_6240319_AL,22.740833333333335
2025-07-25 15:00:30,True,True,PI_6240319_AL,22.749166666666667
2025-07-25 15:01:00,True,True,PI_6240319_AL,22.7575
2025-07-25 15:01:30,True,True,PI_6240319_AL,22.765833333333333
2025-07-25 15:02:00,True,True,PI_6240319_AL,22.774166666666666
2025-07-25 15:02:30,True,True,PI_6240319_AL,22.7825
2025-07-25 15:03:00,True,True,PI_6240319_AL,22.79083333333333
2025-07-25 15:03:30,True,True,PI_6240319_AL,22.799166666666668
2025-07-25 15:04:00,True,True,PI_6240319_AL,22.8075
2025-07-25 15:04:30,True,True,PI_6240319_AL,22.815833333333334
2025-07-25 15:05:00,True,True,PI_6240319_AL,22.824166666666667
2025-07-25 15:05:30,True,True,PI_6240319_AL,22.8325
2025-07-25 15:06:00,True,True,PI_6240319_AL,22.840833333333332
2025-07-25 15:06:30,True,True,PI_6240319_AL,22.849166666666665
2025-07-25 15:07:00,True,True,PI_6240319_AL,22.8575
2025-07-25 15:07:30,True,True,PI_6240319_AL,22.865833333333335
2025-07-25 15:08:00,True,True,PI_6240319_AL,22.874166666666667
2025-07-25 15:08:30,True,True,PI_6240319_AL,22.8825
2025-07-25 15:09:00,True,True,PI_6240319_AL,22.890833333333333
2025-07-25 15:09:30,True,True,PI_6240319_AL,22.899166666666666
2025-07-25 15:10:00,True,True,PI_6240319_AL,22.9075
2025-07-25 15:10:30,True,True,PI_6240319_AL,22.91583333333333
2025-07-25 15:11:00,True,True,PI_6240319_AL,22.924166666666668
2025-07-25 15:11:30,True,True,PI_6240319_AL,22.9325
2025-07-25 15:12:00,True,True,PI_6240319_AL,22.940833333333334
2025-07-25 15:12:30,True,True,PI_6240319_AL,22.949166666666667
2025-07-25 15:13:00,True,True,PI_6240319_AL,22.9575
2025-07-25 15:13:30,True,True,PI_6240319_AL,22.965833333333332
2025-07-25 15:14:00,True,True,PI_6240319_AL,22.974166666666665
2025-07-25 15:14:30,True,True,PI_6240319_AL,22.9825
2025-07-25 15:15:00,True,True,PI_6240319_AL,22.990833333333335
2025-07-25 15:15:30,True,True,PI_6240319_AL,22.999166666666667
2025-07-25 15:16:00,True,True,PI_6240319_AL,23.0075
2025-07-25 15:16:30,True,True,PI_6240319_AL,23.015833333333333
2025-07-25 15:17:00,True,True,PI_6240319_AL,23.024166666666666
2025-07-25 15:17:30,True,True,PI_6240319_AL,23.0325
2025-07-25 15:18:00,True,True,PI_6240319_AL,23.04083333333333
2025-07-25 15:18:30,True,True,PI_6240319_AL,23.049166666666668
2025-07-25 15:19:00,True,True,PI_6240319_AL,23.0575
2025-07-25 15:19:30,True,True,PI_6240319_AL,23.065833333333334
2025-07-25 15:20:00,True,True,PI_6240319_AL,23.074166666666667
2025-07-25 15:20:30,True,True,PI_6240319_AL,23.0825
2025-07-25 15:21:00,True,True,PI_6240319_AL,23.090833333333332
2025-07-25 15:21:30,True,True,PI_6240319_AL,23.099166666666665
2025-07-25 15:22:00,True,True,PI_6240319_AL,23.1075
2025-07-25 15:22:30,True,True,PI_6240319_AL,23.115833333333335
2025-07-25 15:23:00,True,True,PI_6240319_AL,23.124166666666667
2025-07-25 15:23:30,True,True,PI_6240319_AL,23.1325
2025-07-25 15:24:00,True,True,PI_6240319_AL,23.140833333333333
2025-07-25 15:24:30,True,True,PI_6240319_AL,23.149166666666666
2025-07-25 15:25:00,True,True,PI_6240319_AL,23.1575
2025-07-25 15:25:30,True,True,PI_6240319_AL,23.16583333333333
2025-07-25 15:26:00,True,True,PI_6240319_AL,23.174166666666668
2025-07-25 15:26:30,True,True,PI_6240319_AL,23.1825
2025-07-25 15:27:00,True,True,PI_6240319_AL,23.190833333333334
2025-07-25 15:27:30,True,True,PI_6240319_AL,23.199166666666667
2025-07-25 15:28:00,True,True,PI_6240319_AL,23.2075
2025-07-25 15:28:30,True,True,PI_6240319_AL,23.215833333333332
2025-07-25 15:29:00,True,True,PI_6240319_AL,23.224166666666665
2025-07-25 15:29:30,True,True,PI_6240319_AL,23.2325
2025-07-25 15:30:00,True,True,PI_6240319_AL,23.240833333333335
2025-07-25 15:30:30,True,True,PI_6240319_AL,23.249166666666667
2025-07-25 15:31:00,True,True,PI_6240319_AL,23.2575
2025-07-25 15:31:30,True,True,PI_6240319_AL,23.265833333333333
2025-07-25 15:32:00,True,True,PI_6240319_AL,23.274166666666666
2025-07-25 15:32:30,True,True,PI_6240319_AL,23.2825
2025-07-25 15:33:00,True,True,PI_6240319_AL,23.29083333333333
2025-07-25 15:33:30,True,True,PI_6240319_AL,23.299166666666668
2025-07-25 15:34:00,True,True,PI_6240319_AL,23.3075
2025-07-25 15:34:30,True,True,PI_6240319_AL,23.315833333333334
2025-07-25 15:35:00,True,True,PI_6240319_AL,23.324166666666667
2025-07-25 15:35:30,True,True,PI_6240319_AL,23.3325
2025-07-25 15:36:00,True,True,PI_6240319_AL,23.340833333333332
2025-07-25 15:36:30,True,True,PI_6240319_AL,23.349166666666665
2025-07-25 15:37:00,True,True,PI_6240319_AL,23.3575
2025-07-25 15:37:30,True,True,PI_6240319_AL,23.365833333333335
2025-07-25 15:38:00,True,True,PI_6240319_AL,23.374166666666667
2025-07-25 15:38:30,True,True,PI_6240319_AL,23.3825
2025-07-25 15:39:00,True,True,PI_6240319_AL,23.390833333333333
2025-07-25 15:39:30,True,True,PI_6240319_AL,23.399166666666666
2025-07-25 15:40:00,True,True,PI_6240319_AL,23.4075
2025-07-25 15:40:30,True,True,PI_6240319_AL,23.41583333333333
2025-07-25 15:41:00,True,True,PI_6240319_AL,23.424166666666668
2025-07-25 15:41:30,True,True,PI_6240319_AL,23.4325
2025-07-25 15:42:00,True,True,PI_6240319_AL,23.440833333333334
2025-07-25 15:42:30,True,True,PI_6240319_AL,23.449166666666667
2025-07-25 15:43:00,True,True,PI_6240319_AL,23.4575
2025-07-25 15:43:30,True,True,PI_6240319_AL,23.465833333333332
2025-07-25 15:44:00,True,True,PI_6240319_AL,23.474166666666665
2025-07-25 15:44:30,True,True,PI_6240319_AL,23.4825
2025-07-25 15:45:00,True,True,PI_6240319_AL,23.490833333333335
2025-07-25 15:45:30,True,True,PI_6240319_AL,23.499166666666667
2025-07-25 15:46:00,True,True,PI_6240319_AL,23.5075
2025-07-25 15:46:30,True,True,PI_6240319_AL,23.515833333333333
2025-07-25 15:47:00,True,True,PI_6240319_AL,23.524166666666666
2025-07-25 15:47:30,True,True,PI_6240319_AL,23.5325
2025-07-25 15:48:00,True,True,PI_6240319_AL,23.54083333333333
2025-07-25 15:48:30,True,True,PI_6240319_AL,23.549166666666668
2025-07-25 15:49:00,True,True,PI_6240319_AL,23.5575
2025-07-25 15:49:30,True,True,PI_6240319_AL,23.565833333333334
2025-07-25 15:50:00,True,True,PI_6240319_AL,23.574166666666667
2025-07-25 15:50:30,True,True,PI_6240319_AL,23.5825
2025-07-25 15:51:00,True,True,PI_6240319_AL,23.590833333333332
2025-07-25 15:51:30,True,True,PI_6240319_AL,23.599166666666665
2025-07-25 15:52:00,True,True,PI_6240319_AL,23.6075
2025-07-25 15:52:30,True,True,PI_6240319_AL,23.615833333333335
2025-07-25 15:53:00,True,True,PI_6240319_AL,23.624166666666667
2025-07-25 15:53:30,True,True,PI_6240319_AL,23.6325
2025-07-25 15:54:00,True,True,PI_6240319_AL,23.640833333333333
2025-07-25 15:54:30,True,True,PI_6240319_AL,23.649166666666666
2025-07-25 15:55:00,True,True,PI_6240319_AL,23.6575
2025-07-25 15:55:30,True,True,PI_6240319_AL,23.66583333333333
2025-07-25 15:56:00,True,True,PI_6240319_AL,23.674166666666668
2025-07-25 15:56:30,True,True,PI_6240319_AL,23.6825
2025-07-25 15:57:00,True,True,PI_6240319_AL,23.690833333333334
2025-07-25 15:57:30,True,True,PI_6240319_AL,23.699166666666667
2025-07-25 15:58:00,True,True,PI_6240319_AL,23.7075
2025-07-25 15:58:30,True,True,PI_6240319_AL,23.715833333333332
2025-07-25 15:59:00,True,True,PI_6240319_AL,23.724166666666665
2025-07-25 15:59:30,True,True,PI_6240319_AL,23.7325
2025-07-25 16:00:00,True,True,PI_6240319_AL,23.740833333333335
2025-07-25 16:00:30,True,True,PI_6240319_AL,23.749166666666667
2025-07-25 16:01:00,True,True,PI_6240319_AL,23.7575
2025-07-25 16:01:30,True,True,PI_6240319_AL,23.765833333333333
2025-07-25 16:02:00,True,True,PI_6240319_AL,23.774166666666666
2025-07-25 16:02:30,True,True,PI_6240319_AL,23.7825
2025-07-25 16:03:00,True,True,PI_6240319_AL,23.79083333333333
2025-07-25 16:03:30,True,True,PI_6240319_AL,23.799166666666668
2025-07-25 16:04:00,True,True,PI_6240319_AL,23.8075
2025-07-25 16:04:30,True,True,PI_6240319_AL,23.815833333333334
2025-07-25 16:05:00,True,True,PI_6240319_AL,23.824166666666667
2025-07-25 16:05:30,True,True,PI_6240319_AL,23.8325
2025-07-25 16:06:00,True,True,PI_6240319_AL,23.840833333333332
2025-07-25 16:06:30,True,True,PI_6240319_AL,23.849166666666665
2025-07-25 16:07:00,True,True,PI_6240319_AL,23.8575
2025-07-25 16:07:30,True,True,PI_6240319_AL,23.865833333333335
2025-07-25 16:08:00,True,True,PI_6240319_AL,23.874166666666667
2025-07-25 16:08:30,True,True,PI_6240319_AL,23.8825
2025-07-25 16:09:00,True,True,PI_6240319_AL,23.890833333333333
2025-07-25 16:09:30,True,True,PI_6240319_AL,23.899166666666666
2025-07-25 16:10:00,True,True,PI_6240319_AL,23.9075
2025-07-25 16:10:30,True,True,PI_6240319_AL,23.91583333333333
2025-07-25 16:11:00,True,True,PI_6240319_AL,23.924166666666668
2025-07-25 16:11:30,True,True,PI_6240319_AL,23.9325
2025-07-25 16:12:00,True,True,PI_6240319_AL,23.940833333333334
2025-07-25 16:12:30,True,True,PI_6240319_AL,23.949166666666667
2025-07-25 16:13:00,True,True,PI_6240319_AL,23.9575
2025-07-25 16:13:30,True,True,PI_6240319_AL,23.965833333333332
2025-07-25 16:14:00,True,True,PI_6240319_AL,23.974166666666665
2025-07-25 16:14:30,True,True,PI_6240319_AL,23.9825
2025-07-25 16:15:00,False,True,PI_6240319_AL,23.990833333333335
2025-08-17 18:20:00,False,True,PI_6240319_AL,4.815555555555555
2025-08-18 05:25:30,False,True,PI_6240319_AL,3.2794444444444446
2025-08-18 05:26:00,False,True,PI_6240319_AL,3.2711111111111113
2025-08-18 05:26:30,False,True,PI_6240319_AL,3.262777777777778
2025-08-18 05:27:00,False,True,PI_6240319_AL,3.2544444444444443
2025-08-18 05:27:30,False,True,PI_6240319_AL,3.246111111111111
2025-08-18 05:28:00,False,True,PI_6240319_AL,3.2377777777777776
2025-08-18 05:28:30,False,True,PI_6240319_AL,3.2294444444444443
2025-08-18 05:29:00,False,True,PI_6240319_AL,3.221111111111111
2025-08-18 05:29:30,False,True,PI_6240319_AL,3.2127777777777777
2025-08-18 05:30:00,False,True,PI_6240319_AL,3.2044444444444444
2025-08-18 08:24:30,False,True,PI_6240319_AL,0.2961111111111111
2025-08-18 08:25:00,False,True,PI_6240319_AL,0.2877777777777778
2025-08-18 08:25:30,False,True,PI_6240319_AL,0.27944444444444444
2025-08-18 08:26:00,False,True,PI_6240319_AL,0.27111111111111114
2025-08-18 08:26:30,False,True,PI_6240319_AL,0.2627777777777778
2025-08-18 08:27:00,False,True,PI_6240319_AL,0.2544444444444444
2025-08-18 08:27:30,False,True,PI_6240319_AL,0.2461111111111111
2025-08-18 08:28:00,False,True,PI_6240319_AL,0.23777777777777778
2025-08-18 08:28:30,False,True,PI_6240319_AL,0.22944444444444445
2025-08-18 08:29:00,False,True,PI_6240319_AL,0.22111111111111112
2025-08-18 08:29:30,False,True,PI_6240319_AL,0.2127777777777778
2025-08-18 08:30:00,False,True,PI_6240319_AL,0.20444444444444446
2025-08-18 08:30:30,False,True,PI_6240319_AL,0.19611111111111112
2025-08-18 08:31:00,False,True,PI_6240319_AL,0.18777777777777777
2025-08-19 04:23:00,False,True,PI_6240319_AL,3.093611111111111
2025-08-19 04:23:30,False,True,PI_6240319_AL,3.085277777777778
2025-08-19 04:24:00,False,True,PI_6240319_AL,3.0769444444444445
2025-08-19 04:24:30,False,True,PI_6240319_AL,3.068611111111111
2025-08-19 04:25:00,False,True,PI_6240319_AL,3.060277777777778
2025-08-19 04:25:30,False,True,PI_6240319_AL,3.0519444444444446
2025-08-19 04:26:00,False,True,PI_6240319_AL,3.0436111111111113
2025-08-19 04:26:30,False,True,PI_6240319_AL,3.035277777777778
2025-08-19 04:27:00,False,True,PI_6240319_AL,3.0269444444444447
2025-08-19 04:27:30,False,True,PI_6240319_AL,3.018611111111111
2025-08-19 04:28:00,False,True,PI_6240319_AL,3.0102777777777776
2025-08-19 04:28:30,False,True,PI_6240319_AL,3.0019444444444443
2025-08-19 04:29:00,False,True,PI_6240319_AL,2.993611111111111
2025-08-19 04:29:30,False,True,PI_6240319_AL,2.9852777777777777
2025-08-24 22:57:30,False,True,PI_6240319_AL,0.9661111111111111
2025-08-24 22:58:00,False,True,PI_6240319_AL,0.9577777777777777
2025-08-24 22:58:30,False,True,PI_6240319_AL,0.9494444444444444
2025-08-24 22:59:00,False,True,PI_6240319_AL,0.9411111111111111
2025-08-24 22:59:30,False,True,PI_6240319_AL,0.9327777777777778
2025-08-24 23:00:00,False,True,PI_6240319_AL,0.9244444444444444
2025-08-24 23:00:30,False,True,PI_6240319_AL,0.9161111111111111
2025-08-24 23:01:00,False,True,PI_6240319_AL,0.9077777777777778
2025-08-24 23:01:30,False,True,PI_6240319_AL,0.8994444444444445
2025-08-24 23:02:00,False,True,PI_6240319_AL,0.8911111111111111
2025-08-24 23:02:30,False,True,PI_6240319_AL,0.8827777777777778
2025-08-24 23:03:00,False,True,PI_6240319_AL,0.8744444444444445
2025-08-26 22:18:30,False,False,PI_6240319_AL,38.384166666666665
2025-08-26 22:19:00,False,False,PI_6240319_AL,38.37583333333333
2025-08-26 22:19:30,False,False,PI_6240319_AL,38.3675
2025-08-26 22:20:00,False,False,PI_6240319_AL,38.35916666666667
2025-08-27 00:37:30,False,False,PI_6240319_AL,36.0675
2025-08-27 00:38:00,False,False,PI_6240319_AL,36.05916666666667
2025-08-27 00:38:30,False,False,PI_6240319_AL,36.05083333333334
2025-08-27 00:39:00,False,False,PI_6240319_AL,36.0425
2025-08-27 00:39:30,False,False,PI_6240319_AL,36.034166666666664
2025-08-27 00:40:00,False,False,PI_6240319_AL,36.02583333333333
2025-08-27 00:40:30,False,False,PI_6240319_AL,36.0175
2025-08-27 00:41:00,False,False,PI_6240319_AL,36.009166666666665
2025-08-27 00:41:30,False,False,PI_6240319_AL,36.00083333333333
2025-08-27 00:42:00,False,False,PI_6240319_AL,35.9925
2025-08-27 00:42:30,False,False,PI_6240319_AL,35.98416666666667
2025-08-27 00:43:00,False,False,PI_6240319_AL,35.975833333333334
2025-08-27 00:43:30,False,False,PI_6240319_AL,35.9675
2025-08-27 00:44:00,False,False,PI_6240319_AL,35.95916666666667
2025-08-27 00:44:30,False,False,PI_6240319_AL,35.950833333333335
2025-08-27 00:45:00,False,False,PI_6240319_AL,35.9425
2025-08-27 00:45:30,False,False,PI_6240319_AL,35.93416666666667
2025-08-27 00:46:00,False,False,PI_6240319_AL,35.92583333333334
2025-08-27 00:46:30,False,False,PI_6240319_AL,35.9175
2025-08-27 00:47:00,False,False,PI_6240319_AL,35.909166666666664
2025-08-27 00:47:30,False,False,PI_6240319_AL,35.90083333333333
2025-08-27 00:48:00,False,False,PI_6240319_AL,35.8925
2025-08-27 00:48:30,False,False,PI_6240319_AL,35.884166666666665
2025-08-27 00:49:00,False,False,PI_6240319_AL,35.87583333333333
2025-08-27 00:49:30,False,False,PI_6240319_AL,35.8675
2025-08-27 00:50:00,False,False,PI_6240319_AL,35.85916666666667
2025-08-27 00:50:30,False,False,PI_6240319_AL,35.850833333333334
2025-08-27 00:51:00,False,False,PI_6240319_AL,35.8425
2025-08-27 00:51:30,False,False,PI_6240319_AL,35.83416666666667
2025-08-27 00:52:00,False,False,PI_6240319_AL,35.825833333333335
2025-08-27 00:52:30,False,False,PI_6240319_AL,35.8175
2025-08-27 00:53:00,False,False,PI_6240319_AL,35.80916666666667
2025-08-27 00:53:30,False,False,PI_6240319_AL,35.80083333333334
2025-08-27 00:54:00,False,False,PI_6240319_AL,35.7925
2025-08-27 00:54:30,False,False,PI_6240319_AL,35.784166666666664
2025-08-27 01:51:00,False,False,PI_6240319_AL,34.8425
2025-08-27 01:51:30,False,False,PI_6240319_AL,34.83416666666667
2025-08-27 01:52:00,False,False,PI_6240319_AL,34.825833333333335
2025-08-27 01:52:30,False,False,PI_6240319_AL,34.8175
2025-08-27 01:53:00,False,False,PI_6240319_AL,34.80916666666667
2025-08-27 01:53:30,False,False,PI_6240319_AL,34.80083333333334
2025-08-27 01:54:00,False,False,PI_6240319_AL,34.7925
2025-08-27 01:54:30,False,False,PI_6240319_AL,34.784166666666664
2025-08-27 01:55:00,False,False,PI_6240319_AL,34.77583333333333
2025-08-27 01:55:30,False,False,PI_6240319_AL,34.7675
2025-08-27 01:56:00,False,False,PI_6240319_AL,34.759166666666665
2025-08-27 07:39:30,False,False,PI_6240319_AL,29.034166666666668
2025-08-27 07:40:00,False,False,PI_6240319_AL,29.025833333333335
2025-08-27 07:40:30,False,False,PI_6240319_AL,29.0175
2025-08-27 07:41:00,False,False,PI_6240319_AL,29.009166666666665
2025-08-27 07:41:30,False,False,PI_6240319_AL,29.000833333333333
2025-08-27 07:42:00,False,False,PI_6240319_AL,28.9925
2025-08-27 07:42:30,False,False,PI_6240319_AL,28.984166666666667
2025-08-27 07:43:00,False,False,PI_6240319_AL,28.975833333333334
2025-08-27 07:43:30,False,False,PI_6240319_AL,28.9675
2025-08-27 07:44:00,False,False,PI_6240319_AL,28.95916666666667
2025-08-28 06:06:30,False,True,PI_6240319_AL,6.5841666666666665
2025-08-28 06:07:00,False,True,PI_6240319_AL,6.575833333333334
2025-08-28 06:07:30,False,True,PI_6240319_AL,6.5675
2025-08-28 06:08:00,False,True,PI_6240319_AL,6.559166666666667
2025-08-28 06:08:30,False,True,PI_6240319_AL,6.550833333333333
2025-08-28 06:09:00,False,True,PI_6240319_AL,6.5425
2025-08-28 06:09:30,False,True,PI_6240319_AL,6.534166666666667
2025-08-28 06:10:00,False,True,PI_6240319_AL,6.525833333333333
2025-08-28 06:10:30,False,True,PI_6240319_AL,6.5175
2025-08-28 06:11:00,False,True,PI_6240319_AL,6.509166666666666
2025-08-31 04:30:00,False,True,PI_6240319_AL,7.658888888888889
2025-08-31 04:30:30,False,True,PI_6240319_AL,7.650555555555556
2025-08-31 04:31:00,False,True,PI_6240319_AL,7.642222222222222
2025-08-31 04:31:30,False,True,PI_6240319_AL,7.6338888888888885
2025-08-31 04:32:00,False,True,PI_6240319_AL,7.625555555555556
2025-08-31 04:32:30,False,True,PI_6240319_AL,7.617222222222222
2025-08-31 04:33:00,False,True,PI_6240319_AL,7.608888888888889
2025-08-31 04:33:30,False,True,PI_6240319_AL,7.600555555555555
2025-08-31 04:34:00,False,True,PI_6240319_AL,7.592222222222222
2025-08-31 04:34:30,False,True,PI_6240319_AL,7.583888888888889
2025-08-31 09:12:30,False,True,PI_6240319_AL,2.9505555555555554
2025-08-31 09:13:00,False,True,PI_6240319_AL,2.942222222222222
2025-08-31 09:13:30,False,True,PI_6240319_AL,2.9338888888888888
2025-08-31 09:14:00,False,True,PI_6240319_AL,2.9255555555555555
2025-08-31 09:14:30,False,True,PI_6240319_AL,2.917222222222222
2025-08-31 09:15:00,False,True,PI_6240319_AL,2.908888888888889
2025-08-31 09:15:30,False,True,PI_6240319_AL,2.9005555555555556
2025-08-31 09:16:00,False,True,PI_6240319_AL,2.8922222222222222
2025-08-31 09:16:30,False,True,PI_6240319_AL,2.883888888888889
2025-08-31 09:17:00,False,True,PI_6240319_AL,2.8755555555555556
2025-08-31 09:17:30,False,True,PI_6240319_AL,2.8672222222222223
2025-08-31 09:18:00,False,True,PI_6240319_AL,2.858888888888889
2025-08-31 09:18:30,False,True,PI_6240319_AL,2.8505555555555557
2025-08-31 09:19:00,False,True,PI_6240319_AL,2.8422222222222224
2025-08-31 09:19:30,False,True,PI_6240319_AL,2.8338888888888887
2025-08-31 09:20:00,False,True,PI_6240319_AL,2.8255555555555554
2025-08-31 09:20:30,False,True,PI_6240319_AL,2.817222222222222
2025-08-31 09:21:00,False,True,PI_6240319_AL,2.8088888888888888
2025-08-31 09:21:30,False,True,PI_6240319_AL,2.8005555555555555
2025-08-31 09:22:00,False,True,PI_6240319_AL,2.792222222222222
2025-08-31 09:22:30,False,True,PI_6240319_AL,2.783888888888889
2025-08-31 09:23:00,False,True,PI_6240319_AL,2.7755555555555556
2025-08-31 09:23:30,False,True,PI_6240319_AL,2.7672222222222222
2025-08-31 09:24:00,False,True,PI_6240319_AL,2.758888888888889
2025-08-31 09:24:30,False,True,PI_6240319_AL,2.7505555555555556
2025-08-31 09:25:00,False,True,PI_6240319_AL,2.7422222222222223
2025-08-31 09:25:30,False,True,PI_6240319_AL,2.733888888888889
2025-08-31 09:26:00,False,True,PI_6240319_AL,2.7255555555555557
2025-08-31 09:26:30,False,True,PI_6240319_AL,2.7172222222222224
2025-08-31 09:27:00,False,True,PI_6240319_AL,2.7088888888888887
2025-08-31 09:27:30,False,True,PI_6240319_AL,2.7005555555555554
2025-08-31 09:28:00,False,True,PI_6240319_AL,2.692222222222222
2025-08-31 09:28:30,False,True,PI_6240319_AL,2.6838888888888888
2025-08-31 09:29:00,False,True,PI_6240319_AL,2.6755555555555555
2025-08-31 09:29:30,False,True,PI_6240319_AL,2.667222222222222
2025-08-31 09:30:00,False,True,PI_6240319_AL,2.658888888888889
2025-08-31 10:34:30,False,True,PI_6240319_AL,1.583888888888889
2025-08-31 10:35:00,False,True,PI_6240319_AL,1.5755555555555556
2025-08-31 10:35:30,False,True,PI_6240319_AL,1.5672222222222223
2025-08-31 15:43:00,False,True,PAL_6240315,3.557777777777778
2025-08-31 15:43:30,False,True,PAL_6240315,3.5661111111111112
2025-08-31 15:44:00,False,True,PAL_6240315,3.5744444444444445
2025-08-31 15:44:30,False,True,PAL_6240315,3.582777777777778
2025-08-31 15:45:00,False,True,PAL_6240315,3.591111111111111
2025-08-31 15:45:30,False,True,PAL_6240315,3.5994444444444444
2025-09-07 01:06:00,False,True,PDAL_6240302,0.002777777777777778
2025-09-07 02:09:30,False,True,PI_6240319_AL,1.0277777777777777
2025-09-07 02:10:00,False,True,PI_6240319_AL,1.0361111111111112
2025-09-07 02:10:30,False,True,PI_6240319_AL,1.0444444444444445
2025-09-07 02:11:00,False,True,PI_6240319_AL,1.0527777777777778
2025-09-07 02:11:30,False,True,PI_6240319_AL,1.0611111111111111
2025-09-07 02:12:00,False,True,PI_6240319_AL,1.0694444444444444
2025-09-07 02:12:30,False,True,PI_6240319_AL,1.0777777777777777
2025-09-07 02:13:00,False,True,PI_6240319_AL,1.086111111111111
2025-09-07 02:13:30,False,True,PI_6240319_AL,1.0944444444444446
2025-09-07 02:14:00,False,True,PI_6240319_AL,1.1027777777777779
2025-09-07 02:14:30,False,True,PI_6240319_AL,1.1111111111111112
2025-09-07 02:15:00,False,True,PI_6240319_AL,1.1194444444444445
2025-09-07 02:15:30,False,True,PI_6240319_AL,1.1277777777777778
2025-09-07 02:16:00,False,True,PI_6240319_AL,1.136111111111111
2025-09-07 02:16:30,False,True,PI_6240319_AL,1.1444444444444444
2025-09-07 02:17:00,False,True,PI_6240319_AL,1.1527777777777777
2025-09-07 02:17:30,False,True,PI_6240319_AL,1.1611111111111112
2025-09-07 02:18:00,False,True,PI_6240319_AL,1.1694444444444445
2025-09-07 02:18:30,False,True,PI_6240319_AL,1.1777777777777778
2025-09-07 02:19:00,False,True,PI_6240319_AL,1.1861111111111111
2025-09-07 02:19:30,False,True,PI_6240319_AL,1.1944444444444444
2025-09-07 02:20:00,False,True,PI_6240319_AL,1.2027777777777777
2025-09-07 02:20:30,False,True,PI_6240319_AL,1.211111111111111
2025-09-07 02:21:00,False,True,PI_6240319_AL,1.2194444444444446
2025-09-07 02:21:30,False,True,PI_6240319_AL,1.2277777777777779
2025-09-07 02:22:00,False,True,PI_6240319_AL,1.2361111111111112
2025-09-07 02:22:30,False,True,PI_6240319_AL,1.2444444444444445
2025-09-07 02:23:00,False,True,PI_6240319_AL,1.2527777777777778
2025-09-07 02:23:30,False,True,PI_6240319_AL,1.261111111111111
2025-09-07 02:24:00,False,True,PI_6240319_AL,1.2694444444444444
2025-09-07 02:24:30,False,True,PI_6240319_AL,1.2777777777777777
2025-09-07 02:25:00,False,True,PI_6240319_AL,1.2861111111111112
2025-09-07 02:25:30,False,True,PI_6240319_AL,1.2944444444444445
2025-09-07 02:26:00,False,True,PI_6240319_AL,1.3027777777777778
2025-09-07 02:26:30,False,True,PI_6240319_AL,1.3111111111111111
2025-09-07 02:27:00,False,True,PI_6240319_AL,1.3194444444444444
2025-09-07 02:27:30,False,True,PI_6240319_AL,1.3277777777777777
2025-09-07 02:28:00,False,True,PI_6240319_AL,1.336111111111111
2025-09-07 02:28:30,False,True,PI_6240319_AL,1.3444444444444446
2025-09-07 02:29:00,False,True,PI_6240319_AL,1.3527777777777779
2025-09-07 02:29:30,False,True,PI_6240319_AL,1.3611111111111112
2025-09-07 02:30:00,False,True,PI_6240319_AL,1.3694444444444445
2025-09-07 02:30:30,False,True,PI_6240319_AL,1.3777777777777778
2025-09-07 02:31:00,False,True,PI_6240319_AL,1.386111111111111
2025-09-07 02:31:30,False,True,PI_6240319_AL,1.3944444444444444
2025-09-07 02:32:00,False,True,PI_6240319_AL,1.4027777777777777
2025-09-07 02:32:30,False,True,PI_6240319_AL,1.4111111111111112
2025-09-07 02:33:00,False,True,PI_6240319_AL,1.4194444444444445
2025-09-07 02:33:30,False,True,PI_6240319_AL,1.4277777777777778
2025-09-07 02:34:00,False,True,PI_6240319_AL,1.4361111111111111
2025-09-07 02:34:30,False,True,PI_6240319_AL,1.4444444444444444
2025-09-07 02:35:00,False,True,PI_6240319_AL,1.4527777777777777
2025-09-07 02:35:30,False,True,PI_6240319_AL,1.461111111111111
2025-09-07 02:36:00,False,True,PI_6240319_AL,1.4694444444444446
2025-09-07 02:36:30,False,True,PI_6240319_AL,1.4777777777777779
2025-09-07 02:37:00,False,True,PI_6240319_AL,1.4861111111111112
2025-09-07 02:37:30,False,True,PI_6240319_AL,1.4944444444444445
2025-09-07 02:38:00,False,True,PI_6240319_AL,1.5027777777777778
2025-09-07 02:38:30,False,True,PI_6240319_AL,1.511111111111111
2025-09-07 02:39:00,False,True,PI_6240319_AL,1.5194444444444444
2025-09-07 02:39:30,False,True,PI_6240319_AL,1.5277777777777777
2025-09-07 02:40:00,False,True,PI_6240319_AL,1.5361111111111112
2025-09-07 02:40:30,False,True,PI_6240319_AL,1.5444444444444445
2025-09-07 02:41:00,False,True,PI_6240319_AL,1.5527777777777778
2025-09-07 02:41:30,False,True,PI_6240319_AL,1.5611111111111111
2025-09-07 02:42:00,False,True,PI_6240319_AL,1.5694444444444444
2025-09-07 04:58:00,False,True,PI_6240319_AL,3.8361111111111112
2025-09-07 04:58:30,False,True,PI_6240319_AL,3.8444444444444446
2025-09-07 04:59:00,False,True,PI_6240319_AL,3.852777777777778
2025-09-07 04:59:30,False,True,PI_6240319_AL,3.861111111111111
2025-09-07 05:00:00,False,True,PI_6240319_AL,3.8694444444444445
2025-09-07 05:00:30,False,True,PI_6240319_AL,3.8777777777777778
2025-09-07 05:01:00,False,True,PI_6240319_AL,3.886111111111111
2025-09-07 05:01:30,False,True,PI_6240319_AL,3.8944444444444444
2025-09-07 05:02:00,False,True,PI_6240319_AL,3.9027777777777777
2025-09-07 05:02:30,False,True,PI_6240319_AL,3.911111111111111
2025-09-07 05:03:00,False,True,PI_6240319_AL,3.9194444444444443
2025-09-07 05:03:30,False,True,PI_6240319_AL,3.9277777777777776
2025-09-07 05:04:00,False,True,PI_6240319_AL,3.936111111111111
2025-09-07 05:04:30,False,True,PI_6240319_AL,3.9444444444444446
2025-09-07 05:05:00,False,True,PI_6240319_AL,3.952777777777778
2025-09-07 05:05:30,False,True,PI_6240319_AL,3.9611111111111112
2025-09-07 05:06:00,False,True,PI_6240319_AL,3.9694444444444446
2025-09-07 05:06:30,False,True,PI_6240319_AL,3.977777777777778
2025-09-07 05:07:00,False,True,PI_6240319_AL,3.986111111111111
2025-09-07 05:07:30,False,True,PI_6240319_AL,3.9944444444444445
2025-09-07 05:08:00,False,True,PI_6240319_AL,4.002777777777778
2025-09-07 05:08:30,False,True,PI_6240319_AL,4.011111111111111
2025-09-07 05:09:00,False,True,PI_6240319_AL,4.019444444444445
2025-09-07 05:09:30,False,True,PI_6240319_AL,4.027777777777778
2025-09-07 05:10:00,False,True,PI_6240319_AL,4.036111111111111
2025-09-07 12:07:00,False,True,PI_6240319_AL,10.98611111111111
2025-09-07 12:07:30,False,True,PI_6240319_AL,10.994444444444444
2025-09-07 12:08:00,False,True,PI_6240319_AL,11.002777777777778
2025-09-07 12:08:30,False,True,PI_6240319_AL,11.011111111111111
2025-09-07 12:09:00,False,True,PI_6240319_AL,11.019444444444444
2025-09-07 12:09:30,False,True,PI_6240319_AL,11.027777777777779
2025-09-07 12:10:00,False,True,PI_6240319_AL,11.036111111111111
2025-09-07 12:10:30,False,True,PI_6240319_AL,11.044444444444444
2025-09-07 12:11:00,False,True,PI_6240319_AL,11.052777777777777
2025-09-07 12:11:30,False,True,PI_6240319_AL,11.061111111111112
2025-09-08 02:09:00,False,True,PI_6240319_AL,1.9727777777777777
2025-09-08 02:09:30,False,True,PI_6240319_AL,1.9644444444444444
2025-09-08 02:10:00,False,True,PI_6240319_AL,1.9561111111111111
2025-09-08 02:10:30,False,True,PI_6240319_AL,1.9477777777777778
2025-09-08 02:11:00,False,True,PI_6240319_AL,1.9394444444444445
2025-09-08 02:11:30,False,True,PI_6240319_AL,1.931111111111111
2025-09-08 02:12:00,False,True,PI_6240319_AL,1.9227777777777777
2025-09-08 02:12:30,False,True,PI_6240319_AL,1.9144444444444444
2025-09-08 02:13:00,False,True,PI_6240319_AL,1.906111111111111
2025-09-08 02:13:30,False,True,PI_6240319_AL,1.8977777777777778
2025-10-02 13:58:00,False,True,PAL_6240315,21.171666666666667
2025-10-02 13:58:30,False,True,PAL_6240315,21.163333333333334
2025-10-02 13:59:00,False,True,PAL_6240315,21.155
2025-10-02 13:59:30,False,True,PAL_6240315,21.14666666666667
2025-10-02 14:00:00,False,True,PAL_6240315,21.138333333333332
2025-10-02 14:00:30,False,True,PAL_6240315,21.13
2025-10-02 14:01:00,False,True,PAL_6240315,21.121666666666666
2025-10-02 14:01:30,False,True,PAL_6240315,21.113333333333333
2025-10-02 14:02:00,False,True,PAL_6240315,21.105
2025-10-02 14:02:30,False,True,PAL_6240315,21.096666666666668
2025-10-02 14:03:00,False,True,PAL_6240315,21.088333333333335
2025-10-02 14:03:30,False,True,PAL_6240315,21.08
2025-10-02 14:04:00,False,True,PAL_6240315,21.071666666666665
2025-10-02 14:04:30,False,True,PAL_6240315,21.063333333333333
2025-10-02 14:05:00,False,True,PAL_6240315,21.055
2025-10-02 14:05:30,False,True,PAL_6240315,21.046666666666667
2025-10-02 14:06:00,False,True,PAL_6240315,21.038333333333334
2025-10-02 14:06:30,False,True,PAL_6240315,21.03
2025-10-02 14:07:00,False,True,PAL_6240315,21.02166666666667
2025-10-02 14:07:30,False,True,PAL_6240315,21.013333333333332
2025-10-02 14:08:00,False,True,PAL_6240315,21.005
2025-10-02 14:08:30,False,True,PAL_6240315,20.996666666666666
2025-10-02 14:09:00,False,True,PAL_6240315,20.988333333333333
2025-10-02 14:09:30,False,True,PAL_6240315,20.98
2025-10-02 16:58:30,False,True,PAL_6240315,18.163333333333334
2025-10-02 16:59:00,False,True,PAL_6240315,18.155
2025-10-02 16:59:30,False,True,PAL_6240315,18.14666666666667
2025-10-02 17:00:00,False,True,PAL_6240315,18.138333333333332
2025-10-02 17:00:30,False,True,PAL_6240315,18.13
2025-10-02 17:01:00,False,True,PAL_6240315,18.121666666666666
2025-10-02 17:01:30,False,True,PAL_6240315,18.113333333333333
2025-10-02 17:02:00,False,True,PAL_6240315,18.105
2025-10-02 17:02:30,False,True,PAL_6240315,18.096666666666668
2025-10-02 17:03:00,False,True,PAL_6240315,18.088333333333335
2025-10-02 17:03:30,False,True,PAL_6240315,18.08
2025-10-02 17:04:00,False,True,PAL_6240315,18.071666666666665
2025-10-02 17:04:30,False,True,PAL_6240315,18.063333333333333
2025-10-02 17:05:00,False,True,PAL_6240315,18.055
2025-10-02 17:05:30,False,True,PAL_6240315,18.046666666666667
2025-10-02 17:06:00,False,True,PAL_6240315,18.038333333333334
2025-10-02 17:06:30,False,True,PAL_6240315,18.03
2025-10-02 17:07:00,False,True,PAL_6240315,18.02166666666667
2025-10-02 17:07:30,False,True,PAL_6240315,18.013333333333332
2025-10-02 17:08:00,False,True,PAL_6240315,18.005
2025-10-02 17:08:30,False,True,PAL_6240315,17.996666666666666
2025-10-02 21:22:00,False,True,PAL_6240315,13.771666666666667
2025-10-02 21:22:30,False,True,PAL_6240315,13.763333333333334
2025-10-02 21:23:00,False,True,PAL_6240315,13.755
2025-10-02 21:23:30,False,True,PAL_6240315,13.746666666666666
2025-10-02 21:24:00,False,True,PAL_6240315,13.738333333333333
2025-10-02 21:24:30,False,True,PAL_6240315,13.73
2025-10-02 21:25:00,False,True,PAL_6240315,13.721666666666666
2025-10-02 21:25:30,False,True,PAL_6240315,13.713333333333333
2025-10-02 21:26:00,False,True,PAL_6240315,13.705
2025-10-02 21:26:30,False,True,PAL_6240315,13.696666666666667
2025-10-02 21:27:00,False,True,PAL_6240315,13.688333333333333
2025-10-02 21:27:30,False,True,PAL_6240315,13.68
2025-10-02 21:28:00,False,True,PAL_6240315,13.671666666666667
2025-10-02 21:28:30,False,True,PAL_6240315,13.663333333333334
2025-10-02 21:29:00,False,True,PAL_6240315,13.655
2025-10-02 21:29:30,False,True,PAL_6240315,13.646666666666667
2025-10-02 21:30:00,False,True,PAL_6240315,13.638333333333334
2025-10-02 21:30:30,False,True,PAL_6240315,13.63
2025-10-02 21:31:00,False,True,PAL_6240315,13.621666666666666
2025-10-02 21:31:30,False,True,PAL_6240315,13.613333333333333
2025-10-02 21:32:00,False,True,PAL_6240315,13.605
2025-10-09 11:21:00,False,True,PI_6240319_AL,4.3069444444444445
2025-10-09 11:21:30,False,True,PI_6240319_AL,4.315277777777778
2025-10-09 11:22:00,False,True,PI_6240319_AL,4.323611111111111
2025-10-09 11:22:30,False,True,PI_6240319_AL,4.331944444444445
2025-10-09 11:23:00,False,True,PI_6240319_AL,4.340277777777778
2025-10-09 11:23:30,False,True,PI_6240319_AL,4.348611111111111
2025-10-09 11:24:00,False,True,PI_6240319_AL,4.356944444444444
2025-10-09 11:24:30,False,True,PI_6240319_AL,4.365277777777778
2025-10-09 11:25:00,False,True,PI_6240319_AL,4.373611111111111
2025-10-09 11:25:30,False,True,PI_6240319_AL,4.381944444444445
2025-10-09 11:26:00,False,True,PI_6240319_AL,4.3902777777777775
2025-10-09 11:26:30,False,True,PI_6240319_AL,4.398611111111111
2025-10-09 11:27:00,False,True,PI_6240319_AL,4.406944444444444
2025-10-09 11:27:30,False,True,PI_6240319_AL,4.415277777777778
2025-10-09 11:28:00,False,True,PI_6240319_AL,4.423611111111111
2025-10-09 11:28:30,False,True,PI_6240319_AL,4.4319444444444445
2025-10-09 11:29:00,False,True,PI_6240319_AL,4.440277777777778
2025-10-09 11:29:30,False,True,PI_6240319_AL,4.448611111111111
2025-10-09 11:30:00,False,True,PI_6240319_AL,4.456944444444445
2025-10-09 11:30:30,False,True,PI_6240319_AL,4.465277777777778
2025-10-09 11:31:00,False,True,PI_6240319_AL,4.473611111111111
2025-10-09 11:31:30,False,True,PI_6240319_AL,4.481944444444444
2025-10-09 11:32:00,False,True,PI_6240319_AL,4.490277777777778
2025-10-09 11:32:30,False,True,PI_6240319_AL,4.498611111111111
2025-10-09 11:33:00,False,True,PI_6240319_AL,4.506944444444445
2025-10-09 11:33:30,False,True,PI_6240319_AL,4.5152777777777775
2025-10-09 11:34:00,False,True,PI_6240319_AL,4.523611111111111
2025-10-09 11:34:30,False,True,PI_6240319_AL,4.531944444444444
2025-10-09 11:35:00,False,True,PI_6240319_AL,4.540277777777778
2025-10-09 11:35:30,False,True,PI_6240319_AL,4.548611111111111
2025-10-09 11:36:00,False,True,PI_6240319_AL,4.5569444444444445
2025-10-09 11:36:30,False,True,PI_6240319_AL,4.565277777777778
2025-10-09 11:37:00,False,True,PI_6240319_AL,4.573611111111111
2025-10-09 11:37:30,False,True,PI_6240319_AL,4.581944444444445
2025-10-09 11:38:00,False,True,PI_6240319_AL,4.590277777777778
2025-10-09 11:38:30,False,True,PI_6240319_AL,4.598611111111111
2025-10-09 11:39:00,False,True,PI_6240319_AL,4.606944444444444
2025-10-09 11:39:30,False,True,PI_6240319_AL,4.615277777777778
2025-10-09 11:40:00,False,True,PI_6240319_AL,4.623611111111111
2025-10-09 11:40:30,False,True,PI_6240319_AL,4.631944444444445
2025-10-09 11:41:00,False,True,PI_6240319_AL,4.6402777777777775
2025-10-09 11:41:30,False,True,PI_6240319_AL,4.648611111111111
2025-10-09 11:42:00,False,True,PI_6240319_AL,4.656944444444444
2025-10-09 11:42:30,False,True,PI_6240319_AL,4.665277777777778
2025-10-09 11:43:00,False,True,PI_6240319_AL,4.673611111111111
2025-10-09 11:43:30,False,True,PI_6240319_AL,4.6819444444444445
2025-10-09 11:44:00,False,True,PI_6240319_AL,4.690277777777778
2025-10-09 11:44:30,False,True,PI_6240319_AL,4.698611111111111
2025-10-09 11:45:00,False,True,PI_6240319_AL,4.706944444444445
2025-10-09 11:45:30,False,True,PI_6240319_AL,4.715277777777778
2025-10-09 11:46:00,False,True,PI_6240319_AL,4.723611111111111
2025-10-09 11:46:30,False,True,PI_6240319_AL,4.731944444444444
2025-10-09 11:47:00,False,True,PI_6240319_AL,4.740277777777778
2025-10-09 11:47:30,False,True,PI_6240319_AL,4.748611111111111
2025-10-09 11:48:00,False,True,PI_6240319_AL,4.756944444444445
2025-10-09 11:48:30,False,True,PI_6240319_AL,4.7652777777777775
2025-10-09 11:49:00,False,True,PI_6240319_AL,4.773611111111111
2025-10-09 11:49:30,False,True,PI_6240319_AL,4.781944444444444
2025-10-09 11:50:00,False,True,PI_6240319_AL,4.790277777777778
2025-10-09 11:50:30,False,True,PI_6240319_AL,4.798611111111111
2025-10-09 11:51:00,False,True,PI_6240319_AL,4.8069444444444445
2025-10-09 11:51:30,False,True,PI_6240319_AL,4.815277777777778
2025-10-09 11:52:00,False,True,PI_6240319_AL,4.823611111111111
2025-10-09 11:52:30,False,True,PI_6240319_AL,4.831944444444445
2025-10-09 11:53:00,False,True,PI_6240319_AL,4.840277777777778
2025-10-09 11:53:30,False,True,PI_6240319_AL,4.848611111111111
2025-10-09 11:54:00,False,True,PI_6240319_AL,4.856944444444444
2025-10-09 11:54:30,False,True,PI_6240319_AL,4.865277777777778
2025-10-09 11:55:00,False,True,PI_6240319_AL,4.873611111111111
2025-10-09 11:55:30,False,True,PI_6240319_AL,4.881944444444445
2025-10-09 11:56:00,False,True,PI_6240319_AL,4.8902777777777775
2025-10-09 11:56:30,False,True,PI_6240319_AL,4.898611111111111
2025-10-09 11:57:00,False,True,PI_6240319_AL,4.906944444444444
2025-10-09 11:57:30,False,True,PI_6240319_AL,4.915277777777778
2025-10-09 11:58:00,False,True,PI_6240319_AL,4.923611111111111
2025-10-09 11:58:30,False,True,PI_6240319_AL,4.9319444444444445
2025-10-09 11:59:00,False,True,PI_6240319_AL,4.940277777777778
2025-10-09 11:59:30,False,True,PI_6240319_AL,4.948611111111111
2025-10-09 12:00:00,False,True,PI_6240319_AL,4.956944444444445
2025-10-09 12:00:30,False,True,PI_6240319_AL,4.965277777777778
2025-10-09 12:01:00,False,True,PI_6240319_AL,4.973611111111111
2025-10-09 12:01:30,False,True,PI_6240319_AL,4.981944444444444
2025-10-09 12:02:00,False,True,PI_6240319_AL,4.990277777777778
2025-10-09 12:02:30,False,True,PI_6240319_AL,4.998611111111111
2025-10-09 12:03:00,False,True,PI_6240319_AL,5.006944444444445
2025-10-09 12:03:30,False,True,PI_6240319_AL,5.0152777777777775
2025-10-09 12:04:00,False,True,PI_6240319_AL,5.023611111111111
2025-10-09 12:04:30,False,True,PI_6240319_AL,5.031944444444444
2025-10-09 12:05:00,False,True,PI_6240319_AL,5.040277777777778
2025-10-09 12:05:30,False,True,PI_6240319_AL,5.048611111111111
2025-10-09 12:06:00,False,True,PI_6240319_AL,5.0569444444444445
2025-10-09 12:06:30,False,True,PI_6240319_AL,5.065277777777778
2025-10-09 12:07:00,False,True,PI_6240319_AL,5.073611111111111
2025-10-09 12:07:30,False,True,PI_6240319_AL,5.081944444444445
2025-10-09 12:08:00,False,True,PI_6240319_AL,5.090277777777778
2025-10-09 12:08:30,False,True,PI_6240319_AL,5.098611111111111
2025-10-09 12:09:00,False,True,PI_6240319_AL,5.106944444444444
2025-10-09 12:09:30,False,True,PI_6240319_AL,5.115277777777778
2025-10-09 12:10:00,False,True,PI_6240319_AL,5.123611111111111
2025-10-09 12:10:30,False,True,PI_6240319_AL,5.131944444444445
2025-10-09 12:11:00,False,True,PI_6240319_AL,5.1402777777777775
2025-10-09 12:11:30,False,True,PI_6240319_AL,5.148611111111111
2025-10-09 12:12:00,False,True,PI_6240319_AL,5.156944444444444
2025-10-09 12:12:30,False,True,PI_6240319_AL,5.165277777777778
2025-10-09 12:13:00,False,True,PI_6240319_AL,5.173611111111111
2025-10-09 12:13:30,False,True,PI_6240319_AL,5.1819444444444445
2025-10-09 12:14:00,False,True,PI_6240319_AL,5.190277777777778
2025-10-09 12:14:30,False,True,PI_6240319_AL,5.198611111111111
2025-10-09 12:15:00,False,True,PI_6240319_AL,5.206944444444445
2025-10-09 12:15:30,False,True,PI_6240319_AL,5.215277777777778
2025-10-09 12:16:00,False,True,PI_6240319_AL,5.223611111111111
2025-10-09 12:16:30,False,True,PI_6240319_AL,5.231944444444444
2025-10-09 12:17:00,False,True,PI_6240319_AL,5.240277777777778
2025-10-09 12:17:30,False,True,PI_6240319_AL,5.248611111111111
2025-10-09 12:18:00,False,True,PI_6240319_AL,5.256944444444445
2025-10-09 12:18:30,False,True,PI_6240319_AL,5.2652777777777775
2025-10-09 12:19:00,False,True,PI_6240319_AL,5.273611111111111
2025-10-09 12:19:30,False,True,PI_6240319_AL,5.281944444444444
2025-10-09 12:20:00,False,True,PI_6240319_AL,5.290277777777778
2025-10-09 12:20:30,False,True,PI_6240319_AL,5.298611111111111
2025-10-09 12:21:00,False,True,PI_6240319_AL,5.3069444444444445
2025-10-09 12:21:30,False,True,PI_6240319_AL,5.315277777777778
2025-10-09 12:22:00,False,True,PI_6240319_AL,5.323611111111111
2025-10-09 12:22:30,False,True,PI_6240319_AL,5.331944444444445
2025-10-09 12:23:00,False,True,PI_6240319_AL,5.340277777777778
2025-10-09 12:23:30,False,True,PI_6240319_AL,5.348611111111111
2025-10-09 12:24:00,False,True,PI_6240319_AL,5.356944444444444
2025-10-09 12:24:30,False,True,PI_6240319_AL,5.365277777777778
2025-10-09 12:25:00,False,True,PI_6240319_AL,5.373611111111111
2025-10-09 12:25:30,False,True,PI_6240319_AL,5.381944444444445
2025-10-09 12:26:00,False,True,PI_6240319_AL,5.3902777777777775
2025-10-09 12:26:30,False,True,PI_6240319_AL,5.398611111111111
2025-10-09 12:27:00,False,True,PI_6240319_AL,5.406944444444444
2025-10-09 12:27:30,False,True,PI_6240319_AL,5.415277777777778
2025-10-09 12:28:00,False,True,PI_6240319_AL,5.423611111111111
2025-10-09 12:28:30,False,True,PI_6240319_AL,5.4319444444444445
2025-10-09 12:29:00,False,True,PI_6240319_AL,5.440277777777778
2025-10-09 12:29:30,False,True,PI_6240319_AL,5.448611111111111
2025-10-09 12:30:00,False,True,PI_6240319_AL,5.456944444444445
2025-10-09 12:30:30,False,True,PI_6240319_AL,5.465277777777778
2025-10-09 12:31:00,False,True,PI_6240319_AL,5.473611111111111
2025-10-09 12:31:30,False,True,PI_6240319_AL,5.481944444444444
2025-10-09 12:32:00,False,True,PI_6240319_AL,5.490277777777778
2025-10-09 12:32:30,False,True,PI_6240319_AL,5.498611111111111
2025-10-09 12:33:00,False,True,PI_6240319_AL,5.506944444444445
2025-10-09 12:33:30,False,True,PI_6240319_AL,5.5152777777777775
2025-10-09 12:34:00,False,True,PI_6240319_AL,5.523611111111111
2025-10-09 12:34:30,False,True,PI_6240319_AL,5.531944444444444
2025-10-09 12:35:00,False,True,PI_6240319_AL,5.540277777777778
2025-10-09 12:35:30,False,True,PI_6240319_AL,5.548611111111111
2025-10-09 12:36:00,False,True,PI_6240319_AL,5.5569444444444445
2025-10-09 12:36:30,False,True,PI_6240319_AL,5.565277777777778
2025-10-09 12:37:00,False,True,PI_6240319_AL,5.573611111111111
2025-10-09 12:37:30,False,True,PI_6240319_AL,5.581944444444445
2025-10-09 12:38:00,False,True,PI_6240319_AL,5.590277777777778
2025-10-09 12:38:30,False,True,PI_6240319_AL,5.598611111111111
2025-10-09 12:39:00,False,True,PI_6240319_AL,5.606944444444444
2025-10-09 12:39:30,False,True,PI_6240319_AL,5.615277777777778
2025-10-09 12:40:00,False,True,PI_6240319_AL,5.623611111111111
2025-10-09 12:40:30,False,True,PI_6240319_AL,5.631944444444445
2025-10-09 12:41:00,False,True,PI_6240319_AL,5.6402777777777775
2025-10-09 12:41:30,False,True,PI_6240319_AL,5.648611111111111
2025-10-09 12:42:00,False,True,PI_6240319_AL,5.656944444444444
2025-10-09 12:42:30,False,True,PI_6240319_AL,5.665277777777778
2025-10-09 12:43:00,False,True,PI_6240319_AL,5.673611111111111
2025-10-09 12:43:30,False,True,PI_6240319_AL,5.6819444444444445
2025-10-09 12:44:00,False,True,PI_6240319_AL,5.690277777777778
2025-10-09 12:44:30,False,True,PI_6240319_AL,5.698611111111111
2025-10-09 12:45:00,False,True,PI_6240319_AL,5.706944444444445
2025-10-09 12:45:30,False,True,PI_6240319_AL,5.715277777777778
2025-10-09 12:46:00,False,True,PI_6240319_AL,5.723611111111111
2025-10-09 12:46:30,False,True,PI_6240319_AL,5.731944444444444
2025-10-09 12:47:00,False,True,PI_6240319_AL,5.740277777777778
2025-10-09 12:47:30,False,True,PI_6240319_AL,5.748611111111111
2025-10-09 12:48:00,False,True,PI_6240319_AL,5.756944444444445
2025-10-09 12:48:30,False,True,PI_6240319_AL,5.7652777777777775
2025-10-09 12:49:00,False,True,PI_6240319_AL,5.773611111111111
2025-10-09 12:49:30,False,True,PI_6240319_AL,5.781944444444444
2025-10-09 12:50:00,False,True,PI_6240319_AL,5.790277777777778
2025-10-09 12:50:30,False,True,PI_6240319_AL,5.798611111111111
2025-10-09 12:51:00,False,True,PI_6240319_AL,5.8069444444444445
2025-10-09 12:51:30,False,True,PI_6240319_AL,5.815277777777778
2025-10-09 12:52:00,False,True,PI_6240319_AL,5.823611111111111
2025-10-09 12:52:30,False,True,PI_6240319_AL,5.831944444444445
2025-10-09 12:53:00,False,True,PI_6240319_AL,5.840277777777778
2025-10-09 12:53:30,False,True,PI_6240319_AL,5.848611111111111
2025-10-09 12:54:00,False,True,PI_6240319_AL,5.856944444444444
2025-10-09 12:54:30,False,True,PI_6240319_AL,5.865277777777778
2025-10-09 12:55:00,False,True,PI_6240319_AL,5.873611111111111
2025-10-09 12:55:30,False,True,PI_6240319_AL,5.881944444444445
2025-10-09 12:56:00,False,True,PI_6240319_AL,5.8902777777777775
2025-10-09 12:56:30,False,True,PI_6240319_AL,5.898611111111111
2025-10-09 12:57:00,False,True,PI_6240319_AL,5.906944444444444
2025-10-09 12:57:30,False,True,PI_6240319_AL,5.915277777777778
2025-10-09 12:58:00,False,True,PI_6240319_AL,5.923611111111111
2025-10-09 12:58:30,False,True,PI_6240319_AL,5.9319444444444445
2025-10-09 12:59:00,False,True,PI_6240319_AL,5.940277777777778
2025-10-09 12:59:30,False,True,PI_6240319_AL,5.948611111111111
2025-10-09 13:00:00,False,True,PI_6240319_AL,5.956944444444445
2025-10-09 13:00:30,False,True,PI_6240319_AL,5.965277777777778
2025-10-09 13:01:00,False,True,PI_6240319_AL,5.973611111111111
2025-10-09 13:01:30,False,True,PI_6240319_AL,5.981944444444444
2025-10-09 13:02:00,False,True,PI_6240319_AL,5.990277777777778
2025-10-09 13:02:30,False,True,PI_6240319_AL,5.998611111111111
2025-10-09 13:03:00,False,True,PI_6240319_AL,6.006944444444445
2025-10-09 13:03:30,False,True,PI_6240319_AL,6.0152777777777775
2025-10-09 13:04:00,False,True,PI_6240319_AL,6.023611111111111
2025-10-09 13:04:30,False,True,PI_6240319_AL,6.031944444444444
2025-10-09 13:05:00,False,True,PI_6240319_AL,6.040277777777778
2025-10-09 13:05:30,False,True,PI_6240319_AL,6.048611111111111
2025-10-09 13:06:00,False,True,PI_6240319_AL,6.0569444444444445
2025-10-09 13:06:30,False,True,PI_6240319_AL,6.065277777777778
2025-10-09 13:07:00,False,True,PI_6240319_AL,6.073611111111111
2025-10-09 13:07:30,False,True,PI_6240319_AL,6.081944444444445
2025-10-09 13:08:00,False,True,PI_6240319_AL,6.090277777777778
2025-10-09 13:08:30,False,True,PI_6240319_AL,6.098611111111111
2025-10-09 13:09:00,False,True,PI_6240319_AL,6.106944444444444
2025-10-09 13:09:30,False,True,PI_6240319_AL,6.115277777777778
2025-10-09 13:10:00,False,True,PI_6240319_AL,6.123611111111111
2025-10-09 13:10:30,False,True,PI_6240319_AL,6.131944444444445
2025-10-09 13:11:00,False,True,PI_6240319_AL,6.1402777777777775
2025-10-09 13:11:30,False,True,PI_6240319_AL,6.148611111111111
2025-10-09 13:12:00,False,True,PI_6240319_AL,6.156944444444444
2025-10-09 13:12:30,False,True,PI_6240319_AL,6.165277777777778
2025-10-09 13:13:00,False,True,PI_6240319_AL,6.173611111111111
2025-10-09 13:13:30,False,True,PI_6240319_AL,6.1819444444444445
2025-10-09 13:14:00,False,True,PI_6240319_AL,6.190277777777778
2025-10-09 13:14:30,False,True,PI_6240319_AL,6.198611111111111
2025-10-09 13:15:00,False,True,PI_6240319_AL,6.206944444444445
2025-10-09 13:15:30,False,True,PI_6240319_AL,6.215277777777778
2025-10-09 13:16:00,False,True,PI_6240319_AL,6.223611111111111
2025-10-09 13:16:30,False,True,PI_6240319_AL,6.231944444444444
2025-10-09 13:17:00,False,True,PI_6240319_AL,6.240277777777778
2025-10-09 13:17:30,False,True,PI_6240319_AL,6.248611111111111
2025-10-09 13:18:00,False,True,PI_6240319_AL,6.256944444444445
2025-10-09 13:18:30,False,True,PI_6240319_AL,6.2652777777777775
2025-10-09 13:19:00,False,True,PI_6240319_AL,6.273611111111111
2025-10-09 13:19:30,False,True,PI_6240319_AL,6.281944444444444
2025-10-09 13:20:00,False,True,PI_6240319_AL,6.290277777777778
2025-10-09 13:20:30,False,True,PI_6240319_AL,6.298611111111111
2025-10-09 13:21:00,False,True,PI_6240319_AL,6.3069444444444445
2025-10-09 13:21:30,False,True,PI_6240319_AL,6.315277777777778
2025-10-09 13:22:00,False,True,PI_6240319_AL,6.323611111111111
2025-10-09 13:22:30,False,True,PI_6240319_AL,6.331944444444445
2025-10-09 13:23:00,False,True,PI_6240319_AL,6.340277777777778
2025-10-09 13:23:30,False,True,PI_6240319_AL,6.348611111111111
2025-10-09 13:24:00,False,True,PI_6240319_AL,6.356944444444444
2025-10-09 13:24:30,False,True,PI_6240319_AL,6.365277777777778
2025-10-09 13:25:00,False,True,PI_6240319_AL,6.373611111111111
2025-10-09 13:25:30,False,True,PI_6240319_AL,6.381944444444445
2025-10-09 13:26:00,False,True,PI_6240319_AL,6.3902777777777775
2025-10-09 13:26:30,False,True,PI_6240319_AL,6.398611111111111
2025-10-09 13:27:00,False,True,PI_6240319_AL,6.406944444444444
2025-10-09 13:27:30,False,True,PI_6240319_AL,6.415277777777778
2025-10-09 13:28:00,False,True,PI_6240319_AL,6.423611111111111
2025-10-09 13:28:30,False,True,PI_6240319_AL,6.4319444444444445
2025-10-09 13:29:00,False,True,PI_6240319_AL,6.440277777777778
2025-10-09 13:29:30,False,True,PI_6240319_AL,6.448611111111111
2025-10-09 13:30:00,False,True,PI_6240319_AL,6.456944444444445
2025-10-09 13:30:30,False,True,PI_6240319_AL,6.465277777777778
2025-10-09 13:31:00,False,True,PI_6240319_AL,6.473611111111111
2025-10-09 13:31:30,False,True,PI_6240319_AL,6.481944444444444
2025-10-09 13:32:00,False,True,PI_6240319_AL,6.490277777777778
2025-10-09 13:32:30,False,True,PI_6240319_AL,6.498611111111111
2025-10-09 13:33:00,False,True,PI_6240319_AL,6.506944444444445
2025-10-09 13:33:30,False,True,PI_6240319_AL,6.5152777777777775
2025-10-09 13:34:00,False,True,PI_6240319_AL,6.523611111111111
2025-10-09 13:34:30,False,True,PI_6240319_AL,6.531944444444444
2025-10-09 13:35:00,False,True,PI_6240319_AL,6.540277777777778
2025-10-09 13:35:30,False,True,PI_6240319_AL,6.548611111111111
2025-10-09 13:36:00,False,True,PI_6240319_AL,6.5569444444444445
2025-10-09 13:36:30,False,True,PI_6240319_AL,6.565277777777778
2025-10-09 13:37:00,False,True,PI_6240319_AL,6.573611111111111
2025-10-09 13:37:30,False,True,PI_6240319_AL,6.581944444444445
2025-10-09 13:38:00,False,True,PI_6240319_AL,6.590277777777778
2025-10-09 13:38:30,False,True,PI_6240319_AL,6.598611111111111
2025-10-09 13:39:00,False,True,PI_6240319_AL,6.606944444444444
2025-10-09 13:39:30,False,True,PI_6240319_AL,6.615277777777778
2025-10-09 13:40:00,False,True,PI_6240319_AL,6.623611111111111
2025-10-09 13:40:30,False,True,PI_6240319_AL,6.631944444444445
2025-10-09 13:41:00,False,True,PI_6240319_AL,6.6402777777777775
2025-10-09 13:41:30,False,True,PI_6240319_AL,6.648611111111111
2025-10-09 13:42:00,False,True,PI_6240319_AL,6.656944444444444
2025-10-09 13:42:30,False,True,PI_6240319_AL,6.665277777777778
2025-10-09 13:43:00,False,True,PI_6240319_AL,6.673611111111111
2025-10-09 13:43:30,False,True,PI_6240319_AL,6.6819444444444445
2025-10-09 13:44:00,False,True,PI_6240319_AL,6.690277777777778
2025-10-09 13:44:30,False,True,PI_6240319_AL,6.698611111111111
2025-10-09 13:45:00,False,True,PI_6240319_AL,6.706944444444445
2025-10-09 13:45:30,False,True,PI_6240319_AL,6.715277777777778
2025-10-09 13:46:00,False,True,PI_6240319_AL,6.723611111111111
2025-10-09 13:46:30,False,True,PI_6240319_AL,6.731944444444444
2025-10-09 13:47:00,False,True,PI_6240319_AL,6.740277777777778
2025-10-09 13:47:30,False,True,PI_6240319_AL,6.748611111111111
2025-10-09 13:48:00,False,True,PI_6240319_AL,6.756944444444445
2025-10-09 13:48:30,False,True,PI_6240319_AL,6.7652777777777775
2025-10-09 13:49:00,False,True,PI_6240319_AL,6.773611111111111
2025-10-09 13:49:30,False,True,PI_6240319_AL,6.781944444444444
2025-10-09 13:50:00,False,True,PI_6240319_AL,6.790277777777778
2025-10-09 13:50:30,False,True,PI_6240319_AL,6.798611111111111
2025-10-09 13:51:00,False,True,PI_6240319_AL,6.8069444444444445
2025-10-09 13:51:30,False,True,PI_6240319_AL,6.815277777777778
2025-10-09 13:52:00,False,True,PI_6240319_AL,6.823611111111111
2025-10-09 13:52:30,False,True,PI_6240319_AL,6.831944444444445
2025-10-09 13:53:00,False,True,PI_6240319_AL,6.840277777777778
2025-10-09 13:53:30,False,True,PI_6240319_AL,6.848611111111111
2025-10-09 13:54:00,False,True,PI_6240319_AL,6.856944444444444
2025-10-09 13:54:30,False,True,PI_6240319_AL,6.865277777777778
2025-10-09 13:55:00,False,True,PI_6240319_AL,6.873611111111111
2025-10-09 13:55:30,False,True,PI_6240319_AL,6.881944444444445
2025-10-09 13:56:00,False,True,PI_6240319_AL,6.8902777777777775
2025-10-09 13:56:30,False,True,PI_6240319_AL,6.898611111111111
2025-10-09 13:57:00,False,True,PI_6240319_AL,6.906944444444444
2025-10-09 13:57:30,False,True,PI_6240319_AL,6.915277777777778
2025-10-09 13:58:00,False,True,PI_6240319_AL,6.923611111111111
2025-10-09 13:58:30,False,True,PI_6240319_AL,6.9319444444444445
2025-10-09 13:59:00,False,True,PI_6240319_AL,6.940277777777778
2025-10-09 13:59:30,False,True,PI_6240319_AL,6.948611111111111
2025-10-09 14:00:00,False,True,PI_6240319_AL,6.956944444444445
2025-10-09 14:00:30,False,True,PI_6240319_AL,6.965277777777778
2025-10-09 14:01:00,False,True,PI_6240319_AL,6.973611111111111
2025-10-09 14:01:30,False,True,PI_6240319_AL,6.981944444444444
2025-10-09 14:02:00,False,True,PI_6240319_AL,6.990277777777778
2025-10-09 14:02:30,False,True,PI_6240319_AL,6.998611111111111
2025-10-09 14:03:00,False,True,PI_6240319_AL,7.006944444444445
2025-10-09 14:03:30,False,True,PI_6240319_AL,7.0152777777777775
2025-10-09 14:04:00,False,True,PI_6240319_AL,7.023611111111111
2025-10-09 14:04:30,False,True,PI_6240319_AL,7.031944444444444
2025-10-09 14:05:00,False,True,PI_6240319_AL,7.040277777777778
2025-10-09 14:05:30,False,True,PI_6240319_AL,7.048611111111111
2025-10-09 14:06:00,False,True,PI_6240319_AL,7.0569444444444445
2025-10-09 14:06:30,False,True,PI_6240319_AL,7.065277777777778
2025-10-09 14:07:00,False,True,PI_6240319_AL,7.073611111111111
2025-10-09 14:07:30,False,True,PI_6240319_AL,7.081944444444445
2025-10-09 14:08:00,False,True,PI_6240319_AL,7.090277777777778
2025-10-09 14:08:30,False,True,PI_6240319_AL,7.098611111111111
2025-10-09 14:09:00,False,True,PI_6240319_AL,7.106944444444444
2025-10-09 14:09:30,False,True,PI_6240319_AL,7.115277777777778
2025-10-09 14:10:00,False,True,PI_6240319_AL,7.123611111111111
2025-10-09 14:10:30,False,True,PI_6240319_AL,7.131944444444445
2025-10-09 14:11:00,False,True,PI_6240319_AL,7.1402777777777775
2025-10-09 14:11:30,False,True,PI_6240319_AL,7.148611111111111
2025-10-09 14:12:00,False,True,PI_6240319_AL,7.156944444444444
2025-10-09 14:12:30,False,True,PI_6240319_AL,7.165277777777778
2025-10-09 14:13:00,False,True,PI_6240319_AL,7.173611111111111
2025-10-09 14:13:30,False,True,PI_6240319_AL,7.1819444444444445
2025-10-09 14:14:00,False,True,PI_6240319_AL,7.190277777777778
2025-10-09 14:14:30,False,True,PI_6240319_AL,7.198611111111111
2025-10-09 14:15:00,False,True,PI_6240319_AL,7.206944444444445
2025-10-09 14:15:30,False,True,PI_6240319_AL,7.215277777777778
2025-10-09 14:16:00,False,True,PI_6240319_AL,7.223611111111111
2025-10-09 14:16:30,False,True,PI_6240319_AL,7.231944444444444
2025-10-09 14:17:00,False,True,PI_6240319_AL,7.240277777777778
2025-10-09 14:17:30,False,True,PI_6240319_AL,7.248611111111111
2025-10-09 14:18:00,False,True,PI_6240319_AL,7.256944444444445
2025-10-09 14:18:30,False,True,PI_6240319_AL,7.2652777777777775
2025-10-09 14:19:00,False,True,PI_6240319_AL,7.273611111111111
2025-10-09 14:19:30,False,True,PI_6240319_AL,7.281944444444444
2025-10-09 14:20:00,False,True,PI_6240319_AL,7.290277777777778
2025-10-09 14:20:30,False,True,PI_6240319_AL,7.298611111111111
2025-10-09 14:21:00,False,True,PI_6240319_AL,7.3069444444444445
2025-10-09 14:21:30,False,True,PI_6240319_AL,7.315277777777778
2025-10-09 14:22:00,False,True,PI_6240319_AL,7.323611111111111
2025-10-09 14:22:30,False,True,PI_6240319_AL,7.331944444444445
2025-10-09 14:23:00,False,True,PI_6240319_AL,7.340277777777778
2025-10-09 14:23:30,False,True,PI_6240319_AL,7.348611111111111
2025-10-09 14:24:00,False,True,PI_6240319_AL,7.356944444444444
2025-10-09 14:24:30,False,True,PI_6240319_AL,7.365277777777778
2025-10-09 14:25:00,False,True,PI_6240319_AL,7.373611111111111
2025-10-09 14:25:30,False,True,PI_6240319_AL,7.381944444444445
2025-10-09 14:26:00,False,True,PI_6240319_AL,7.3902777777777775
2025-10-09 14:26:30,False,True,PI_6240319_AL,7.398611111111111
2025-10-09 14:27:00,False,True,PI_6240319_AL,7.406944444444444
2025-10-09 14:27:30,False,True,PI_6240319_AL,7.415277777777778
2025-10-09 14:28:00,False,True,PI_6240319_AL,7.423611111111111
2025-10-09 14:28:30,False,True,PI_6240319_AL,7.4319444444444445
2025-10-09 14:29:00,False,True,PI_6240319_AL,7.440277777777778
2025-10-09 14:29:30,False,True,PI_6240319_AL,7.448611111111111
2025-10-09 14:30:00,False,True,PI_6240319_AL,7.456944444444445
2025-10-09 14:30:30,False,True,PI_6240319_AL,7.465277777777778
2025-10-09 14:31:00,False,True,PI_6240319_AL,7.473611111111111
2025-10-09 14:31:30,False,True,PI_6240319_AL,7.481944444444444
2025-10-09 14:32:00,False,True,PI_6240319_AL,7.490277777777778
2025-10-09 14:32:30,False,True,PI_6240319_AL,7.498611111111111
2025-10-09 14:33:00,False,True,PI_6240319_AL,7.506944444444445
2025-10-09 14:33:30,False,True,PI_6240319_AL,7.5152777777777775
2025-10-09 14:34:00,False,True,PI_6240319_AL,7.523611111111111
2025-10-09 14:34:30,False,True,PI_6240319_AL,7.531944444444444
2025-10-09 14:35:00,False,True,PI_6240319_AL,7.540277777777778
2025-10-09 14:35:30,False,True,PI_6240319_AL,7.548611111111111
2025-10-09 14:36:00,False,True,PI_6240319_AL,7.5569444444444445
2025-10-09 14:36:30,False,True,PI_6240319_AL,7.565277777777778
2025-10-09 14:37:00,False,True,PI_6240319_AL,7.573611111111111
2025-10-09 14:37:30,False,True,PI_6240319_AL,7.581944444444445
2025-10-09 14:38:00,False,True,PI_6240319_AL,7.590277777777778
2025-10-09 14:38:30,False,True,PI_6240319_AL,7.598611111111111
2025-10-09 14:39:00,False,True,PI_6240319_AL,7.606944444444444
2025-10-09 14:39:30,False,True,PI_6240319_AL,7.615277777777778
2025-10-09 14:40:00,False,True,PI_6240319_AL,7.623611111111111
2025-10-09 14:40:30,False,True,PI_6240319_AL,7.631944444444445
2025-10-09 14:41:00,False,True,PI_6240319_AL,7.6402777777777775
2025-10-09 14:41:30,False,True,PI_6240319_AL,7.648611111111111
2025-10-09 14:42:00,False,True,PI_6240319_AL,7.656944444444444
2025-10-09 14:42:30,False,True,PI_6240319_AL,7.665277777777778
2025-10-09 14:43:00,False,True,PI_6240319_AL,7.673611111111111
2025-10-09 14:43:30,False,True,PI_6240319_AL,7.6819444444444445
2025-10-09 14:44:00,False,True,PI_6240319_AL,7.690277777777778
2025-10-09 14:44:30,False,True,PI_6240319_AL,7.698611111111111
2025-10-09 14:45:00,False,True,PI_6240319_AL,7.706944444444445
2025-10-09 14:45:30,False,True,PI_6240319_AL,7.715277777777778
2025-10-09 14:46:00,False,True,PI_6240319_AL,7.723611111111111
2025-10-09 14:46:30,False,True,PI_6240319_AL,7.731944444444444
2025-10-09 14:47:00,False,True,PI_6240319_AL,7.740277777777778
2025-10-09 14:47:30,False,True,PI_6240319_AL,7.748611111111111
2025-10-09 14:48:00,False,True,PI_6240319_AL,7.756944444444445
2025-10-09 14:48:30,False,True,PI_6240319_AL,7.7652777777777775
2025-10-09 14:49:00,False,True,PI_6240319_AL,7.773611111111111
2025-10-09 14:49:30,False,True,PI_6240319_AL,7.781944444444444
2025-10-09 14:50:00,False,True,PI_6240319_AL,7.790277777777778
2025-10-09 14:50:30,False,True,PI_6240319_AL,7.798611111111111
2025-10-09 14:51:00,False,True,PI_6240319_AL,7.8069444444444445
2025-10-09 14:51:30,False,True,PI_6240319_AL,7.815277777777778
2025-10-09 14:52:00,False,True,PI_6240319_AL,7.823611111111111
2025-10-09 14:52:30,False,True,PI_6240319_AL,7.831944444444445
2025-10-09 14:53:00,False,True,PI_6240319_AL,7.840277777777778
2025-10-09 14:53:30,False,True,PI_6240319_AL,7.848611111111111
2025-10-09 14:54:00,False,True,PI_6240319_AL,7.856944444444444
2025-10-09 14:54:30,False,True,PI_6240319_AL,7.865277777777778
2025-10-09 14:55:00,False,True,PI_6240319_AL,7.873611111111111
2025-10-09 14:55:30,False,True,PI_6240319_AL,7.881944444444445
2025-10-09 14:56:00,False,True,PI_6240319_AL,7.8902777777777775
2025-10-09 14:56:30,False,True,PI_6240319_AL,7.898611111111111
2025-10-09 14:57:00,False,True,PI_6240319_AL,7.906944444444444
2025-10-09 14:57:30,False,True,PI_6240319_AL,7.915277777777778
2025-10-09 14:58:00,False,True,PI_6240319_AL,7.923611111111111
2025-10-09 14:58:30,False,True,PI_6240319_AL,7.9319444444444445
2025-10-09 14:59:00,False,True,PI_6240319_AL,7.940277777777778
2025-10-09 14:59:30,False,True,PI_6240319_AL,7.948611111111111
2025-10-09 15:00:00,False,True,PI_6240319_AL,7.956944444444445
2025-10-09 15:00:30,False,True,PI_6240319_AL,7.965277777777778
2025-10-09 15:01:00,False,True,PI_6240319_AL,7.973611111111111
2025-10-09 15:01:30,False,True,PI_6240319_AL,7.981944444444444
2025-10-09 15:02:00,False,True,PI_6240319_AL,7.990277777777778
2025-10-09 15:02:30,False,True,PI_6240319_AL,7.998611111111111
2025-10-09 15:03:00,False,True,PI_6240319_AL,8.006944444444445
2025-10-09 15:03:30,False,True,PI_6240319_AL,8.015277777777778
2025-10-09 15:04:00,False,True,PI_6240319_AL,8.02361111111111
2025-10-09 15:04:30,False,True,PI_6240319_AL,8.031944444444445
2025-10-09 15:05:00,False,True,PI_6240319_AL,8.040277777777778
2025-10-09 15:05:30,False,True,PI_6240319_AL,8.04861111111111
2025-10-09 15:06:00,False,True,PI_6240319_AL,8.056944444444444
2025-10-09 15:06:30,False,True,PI_6240319_AL,8.065277777777778
2025-10-09 15:07:00,False,True,PI_6240319_AL,8.073611111111111
2025-10-09 15:07:30,False,True,PI_6240319_AL,8.081944444444444
2025-10-09 15:08:00,False,True,PI_6240319_AL,8.090277777777779
2025-10-09 15:08:30,False,True,PI_6240319_AL,8.098611111111111
2025-10-09 15:09:00,False,True,PI_6240319_AL,8.106944444444444
2025-10-09 15:09:30,False,True,PI_6240319_AL,8.115277777777777
2025-10-09 15:10:00,False,True,PI_6240319_AL,8.123611111111112
2025-10-09 15:10:30,False,True,PI_6240319_AL,8.131944444444445
2025-10-09 15:11:00,False,True,PI_6240319_AL,8.140277777777778
2025-10-09 15:11:30,False,True,PI_6240319_AL,8.14861111111111
2025-10-09 15:12:00,False,True,PI_6240319_AL,8.156944444444445
2025-10-09 15:12:30,False,True,PI_6240319_AL,8.165277777777778
2025-10-09 15:13:00,False,True,PI_6240319_AL,8.17361111111111
2025-10-09 15:13:30,False,True,PI_6240319_AL,8.181944444444444
2025-10-09 15:14:00,False,True,PI_6240319_AL,8.190277777777778
2025-10-09 15:14:30,False,True,PI_6240319_AL,8.198611111111111
2025-10-09 15:15:00,False,True,PI_6240319_AL,8.206944444444444
2025-10-09 15:15:30,False,True,PI_6240319_AL,8.215277777777779
2025-10-09 15:16:00,False,True,PI_6240319_AL,8.223611111111111
2025-10-09 15:16:30,False,True,PI_6240319_AL,8.231944444444444
2025-10-09 15:17:00,False,True,PI_6240319_AL,8.240277777777777
2025-10-09 15:17:30,False,True,PI_6240319_AL,8.248611111111112
2025-10-09 15:18:00,False,True,PI_6240319_AL,8.256944444444445
2025-10-09 15:18:30,False,True,PI_6240319_AL,8.265277777777778
2025-10-09 15:19:00,False,True,PI_6240319_AL,8.27361111111111
2025-10-09 15:19:30,False,True,PI_6240319_AL,8.281944444444445
2025-10-09 15:20:00,False,True,PI_6240319_AL,8.290277777777778
2025-10-09 15:20:30,False,True,PI_6240319_AL,8.29861111111111
2025-10-09 15:21:00,False,True,PI_6240319_AL,8.306944444444444
2025-10-15 09:25:00,False,True,PI_6240319_AL,0.5661111111111111
2025-10-15 09:25:30,False,True,PI_6240319_AL,0.5744444444444444
2025-10-15 09:26:00,False,True,PI_6240319_AL,0.5827777777777777
2025-10-15 09:26:30,False,True,PI_6240319_AL,0.5911111111111111
2025-10-15 09:27:00,False,True,PI_6240319_AL,0.5994444444444444
2025-10-15 09:27:30,False,True,PI_6240319_AL,0.6077777777777778
2025-10-15 09:28:00,False,True,PI_6240319_AL,0.6161111111111112
2025-10-15 09:28:30,False,True,PI_6240319_AL,0.6244444444444445
2025-10-15 09:29:00,False,True,PI_6240319_AL,0.6327777777777778
2025-10-15 09:29:30,False,True,PI_6240319_AL,0.6411111111111111
2025-10-15 09:30:00,False,True,PI_6240319_AL,0.6494444444444445
2025-10-15 09:30:30,False,True,PI_6240319_AL,0.6577777777777778
2025-10-15 18:35:00,False,True,PI_6240319_AL,9.732777777777779
2025-10-15 18:35:30,False,True,PI_6240319_AL,9.741111111111111
2025-10-15 18:36:00,False,True,PI_6240319_AL,9.749444444444444
2025-10-15 18:36:30,False,True,PI_6240319_AL,9.757777777777777
2025-10-15 18:37:00,False,True,PI_6240319_AL,9.766111111111112
2025-10-15 18:37:30,False,True,PI_6240319_AL,9.774444444444445
2025-10-15 18:38:00,False,True,PI_6240319_AL,9.782777777777778
2025-10-15 18:38:30,False,True,PI_6240319_AL,9.79111111111111
2025-10-15 18:39:00,False,True,PI_6240319_AL,9.799444444444445
2025-10-15 18:39:30,False,True,PI_6240319_AL,9.807777777777778
2025-10-15 18:40:00,False,True,PI_6240319_AL,9.81611111111111
2025-10-15 18:40:30,False,True,PI_6240319_AL,9.824444444444444
2025-10-15 18:41:00,False,True,PI_6240319_AL,9.832777777777778
2025-10-15 18:41:30,False,True,PI_6240319_AL,9.841111111111111
2025-10-15 18:42:00,False,True,PI_6240319_AL,9.849444444444444
2025-10-15 18:42:30,False,True,PI_6240319_AL,9.857777777777779
2025-10-15 18:43:00,False,True,PI_6240319_AL,9.866111111111111
2025-10-15 18:43:30,False,True,PI_6240319_AL,9.874444444444444
2025-10-15 18:44:00,False,True,PI_6240319_AL,9.882777777777777
2025-10-15 18:44:30,False,True,PI_6240319_AL,9.891111111111112
2025-10-15 18:45:00,False,True,PI_6240319_AL,9.899444444444445
2025-10-15 18:45:30,False,True,PI_6240319_AL,9.907777777777778
2025-10-15 18:46:00,False,True,PI_6240319_AL,9.91611111111111
2025-10-15 18:46:30,False,True,PI_6240319_AL,9.924444444444445
2025-10-15 18:47:00,False,True,PI_6240319_AL,9.932777777777778
2025-10-15 18:47:30,False,True,PI_6240319_AL,9.94111111111111
2025-10-15 18:48:00,False,True,PI_6240319_AL,9.949444444444444
2025-10-15 18:48:30,False,True,PI_6240319_AL,9.957777777777778
2025-10-15 18:49:00,False,True,PI_6240319_AL,9.966111111111111
2025-10-15 18:49:30,False,True,PI_6240319_AL,9.974444444444444
2025-10-15 18:50:00,False,True,PI_6240319_AL,9.982777777777779
2025-10-15 18:50:30,False,True,PI_6240319_AL,9.991111111111111
2025-10-15 18:51:00,False,True,PI_6240319_AL,9.999444444444444
2025-10-17 13:49:00,False,False,PI_6240319_AL,30.751944444444444
2025-10-17 13:49:30,False,False,PI_6240319_AL,30.74361111111111
2025-10-17 13:50:00,False,False,PI_6240319_AL,30.735277777777778
2025-10-17 13:50:30,False,False,PI_6240319_AL,30.726944444444445
2025-10-17 13:51:00,False,False,PI_6240319_AL,30.718611111111112
2025-10-17 13:51:30,False,False,PI_6240319_AL,30.710277777777776
2025-10-17 13:52:00,False,False,PI_6240319_AL,30.701944444444443
2025-10-17 13:52:30,False,False,PI_6240319_AL,30.69361111111111
2025-10-17 13:53:00,False,False,PI_6240319_AL,30.685277777777777
2025-10-17 13:53:30,False,False,PI_6240319_AL,30.676944444444445
2025-10-17 13:54:00,False,False,PI_6240319_AL,30.66861111111111
2025-10-20 23:13:30,True,True,PI_6240319_AL,3.1858333333333335
2025-10-20 23:14:00,True,True,PI_6240319_AL,3.194166666666667
2025-10-20 23:14:30,True,True,PI_6240319_AL,3.2025
2025-10-20 23:15:00,True,True,PI_6240319_AL,3.2108333333333334
2025-10-20 23:15:30,True,True,PI_6240319_AL,3.2191666666666667
2025-10-20 23:16:00,True,True,PI_6240319_AL,3.2275
2025-10-20 23:16:30,True,True,PI_6240319_AL,3.2358333333333333
2025-10-20 23:17:00,True,True,PI_6240319_AL,3.2441666666666666
2025-10-20 23:17:30,True,True,PI_6240319_AL,3.2525
2025-10-21 22:17:30,False,True,PAL_6240315,3.9925
2025-10-21 22:18:00,False,True,PAL_6240315,4.0008333333333335
2025-10-21 22:18:30,False,True,PAL_6240315,4.009166666666666
2025-10-21 22:19:00,False,True,PAL_6240315,4.0175
2025-10-21 22:19:30,False,True,PAL_6240315,4.025833333333333
2025-10-21 22:20:00,False,True,PAL_6240315,4.034166666666667
2025-10-21 22:20:30,False,True,PAL_6240315,4.0425
2025-10-21 22:21:00,False,True,PAL_6240315,4.050833333333333
2025-10-21 22:21:30,False,True,PAL_6240315,4.059166666666667
2025-10-21 22:22:00,False,True,PAL_6240315,4.0675
2025-10-21 22:22:30,False,True,PAL_6240315,4.075833333333334
2025-10-21 22:23:00,False,True,PAL_6240315,4.0841666666666665
2025-10-22 18:18:30,False,False,PAL_6240315,24.009166666666665
2025-10-22 18:19:00,False,False,PAL_6240315,24.0175
2025-10-22 18:19:30,False,False,PAL_6240315,24.025833333333335
2025-10-22 18:20:00,False,False,PAL_6240315,24.034166666666668
2025-10-22 18:20:30,False,False,PAL_6240315,24.0425
2025-10-22 18:21:00,False,False,PAL_6240315,24.050833333333333
2025-10-22 18:21:30,False,False,PAL_6240315,24.059166666666666
2025-10-22 18:22:00,False,False,PAL_6240315,24.0675
2025-10-22 18:22:30,False,False,PAL_6240315,24.075833333333332
2025-11-16 00:27:30,False,True,PDAL_6240302,3.921666666666667
2025-11-16 00:28:00,False,True,PDAL_6240302,3.93
2025-11-16 00:28:30,False,True,PDAL_6240302,3.9383333333333335
2025-11-16 00:29:00,False,True,PDAL_6240302,3.9466666666666668
2025-11-16 00:29:30,False,True,PDAL_6240302,3.955
2025-11-16 00:30:00,False,True,PDAL_6240302,3.9633333333333334
2025-11-16 00:30:30,False,True,PDAL_6240302,3.9716666666666667
2025-11-16 00:31:00,False,True,PDAL_6240302,3.98
2025-11-16 00:31:30,False,True,PDAL_6240302,3.9883333333333333
2025-11-16 00:32:00,False,True,PDAL_6240302,3.9966666666666666
2025-11-16 00:32:30,False,True,PDAL_6240302,4.005
2025-11-16 00:33:00,False,True,PDAL_6240302,4.013333333333334
2025-11-26 08:19:30,False,True,PAL_6240315,4.0175
2025-11-26 08:20:00,False,True,PAL_6240315,4.025833333333333
2025-11-26 08:20:30,False,True,PAL_6240315,4.034166666666667
2025-11-26 08:21:00,False,True,PAL_6240315,4.0425
2025-11-26 08:21:30,False,True,PAL_6240315,4.050833333333333
2025-11-26 08:22:00,False,True,PAL_6240315,4.059166666666667
2025-11-26 08:22:30,False,True,PAL_6240315,4.0675
2025-11-26 08:23:00,False,True,PAL_6240315,4.075833333333334
2025-11-26 08:23:30,False,True,PAL_6240315,4.0841666666666665
2025-11-26 08:24:00,False,True,PAL_6240315,4.0925
2025-11-26 08:24:30,False,True,PAL_6240315,4.100833333333333
2025-11-26 08:25:00,False,True,PAL_6240315,4.109166666666667
2025-11-26 08:25:30,False,True,PAL_6240315,4.1175
2025-11-26 08:26:00,False,True,PAL_6240315,4.1258333333333335
2025-12-02 12:51:30,False,True,PAL_6240315,0.72
2025-12-02 12:52:00,False,True,PAL_6240315,0.7283333333333334
2025-12-02 12:52:30,False,True,PAL_6240315,0.7366666666666667
2025-12-02 12:53:00,False,True,PAL_6240315,0.745
2025-12-02 12:53:30,False,True,PAL_6240315,0.7533333333333333
2025-12-02 12:54:00,False,True,PAL_6240315,0.7616666666666667
2025-12-02 12:54:30,False,True,PAL_6240315,0.77
2025-12-02 12:55:00,False,True,PAL_6240315,0.7783333333333333
2025-12-02 12:55:30,False,True,PAL_6240315,0.7866666666666666
2025-12-02 12:56:00,False,True,PAL_6240315,0.795
2025-12-08 07:05:00,False,True,PAL_6240315,8.409444444444444
2025-12-08 07:05:30,False,True,PAL_6240315,8.417777777777777
2025-12-08 07:06:00,False,True,PAL_6240315,8.426111111111112
2025-12-08 07:06:30,False,True,PAL_6240315,8.434444444444445
2025-12-08 07:07:00,False,True,PAL_6240315,8.442777777777778
2025-12-08 07:07:30,False,True,PAL_6240315,8.45111111111111
2025-12-08 07:08:00,False,True,PAL_6240315,8.459444444444445
2025-12-08 07:08:30,False,True,PAL_6240315,8.467777777777778
2025-12-08 07:09:00,False,True,PAL_6240315,8.476111111111111
2025-12-08 07:09:30,False,True,PAL_6240315,8.484444444444444
2025-12-09 02:57:00,False,True,PDAL_6240302,3.7125
2025-12-09 02:57:30,False,True,PDAL_6240302,3.720833333333333
2025-12-09 02:58:00,False,True,PDAL_6240302,3.7291666666666665
2025-12-09 02:58:30,False,True,PDAL_6240302,3.7375
2025-12-09 02:59:00,False,True,PDAL_6240302,3.745833333333333
2025-12-09 02:59:30,False,True,PDAL_6240302,3.754166666666667
2025-12-09 03:00:00,False,True,PDAL_6240302,3.7625
2025-12-09 03:00:30,False,True,PDAL_6240302,3.7708333333333335
2025-12-09 03:01:00,False,True,PDAL_6240302,3.779166666666667
2025-12-09 03:01:30,False,True,PDAL_6240302,3.7875
2025-12-09 03:02:00,False,True,PDAL_6240302,3.7958333333333334
2025-12-09 03:05:30,False,True,PDAL_6240302,3.8541666666666665
2025-12-09 03:06:00,False,True,PDAL_6240302,3.8625
2025-12-09 03:06:30,False,True,PDAL_6240302,3.870833333333333
2025-12-09 03:07:00,False,True,PDAL_6240302,3.879166666666667
2025-12-09 03:07:30,False,True,PDAL_6240302,3.8875
2025-12-09 03:08:00,False,True,PDAL_6240302,3.8958333333333335
2025-12-09 03:08:30,False,True,PDAL_6240302,3.904166666666667
2025-12-09 03:09:00,False,True,PDAL_6240302,3.9125
2025-12-09 03:09:30,False,True,PDAL_6240302,3.9208333333333334
2025-12-09 03:10:00,False,True,PDAL_6240302,3.9291666666666667
2025-12-09 03:10:30,False,True,PDAL_6240302,3.9375
2025-12-09 03:11:00,False,True,PDAL_6240302,3.9458333333333333
2025-12-09 03:11:30,False,True,PDAL_6240302,3.9541666666666666
2025-12-09 03:12:00,False,True,PDAL_6240302,3.9625
2025-12-09 03:12:30,False,True,PDAL_6240302,3.970833333333333
2025-12-09 03:13:00,False,True,PDAL_6240302,3.9791666666666665
2025-12-09 03:13:30,False,True,PDAL_6240302,3.9875
2025-12-09 03:14:00,False,True,PDAL_6240302,3.995833333333333
2025-12-09 03:14:30,False,True,PDAL_6240302,4.004166666666666
2025-12-09 03:15:00,False,True,PDAL_6240302,4.0125
2025-12-09 03:15:30,False,True,PDAL_6240302,4.020833333333333
2025-12-11 05:49:30,False,False,PAL_6240315,34.909166666666664
2025-12-11 05:50:00,False,False,PAL_6240315,34.90083333333333
2025-12-11 05:50:30,False,False,PAL_6240315,34.8925
2025-12-11 05:51:00,False,False,PAL_6240315,34.884166666666665
2025-12-11 05:51:30,False,False,PAL_6240315,34.87583333333333
2025-12-11 05:52:00,False,False,PAL_6240315,34.8675
2025-12-11 05:52:30,False,False,PAL_6240315,34.85916666666667
2025-12-11 05:53:00,False,False,PAL_6240315,34.850833333333334
2025-12-11 22:05:30,False,True,PAL_6240315,18.6425
2025-12-11 22:06:00,False,True,PAL_6240315,18.634166666666665
2025-12-11 22:06:30,False,True,PAL_6240315,18.625833333333333
2025-12-11 22:07:00,False,True,PAL_6240315,18.6175
2025-12-11 22:07:30,False,True,PAL_6240315,18.609166666666667
2025-12-11 22:08:00,False,True,PAL_6240315,18.600833333333334
2025-12-11 22:08:30,False,True,PAL_6240315,18.5925
2025-12-11 22:09:00,False,True,PAL_6240315,18.58416666666667
2025-12-11 22:09:30,False,True,PAL_6240315,18.575833333333332
2025-12-12 01:05:30,False,True,PAL_6240315,15.6425
2025-12-12 01:06:00,False,True,PAL_6240315,15.634166666666667
2025-12-12 01:06:30,False,True,PAL_6240315,15.625833333333333
2025-12-12 01:07:00,False,True,PAL_6240315,15.6175
2025-12-12 01:07:30,False,True,PAL_6240315,15.609166666666667
2025-12-12 01:08:00,False,True,PAL_6240315,15.600833333333334
2025-12-12 01:08:30,False,True,PAL_6240315,15.5925
2025-12-12 01:09:00,False,True,PAL_6240315,15.584166666666667
2025-12-12 05:47:30,False,True,PAL_6240315,10.9425
2025-12-12 05:48:00,False,True,PAL_6240315,10.934166666666666
2025-12-12 10:56:00,False,True,PAL_6240315,5.800833333333333
2025-12-12 10:56:30,False,True,PAL_6240315,5.7925
2025-12-12 10:57:00,False,True,PAL_6240315,5.784166666666667
2025-12-12 10:57:30,False,True,PAL_6240315,5.775833333333333
2025-12-12 10:58:00,False,True,PAL_6240315,5.7675
2025-12-12 10:58:30,False,True,PAL_6240315,5.759166666666666
2025-12-12 10:59:00,False,True,PAL_6240315,5.7508333333333335
2025-12-12 10:59:30,False,True,PAL_6240315,5.7425
2025-12-12 11:00:00,False,True,PAL_6240315,5.734166666666667
2025-12-12 11:00:30,False,True,PAL_6240315,5.725833333333333
2025-12-12 11:01:00,False,True,PAL_6240315,5.7175
2025-12-12 11:01:30,False,True,PAL_6240315,5.7091666666666665
2025-12-12 11:02:00,False,True,PAL_6240315,5.700833333333334
2025-12-12 11:02:30,False,True,PAL_6240315,5.6925
2025-12-12 11:03:00,False,True,PAL_6240315,5.684166666666667
2025-12-12 11:03:30,False,True,PAL_6240315,5.675833333333333
2025-12-12 11:04:00,False,True,PAL_6240315,5.6675
2025-12-12 11:04:30,False,True,PAL_6240315,5.659166666666667
2025-12-12 11:05:00,False,True,PAL_6240315,5.650833333333333
2025-12-12 11:05:30,False,True,PAL_6240315,5.6425
2025-12-12 11:06:00,False,True,PAL_6240315,5.634166666666666
2025-12-12 11:06:30,False,True,PAL_6240315,5.6258333333333335
2025-12-12 11:07:00,False,True,PAL_6240315,5.6175
2025-12-12 11:07:30,False,True,PAL_6240315,5.609166666666667
2025-12-12 11:08:00,False,True,PAL_6240315,5.600833333333333
2025-12-12 11:08:30,False,True,PAL_6240315,5.5925
2025-12-12 11:09:00,False,True,PAL_6240315,5.5841666666666665
2025-12-12 11:09:30,False,True,PAL_6240315,5.575833333333334
2025-12-12 11:10:00,False,True,PAL_6240315,5.5675
2025-12-12 11:10:30,False,True,PAL_6240315,5.559166666666667
2025-12-14 01:04:00,False,True,PAL_6240315,7.892777777777778
2025-12-14 01:04:30,False,True,PAL_6240315,7.901111111111111
2025-12-14 01:05:00,False,True,PAL_6240315,7.9094444444444445
2025-12-14 01:05:30,False,True,PAL_6240315,7.917777777777777
2025-12-14 01:06:00,False,True,PAL_6240315,7.926111111111111
2025-12-14 01:06:30,False,True,PAL_6240315,7.934444444444445
2025-12-14 01:07:00,False,True,PAL_6240315,7.942777777777778
2025-12-14 01:07:30,False,True,PAL_6240315,7.9511111111111115
2025-12-15 07:17:30,False,False,PAL_6240315,38.117777777777775
2025-12-15 07:18:00,False,False,PAL_6240315,38.12611111111111
2025-12-15 07:18:30,False,False,PAL_6240315,38.13444444444445
2025-12-15 07:19:00,False,False,PAL_6240315,38.14277777777778
2025-12-15 07:19:30,False,False,PAL_6240315,38.15111111111111
2025-12-15 07:20:00,False,False,PAL_6240315,38.159444444444446
2025-12-15 07:20:30,False,False,PAL_6240315,38.16777777777778
2025-12-15 07:21:00,False,False,PAL_6240315,38.17611111111111
2025-12-15 07:21:30,False,False,PAL_6240315,38.184444444444445
2025-12-16 01:31:00,False,False,PAL_6240315,56.342777777777776
2025-12-16 01:31:30,False,False,PAL_6240315,56.35111111111111
2025-12-16 01:32:00,False,False,PAL_6240315,56.35944444444444
2025-12-16 01:32:30,False,False,PAL_6240315,56.367777777777775
2025-12-16 01:33:00,False,False,PAL_6240315,56.37611111111111
2025-12-16 01:33:30,False,False,PAL_6240315,56.38444444444445
2025-12-16 01:34:00,False,False,PAL_6240315,56.39277777777778
2025-12-16 01:34:30,False,False,PAL_6240315,56.40111111111111
2025-12-16 01:35:00,False,False,PAL_6240315,56.409444444444446
2025-12-16 01:35:30,False,False,PAL_6240315,56.41777777777778
2025-12-16 05:22:00,False,False,PAL_6240315,60.19277777777778
2025-12-16 05:22:30,False,False,PAL_6240315,60.20111111111111
2025-12-16 05:23:00,False,False,PAL_6240315,60.20944444444444
2025-12-16 05:23:30,False,False,PAL_6240315,60.217777777777776
2025-12-16 05:24:00,False,False,PAL_6240315,60.22611111111111
2025-12-16 05:24:30,False,False,PAL_6240315,60.23444444444444
2025-12-16 05:25:00,False,False,PAL_6240315,60.242777777777775
2025-12-16 05:25:30,False,False,PAL_6240315,60.25111111111111
2025-12-16 05:26:00,False,False,PAL_6240315,60.25944444444445
2025-12-16 21:31:00,False,False,PAL_6240315,76.34277777777778
2025-12-16 21:31:30,False,False,PAL_6240315,76.35111111111111
2025-12-16 21:32:00,False,False,PAL_6240315,76.35944444444445
2025-12-16 21:32:30,False,False,PAL_6240315,76.36777777777777
2025-12-16 21:33:00,False,False,PAL_6240315,76.37611111111111
2025-12-16 21:33:30,False,False,PAL_6240315,76.38444444444444
2025-12-16 21:34:00,False,False,PAL_6240315,76.39277777777778
2025-12-16 21:34:30,False,False,PAL_6240315,76.4011111111111
2025-12-16 21:35:00,False,False,PAL_6240315,76.40944444444445
2025-12-24 10:54:30,False,False,PI_6240319_AL,101.30222222222223
2025-12-24 10:55:00,False,False,PI_6240319_AL,101.29388888888889
2025-12-24 10:55:30,False,False,PI_6240319_AL,101.28555555555556
2025-12-24 10:56:00,False,False,PI_6240319_AL,101.27722222222222
2025-12-24 10:56:30,False,False,PI_6240319_AL,101.2688888888889
2025-12-24 10:57:00,False,False,PI_6240319_AL,101.26055555555556
2025-12-24 10:57:30,False,False,PI_6240319_AL,101.25222222222222
2025-12-24 10:58:00,False,False,PI_6240319_AL,101.24388888888889
2025-12-24 10:58:30,False,False,PI_6240319_AL,101.23555555555555
2025-12-24 10:59:00,False,False,PI_6240319_AL,101.22722222222222
2025-12-28 12:26:00,False,True,PI_6240319_AL,3.777222222222222
2026-01-15 12:54:30,True,True,PI_6240319_AL,1.941111111111111
2026-01-15 12:55:00,True,True,PI_6240319_AL,1.9494444444444445
2026-01-15 12:55:30,True,True,PI_6240319_AL,1.9577777777777778
2026-01-15 12:56:00,True,True,PI_6240319_AL,1.9661111111111111
2026-01-15 12:56:30,True,True,PI_6240319_AL,1.9744444444444444
2026-01-15 12:57:00,True,True,PI_6240319_AL,1.9827777777777778
2026-01-15 12:57:30,True,True,PI_6240319_AL,1.991111111111111
2026-01-15 12:58:00,True,True,PI_6240319_AL,1.9994444444444444
2026-01-15 12:58:30,True,True,PI_6240319_AL,2.0077777777777777
2026-01-15 12:59:00,True,True,PI_6240319_AL,2.016111111111111
2026-01-15 12:59:30,True,True,PI_6240319_AL,2.0244444444444443
2026-01-15 13:00:00,True,True,PI_6240319_AL,2.0327777777777776
2026-01-15 13:00:30,True,True,PI_6240319_AL,2.0411111111111113
2026-01-15 13:01:00,True,True,PI_6240319_AL,2.0494444444444446
2026-01-15 13:01:30,True,True,PI_6240319_AL,2.057777777777778
2026-01-15 13:02:00,True,True,PI_6240319_AL,2.0661111111111112
2026-01-15 13:02:30,True,True,PI_6240319_AL,2.0744444444444445
2026-01-15 13:03:00,True,True,PI_6240319_AL,2.082777777777778
2026-01-15 13:03:30,True,True,PI_6240319_AL,2.091111111111111
2026-01-15 13:04:00,True,True,PI_6240319_AL,2.0994444444444444
2026-01-15 13:04:30,True,True,PI_6240319_AL,2.1077777777777778
2026-01-15 13:05:00,True,True,PI_6240319_AL,2.116111111111111
2026-01-15 13:05:30,True,True,PI_6240319_AL,2.1244444444444444
2026-01-15 13:06:00,True,True,PI_6240319_AL,2.1327777777777777
2026-01-15 13:06:30,True,True,PI_6240319_AL,2.141111111111111
2026-01-15 13:07:00,True,True,PI_6240319_AL,2.1494444444444443
2026-01-15 13:07:30,True,True,PI_6240319_AL,2.1577777777777776
2026-01-15 13:08:00,True,True,PI_6240319_AL,2.1661111111111113
2026-01-15 13:08:30,True,True,PI_6240319_AL,2.1744444444444446
2026-01-15 13:09:00,True,True,PI_6240319_AL,2.182777777777778
2026-01-15 13:09:30,True,True,PI_6240319_AL,2.1911111111111112
2026-01-15 13:10:00,True,True,PI_6240319_AL,2.1994444444444445
2026-01-15 13:10:30,True,True,PI_6240319_AL,2.207777777777778
2026-01-15 13:11:00,True,True,PI_6240319_AL,2.216111111111111
2026-01-15 13:11:30,True,True,PI_6240319_AL,2.2244444444444444
2026-01-15 13:12:00,True,True,PI_6240319_AL,2.2327777777777778
2026-01-15 13:12:30,True,True,PI_6240319_AL,2.241111111111111
2026-01-15 13:13:00,True,True,PI_6240319_AL,2.2494444444444444
2026-01-15 13:13:30,True,True,PI_6240319_AL,2.2577777777777777
2026-01-15 13:14:00,True,True,PI_6240319_AL,2.266111111111111
2026-01-15 13:14:30,True,True,PI_6240319_AL,2.2744444444444443
2026-01-15 13:15:00,True,True,PI_6240319_AL,2.2827777777777776
2026-01-15 13:15:30,True,True,PI_6240319_AL,2.2911111111111113
2026-01-15 13:16:00,True,True,PI_6240319_AL,2.2994444444444446
2026-01-15 13:16:30,True,True,PI_6240319_AL,2.307777777777778
2026-01-15 13:17:00,True,True,PI_6240319_AL,2.3161111111111112
2026-01-15 13:17:30,True,True,PI_6240319_AL,2.3244444444444445
2026-01-15 13:18:00,True,True,PI_6240319_AL,2.332777777777778
2026-01-15 13:18:30,True,True,PI_6240319_AL,2.341111111111111
2026-01-15 13:19:00,True,True,PI_6240319_AL,2.3494444444444444
2026-01-15 13:19:30,True,True,PI_6240319_AL,2.3577777777777778
2026-01-15 13:20:00,True,True,PI_6240319_AL,2.366111111111111
2026-01-15 13:20:30,True,True,PI_6240319_AL,2.3744444444444444
2026-01-15 13:21:00,True,True,PI_6240319_AL,2.3827777777777777
2026-01-15 13:21:30,True,True,PI_6240319_AL,2.391111111111111
2026-01-15 13:22:00,True,True,PI_6240319_AL,2.3994444444444443
2026-01-15 13:22:30,True,True,PI_6240319_AL,2.4077777777777776
2026-01-15 13:23:00,True,True,PI_6240319_AL,2.4161111111111113
2026-01-15 13:23:30,True,True,PI_6240319_AL,2.4244444444444446
2026-01-15 13:24:00,True,True,PI_6240319_AL,2.432777777777778
2026-01-15 13:24:30,True,True,PI_6240319_AL,2.4411111111111112
2026-01-15 13:25:00,True,True,PI_6240319_AL,2.4494444444444445
2026-01-15 13:25:30,True,True,PI_6240319_AL,2.457777777777778
2026-01-15 13:26:00,True,True,PI_6240319_AL,2.466111111111111
2026-01-15 13:26:30,True,True,PI_6240319_AL,2.4744444444444444
2026-01-15 13:27:00,True,True,PI_6240319_AL,2.4827777777777778
2026-01-15 13:27:30,True,True,PI_6240319_AL,2.491111111111111
2026-01-15 13:28:00,True,True,PI_6240319_AL,2.4994444444444444
2026-01-15 13:28:30,True,True,PI_6240319_AL,2.5077777777777777
2026-01-15 13:29:00,True,True,PI_6240319_AL,2.516111111111111
2026-01-15 13:29:30,True,True,PI_6240319_AL,2.5244444444444443
2026-01-15 13:30:00,True,True,PI_6240319_AL,2.5327777777777776
2026-01-15 13:30:30,True,True,PI_6240319_AL,2.5411111111111113
2026-01-15 13:31:00,True,True,PI_6240319_AL,2.5494444444444446
2026-01-15 13:31:30,True,True,PI_6240319_AL,2.557777777777778
2026-01-15 13:32:00,True,True,PI_6240319_AL,2.5661111111111112
2026-01-15 13:32:30,True,True,PI_6240319_AL,2.5744444444444445
2026-01-15 13:33:00,True,True,PI_6240319_AL,2.582777777777778
2026-01-15 13:33:30,True,True,PI_6240319_AL,2.591111111111111
2026-01-15 13:34:00,True,True,PI_6240319_AL,2.5994444444444444
2026-01-15 13:34:30,True,True,PI_6240319_AL,2.6077777777777778
2026-01-15 13:35:00,True,True,PI_6240319_AL,2.616111111111111
2026-01-15 13:35:30,True,True,PI_6240319_AL,2.6244444444444444
2026-01-15 13:36:00,True,True,PI_6240319_AL,2.6327777777777777
2026-01-15 13:36:30,True,True,PI_6240319_AL,2.641111111111111
2026-01-15 13:37:00,True,True,PI_6240319_AL,2.6494444444444443
2026-01-15 13:37:30,True,True,PI_6240319_AL,2.6577777777777776
2026-01-15 13:38:00,True,True,PI_6240319_AL,2.6661111111111113
2026-01-15 13:38:30,True,True,PI_6240319_AL,2.6744444444444446
2026-01-15 13:39:00,True,True,PI_6240319_AL,2.682777777777778
2026-01-15 13:39:30,True,True,PI_6240319_AL,2.6911111111111112
2026-01-15 13:40:00,True,True,PI_6240319_AL,2.6994444444444445
2026-01-15 13:40:30,True,True,PI_6240319_AL,2.707777777777778
2026-01-15 13:41:00,True,True,PI_6240319_AL,2.716111111111111
2026-01-15 13:41:30,True,True,PI_6240319_AL,2.7244444444444444
2026-01-15 13:42:00,True,True,PI_6240319_AL,2.7327777777777778
2026-01-15 13:42:30,True,True,PI_6240319_AL,2.741111111111111
2026-01-15 13:43:00,True,True,PI_6240319_AL,2.7494444444444444
2026-01-15 13:43:30,True,True,PI_6240319_AL,2.7577777777777777
2026-01-15 13:44:00,True,True,PI_6240319_AL,2.766111111111111
2026-01-15 13:44:30,True,True,PI_6240319_AL,2.7744444444444443
2026-01-15 13:45:00,True,True,PI_6240319_AL,2.7827777777777776
2026-01-21 11:59:30,False,False,PDAL_6240302,53.803333333333335
2026-01-29 12:35:00,True,True,TC382_03_A,0.3552777777777778
2026-01-29 13:56:00,True,True,TC382_03_A,0.9080555555555555
2026-01-29 13:56:30,True,True,TC382_03_A,0.9163888888888889
2026-01-29 14:33:00,True,True,TC382_03_A,0.6713888888888889
2026-01-29 14:33:30,True,True,TC382_03_A,0.6630555555555555
2026-01-29 14:34:00,True,True,TC382_03_A,0.6547222222222222
2026-01-29 14:34:30,True,True,TC382_03_A,0.6463888888888889
2026-01-29 14:35:00,True,True,TC382_03_A,0.6380555555555556
2026-01-29 14:35:30,True,True,TC382_03_A,0.6297222222222222
2026-01-29 14:36:00,True,True,TC382_03_A,0.6213888888888889
2026-01-29 14:36:30,True,True,TC382_03_A,0.6130555555555556
2026-01-29 14:37:00,True,True,TC382_03_A,0.6047222222222223
2026-01-29 14:37:30,True,True,TC382_03_A,0.5963888888888889
2026-01-29 14:38:00,True,True,TC382_03_A,0.5880555555555556
2026-01-31 21:57:00,False,True,PI_6240319_AL,0.34694444444444444
2026-01-31 21:57:30,False,True,PI_6240319_AL,0.3386111111111111
2026-01-31 21:58:00,False,True,PI_6240319_AL,0.3302777777777778
2026-01-31 21:58:30,False,True,PI_6240319_AL,0.3219444444444444
2026-01-31 21:59:00,False,True,PI_6240319_AL,0.3136111111111111
2026-01-31 21:59:30,False,True,PI_6240319_AL,0.30527777777777776
2026-01-31 22:00:00,False,True,PI_6240319_AL,0.29694444444444446
2026-01-31 22:00:30,False,True,PI_6240319_AL,0.2886111111111111
2026-01-31 22:01:00,False,True,PI_6240319_AL,0.2802777777777778
2026-01-31 22:01:30,False,True,PI_6240319_AL,0.27194444444444443
2026-01-31 22:02:00,False,True,PI_6240319_AL,0.26361111111111113
2026-02-02 14:35:30,False,False,PI_6240319_AL,29.185277777777777
2026-02-02 14:36:00,False,False,PI_6240319_AL,29.176944444444445
2026-02-02 14:36:30,False,False,PI_6240319_AL,29.16861111111111
2026-02-02 14:37:00,False,False,PI_6240319_AL,29.16027777777778
2026-02-02 14:37:30,False,False,PI_6240319_AL,29.151944444444446
2026-02-02 14:38:00,False,False,PI_6240319_AL,29.14361111111111
2026-02-02 14:38:30,False,False,PI_6240319_AL,29.135277777777777
2026-02-02 14:39:00,False,False,PI_6240319_AL,29.126944444444444
2026-02-02 14:39:30,False,False,PI_6240319_AL,29.11861111111111
2026-02-02 14:40:00,False,False,PI_6240319_AL,29.110277777777778
2026-02-02 14:40:30,False,False,PI_6240319_AL,29.101944444444445
2026-02-03 18:51:30,False,True,PI_6240319_AL,0.9186111111111112
2026-02-03 18:52:00,False,True,PI_6240319_AL,0.9102777777777777
2026-02-03 18:52:30,False,True,PI_6240319_AL,0.9019444444444444
2026-02-03 18:53:00,False,True,PI_6240319_AL,0.8936111111111111
2026-02-03 18:53:30,False,True,PI_6240319_AL,0.8852777777777778
2026-02-03 18:54:00,False,True,PI_6240319_AL,0.8769444444444444
2026-02-03 18:54:30,False,True,PI_6240319_AL,0.8686111111111111
2026-02-03 18:55:00,False,True,PI_6240319_AL,0.8602777777777778
2026-02-03 18:55:30,False,True,PI_6240319_AL,0.8519444444444444
2026-02-05 02:23:30,False,True,PI_6240319_AL,2.9691666666666667
2026-02-08 10:29:00,False,False,PI_6240319_AL,26.26361111111111
2026-02-08 10:29:30,False,False,PI_6240319_AL,26.271944444444443
2026-02-08 10:30:00,False,False,PI_6240319_AL,26.280277777777776
2026-02-08 10:30:30,False,False,PI_6240319_AL,26.288611111111113
2026-02-08 10:31:00,False,False,PI_6240319_AL,26.296944444444446
2026-02-08 10:31:30,False,False,PI_6240319_AL,26.30527777777778
2026-02-08 10:32:00,False,False,PI_6240319_AL,26.31361111111111
2026-02-08 10:32:30,False,False,PI_6240319_AL,26.321944444444444
2026-02-08 10:33:00,False,False,PI_6240319_AL,26.330277777777777
2026-02-08 10:33:30,False,False,PI_6240319_AL,26.33861111111111
2026-02-08 10:34:00,False,False,PI_6240319_AL,26.346944444444443
2026-02-09 10:55:00,False,True,PAL_6240315,17.723055555555554
2026-02-09 10:55:30,False,True,PAL_6240315,17.71472222222222
2026-02-09 10:56:00,False,True,PAL_6240315,17.70638888888889
2026-02-09 10:56:30,False,True,PAL_6240315,17.698055555555555
2026-02-09 10:57:00,False,True,PAL_6240315,17.689722222222223
2026-02-09 10:57:30,False,True,PAL_6240315,17.68138888888889
2026-02-09 10:58:00,False,True,PAL_6240315,17.673055555555557
2026-02-09 10:58:30,False,True,PAL_6240315,17.664722222222224
2026-02-09 10:59:00,False,True,PAL_6240315,17.656388888888888
2026-02-09 10:59:30,False,True,PAL_6240315,17.648055555555555
2026-02-09 11:00:00,False,True,PAL_6240315,17.639722222222222
2026-02-09 14:33:30,True,True,PAL_6240315,14.081388888888888
2026-02-09 15:34:00,True,True,PAL_6240315,13.073055555555555
2026-02-09 15:34:30,True,True,PAL_6240315,13.064722222222223
2026-02-09 15:35:00,True,True,PAL_6240315,13.05638888888889
2026-02-10 05:07:00,True,True,PDAL_6240302,0.20222222222222222
2026-02-10 05:07:30,True,True,PDAL_6240302,0.1938888888888889
2026-02-10 05:08:00,True,True,PDAL_6240302,0.18555555555555556
2026-02-10 05:08:30,True,True,PDAL_6240302,0.17722222222222223
2026-02-10 05:09:00,True,True,PDAL_6240302,0.1688888888888889
2026-02-10 05:09:30,True,True,PDAL_6240302,0.16055555555555556
2026-02-10 05:10:00,True,True,PDAL_6240302,0.15222222222222223
2026-02-10 05:10:30,True,True,PDAL_6240302,0.1438888888888889
2026-02-10 05:11:00,True,True,PDAL_6240302,0.13555555555555557
2026-02-10 05:11:30,True,True,PDAL_6240302,0.1272222222222222
2026-02-10 05:12:00,True,True,PDAL_6240302,0.11888888888888889
2026-02-10 05:18:30,True,True,PDAL_6240302,0.010555555555555556
2026-02-10 13:51:00,True,True,TC382_03_A,0.005555555555555556
2026-02-10 13:51:30,True,True,TC382_03_A,0.013888888888888888
2026-02-10 13:52:00,True,True,TC382_03_A,0.022222222222222223
2026-02-10 13:52:30,True,True,TC382_03_A,0.030555555555555555
2026-02-10 13:53:00,True,True,TC382_03_A,0.03888888888888889
2026-02-10 19:44:30,True,True,TC382_03_A,5.897222222222222
2026-02-10 19:45:00,True,True,TC382_03_A,5.905555555555556
2026-02-10 19:45:30,True,True,TC382_03_A,5.913888888888889
2026-02-10 19:46:00,True,True,TC382_03_A,5.9222222222222225
2026-02-10 19:46:30,True,True,TC382_03_A,5.930555555555555
2026-02-10 19:47:00,True,True,TC382_03_A,5.938888888888889
2026-02-10 19:47:30,True,True,TC382_03_A,5.947222222222222
2026-02-11 19:04:00,True,True,TC382_03_A,2.3116666666666665
2026-02-11 19:04:30,True,True,TC382_03_A,2.32
2026-02-11 19:05:00,True,True,TC382_03_A,2.328333333333333
2026-02-12 12:55:30,True,True,PI_6240319_AL,5.301666666666667
2026-02-14 16:38:00,False,True,PDAL_6240302,0.021944444444444444
2026-02-14 16:38:30,False,True,PDAL_6240302,0.01361111111111111
2026-02-14 17:41:00,False,True,PDAL_6240302,1.0030555555555556
2026-02-14 17:41:30,False,True,PDAL_6240302,1.011388888888889
2026-02-14 17:42:00,False,True,PDAL_6240302,1.0197222222222222
2026-02-14 17:42:30,False,True,PDAL_6240302,1.0280555555555555
2026-02-14 19:56:30,False,True,PI_6240319_AL,0.17722222222222223
2026-02-14 19:57:00,False,True,PI_6240319_AL,0.18555555555555556
2026-02-14 19:57:30,False,True,PI_6240319_AL,0.1938888888888889
2026-02-14 19:58:00,False,True,PI_6240319_AL,0.20222222222222222
2026-02-24 11:01:00,True,True,TC382_03_A,0.0
2026-02-25 02:00:00,True,True,TC382_03_A,14.981111111111112
2026-02-25 02:00:30,True,True,TC382_03_A,14.989444444444445
2026-02-25 02:01:00,True,True,TC382_03_A,14.997777777777777
2026-02-25 06:11:00,True,True,TC382_03_A,14.580555555555556
2026-02-25 06:11:30,True,True,TC382_03_A,14.572222222222223
2026-02-25 06:12:00,True,True,TC382_03_A,14.563888888888888
2026-02-25 06:12:30,True,True,TC382_03_A,14.555555555555555
2026-02-25 06:13:00,True,True,TC382_03_A,14.547222222222222
2026-02-25 06:13:30,True,True,TC382_03_A,14.53888888888889
2026-02-25 06:14:00,True,True,TC382_03_A,14.530555555555555
2026-02-25 06:14:30,True,True,TC382_03_A,14.522222222222222
2026-02-25 06:15:00,True,True,TC382_03_A,14.51388888888889
2026-02-25 06:15:30,True,True,TC382_03_A,14.505555555555556
2026-02-25 19:59:00,True,True,TC382_03_A,0.7805555555555556
2026-02-25 19:59:30,True,True,TC382_03_A,0.7722222222222223
2026-02-25 20:00:00,True,True,TC382_03_A,0.7638888888888888
2026-02-25 20:00:30,True,True,TC382_03_A,0.7555555555555555
2026-02-25 20:01:00,True,True,TC382_03_A,0.7472222222222222
2026-02-25 20:01:30,True,True,TC382_03_A,0.7388888888888889
2026-02-25 20:02:00,True,True,TC382_03_A,0.7305555555555555
2026-02-25 20:02:30,True,True,TC382_03_A,0.7222222222222222
2026-02-25 20:03:00,True,True,TC382_03_A,0.7138888888888889
2026-02-26 07:44:30,True,True,PI_6240319_AL,1.3644444444444443
2026-02-26 07:45:00,True,True,PI_6240319_AL,1.356111111111111
2026-02-26 07:45:30,True,True,PI_6240319_AL,1.3477777777777777
2026-02-26 07:46:00,True,True,PI_6240319_AL,1.3394444444444444
2026-02-26 07:46:30,True,True,PI_6240319_AL,1.3311111111111111
2026-02-26 07:47:00,True,True,PI_6240319_AL,1.3227777777777778
2026-02-27 00:05:30,False,True,PI_6240319_AL,2.22
2026-02-27 00:06:00,False,True,PI_6240319_AL,2.2283333333333335
2026-02-27 00:06:30,False,True,PI_6240319_AL,2.236666666666667
2026-02-27 00:07:00,False,True,PI_6240319_AL,2.245
2026-02-27 00:07:30,False,True,PI_6240319_AL,2.2533333333333334
2026-02-27 00:08:00,False,True,PI_6240319_AL,2.2616666666666667
2026-02-27 00:08:30,False,True,PI_6240319_AL,2.27
2026-02-27 00:09:00,False,True,PI_6240319_AL,2.2783333333333333
2026-02-27 00:09:30,False,True,PI_6240319_AL,2.2866666666666666
2026-02-27 00:10:00,False,True,PI_6240319_AL,2.295
2026-02-27 00:10:30,False,True,PI_6240319_AL,2.3033333333333332
2026-02-27 00:11:00,False,True,PI_6240319_AL,2.3116666666666665
2026-02-27 00:11:30,False,True,PI_6240319_AL,2.32
2026-02-27 00:12:00,False,True,PI_6240319_AL,2.328333333333333
2026-02-27 00:21:30,False,True,PI_6240319_AL,2.486666666666667
2026-02-27 00:22:00,False,True,PI_6240319_AL,2.495
2026-02-27 00:22:30,False,True,PI_6240319_AL,2.5033333333333334
2026-02-27 00:23:00,False,True,PI_6240319_AL,2.5116666666666667
2026-02-27 00:23:30,False,True,PI_6240319_AL,2.52
2026-02-27 00:24:00,False,True,PI_6240319_AL,2.5283333333333333
2026-02-27 00:24:30,False,True,PI_6240319_AL,2.5366666666666666
2026-02-27 00:25:00,False,True,PI_6240319_AL,2.545
2026-02-27 00:25:30,False,True,PI_6240319_AL,2.5533333333333332
2026-02-27 00:26:00,False,True,PI_6240319_AL,2.5616666666666665
2026-02-27 00:26:30,False,True,PI_6240319_AL,2.57
2026-02-27 00:52:30,False,True,PI_6240319_AL,3.0033333333333334
2026-02-27 00:53:00,False,True,PI_6240319_AL,3.0116666666666667
2026-02-27 00:53:30,False,True,PI_6240319_AL,3.02
2026-02-27 00:54:00,False,True,PI_6240319_AL,3.0283333333333333
2026-02-27 00:54:30,False,True,PI_6240319_AL,3.0366666666666666
2026-02-27 00:55:00,False,True,PI_6240319_AL,3.045
2026-02-27 00:55:30,False,True,PI_6240319_AL,3.0533333333333332
2026-02-27 00:56:00,False,True,PI_6240319_AL,3.0616666666666665
2026-02-27 00:56:30,False,True,PI_6240319_AL,3.07
2026-02-27 00:57:00,False,True,PI_6240319_AL,3.078333333333333
2026-02-27 00:57:30,False,True,PI_6240319_AL,3.0866666666666664
2026-02-27 00:59:00,False,True,PI_6240319_AL,3.111666666666667
2026-02-27 00:59:30,False,True,PI_6240319_AL,3.12
2026-02-27 01:00:00,False,True,PI_6240319_AL,3.1283333333333334
2026-02-27 01:00:30,False,True,PI_6240319_AL,3.1366666666666667
2026-02-27 01:01:00,False,True,PI_6240319_AL,3.145
2026-02-27 01:01:30,False,True,PI_6240319_AL,3.1533333333333333
2026-02-27 01:02:00,False,True,PI_6240319_AL,3.1616666666666666
2026-02-27 01:02:30,False,True,PI_6240319_AL,3.17
2026-02-27 01:03:00,False,True,PI_6240319_AL,3.1783333333333332
2026-02-27 01:03:30,False,True,PI_6240319_AL,3.1866666666666665
2026-02-27 01:04:00,False,True,PI_6240319_AL,3.195
2026-02-27 01:04:30,False,True,PI_6240319_AL,3.203333333333333
2026-02-27 01:11:30,False,True,PI_6240319_AL,3.32
2026-02-27 01:12:00,False,True,PI_6240319_AL,3.328333333333333
2026-02-27 01:12:30,False,True,PI_6240319_AL,3.3366666666666664
2026-02-27 01:13:00,False,True,PI_6240319_AL,3.345
2026-02-27 01:13:30,False,True,PI_6240319_AL,3.3533333333333335
2026-02-27 01:14:00,False,True,PI_6240319_AL,3.361666666666667
2026-02-27 01:14:30,False,True,PI_6240319_AL,3.37
2026-02-27 01:15:00,False,True,PI_6240319_AL,3.3783333333333334
2026-02-27 01:15:30,False,True,PI_6240319_AL,3.3866666666666667
2026-02-27 01:24:30,False,True,PI_6240319_AL,3.5366666666666666
2026-02-27 01:25:00,False,True,PI_6240319_AL,3.545
2026-02-27 01:25:30,False,True,PI_6240319_AL,3.5533333333333332
2026-02-27 01:26:00,False,True,PI_6240319_AL,3.5616666666666665
2026-02-27 01:26:30,False,True,PI_6240319_AL,3.57
2026-02-27 01:27:00,False,True,PI_6240319_AL,3.578333333333333
2026-02-27 01:27:30,False,True,PI_6240319_AL,3.5866666666666664
2026-02-27 01:28:00,False,True,PI_6240319_AL,3.595
2026-02-27 01:28:30,False,True,PI_6240319_AL,3.6033333333333335
2026-02-27 10:50:30,False,True,PI_6240319_AL,7.98
2026-02-27 10:51:00,False,True,PI_6240319_AL,7.971666666666667
2026-02-27 10:51:30,False,True,PI_6240319_AL,7.963333333333333
2026-02-27 10:52:00,False,True,PI_6240319_AL,7.955
2026-02-27 10:52:30,False,True,PI_6240319_AL,7.946666666666666
2026-02-27 10:53:00,False,True,PI_6240319_AL,7.9383333333333335
2026-02-27 10:53:30,False,True,PI_6240319_AL,7.93
2026-02-27 10:54:00,False,True,PI_6240319_AL,7.921666666666667
2026-02-27 10:54:30,False,True,PI_6240319_AL,7.913333333333333
2026-02-28 06:08:00,False,True,PI_6240319_AL,11.311666666666667
2026-02-28 06:08:30,False,True,PI_6240319_AL,11.32
2026-02-28 06:09:00,False,True,PI_6240319_AL,11.328333333333333
2026-02-28 06:09:30,False,True,PI_6240319_AL,11.336666666666666
2026-02-28 06:10:00,False,True,PI_6240319_AL,11.345
2026-02-28 06:10:30,False,True,PI_6240319_AL,11.353333333333333
2026-02-28 06:11:00,False,True,PI_6240319_AL,11.361666666666666
2026-02-28 06:11:30,False,True,PI_6240319_AL,11.37
2026-02-28 06:12:00,False,True,PI_6240319_AL,11.378333333333334
2026-02-28 06:12:30,False,True,PI_6240319_AL,11.386666666666667
2026-02-28 06:13:00,False,True,PI_6240319_AL,11.395
2026-03-09 14:36:30,False,True,PAL_6240315,4.2375
2026-03-09 14:37:00,False,True,PAL_6240315,4.245833333333334
2026-03-09 14:37:30,False,True,PAL_6240315,4.254166666666666
2026-03-09 14:38:00,False,True,PAL_6240315,4.2625
2026-03-09 14:38:30,False,True,PAL_6240315,4.270833333333333
2026-03-09 14:39:00,False,True,PAL_6240315,4.279166666666667
2026-03-09 14:39:30,False,True,PAL_6240315,4.2875
2026-03-09 14:40:00,False,True,PAL_6240315,4.295833333333333
2026-03-09 14:40:30,False,True,PAL_6240315,4.304166666666666
2026-03-09 14:41:00,False,True,PAL_6240315,4.3125
2026-03-09 14:41:30,False,True,PAL_6240315,4.320833333333334
2026-03-09 14:42:00,False,True,PAL_6240315,4.329166666666667
2026-03-09 14:42:30,False,True,PAL_6240315,4.3375
2026-03-10 10:23:00,False,False,PAL_6240315,24.0125
2026-03-10 10:23:30,False,False,PAL_6240315,24.020833333333332
2026-03-10 10:24:00,False,False,PAL_6240315,24.029166666666665
2026-03-10 10:24:30,False,False,PAL_6240315,24.0375
2026-03-10 10:25:00,False,False,PAL_6240315,24.045833333333334
2026-03-10 10:25:30,False,False,PAL_6240315,24.054166666666667
2026-03-10 10:26:00,False,False,PAL_6240315,24.0625
2026-03-10 10:26:30,False,False,PAL_6240315,24.070833333333333
2026-03-10 10:27:00,False,False,PAL_6240315,24.079166666666666
2026-03-10 10:27:30,False,False,PAL_6240315,24.0875
2026-03-10 10:37:00,False,False,PAL_6240315,24.245833333333334
2026-03-10 10:37:30,False,False,PAL_6240315,24.254166666666666
2026-03-10 10:38:00,False,False,PAL_6240315,24.2625
2026-03-10 10:38:30,False,False,PAL_6240315,24.270833333333332
2026-03-10 10:39:00,False,False,PAL_6240315,24.279166666666665
2026-03-10 10:39:30,False,False,PAL_6240315,24.2875
2026-03-10 10:40:00,False,False,PAL_6240315,24.295833333333334
2026-03-10 10:40:30,False,False,PAL_6240315,24.304166666666667
2026-03-10 10:41:00,False,False,PAL_6240315,24.3125
2026-03-10 10:41:30,False,False,PAL_6240315,24.320833333333333
2026-03-10 10:42:00,False,False,PAL_6240315,24.329166666666666
2026-03-11 09:32:30,False,False,PAL_6240315,47.170833333333334
2026-03-11 09:33:00,False,False,PAL_6240315,47.17916666666667
2026-03-11 09:33:30,False,False,PAL_6240315,47.1875
2026-03-11 09:34:00,False,False,PAL_6240315,47.19583333333333
2026-03-11 09:34:30,False,False,PAL_6240315,47.204166666666666
2026-03-11 09:35:00,False,False,PAL_6240315,47.2125
2026-03-11 09:35:30,False,False,PAL_6240315,47.22083333333333
2026-03-11 09:36:00,False,False,PAL_6240315,47.229166666666664
2026-03-11 09:36:30,False,False,PAL_6240315,47.2375
2026-03-11 09:37:00,False,False,PAL_6240315,47.24583333333333
2026-03-11 09:37:30,False,False,PAL_6240315,47.25416666666667
2026-03-11 09:38:00,False,False,PAL_6240315,47.2625
2026-03-12 19:54:00,True,True,TC382_03_A,14.659722222222221
2026-03-12 19:54:30,True,True,TC382_03_A,14.651388888888889
2026-03-12 19:55:00,True,True,TC382_03_A,14.643055555555556
2026-03-12 19:55:30,True,True,TC382_03_A,14.634722222222223
2026-03-12 19:56:00,True,True,TC382_03_A,14.626388888888888
2026-03-13 10:34:00,True,True,TC382_03_A,0.006944444444444444
2026-03-13 10:34:30,True,True,TC382_03_A,0.015277777777777777
2026-03-13 10:35:00,True,True,TC382_03_A,0.02361111111111111
2026-03-13 10:35:30,True,True,TC382_03_A,0.03194444444444444
2026-03-13 10:36:00,True,True,TC382_03_A,0.04027777777777778
2026-03-13 10:36:30,True,True,TC382_03_A,0.03638888888888889
2026-03-13 10:37:00,True,True,TC382_03_A,0.028055555555555556
2026-03-13 10:37:30,True,True,TC382_03_A,0.01972222222222222
2026-03-13 10:38:00,True,True,TC382_03_A,0.01138888888888889
2026-03-13 10:38:30,True,True,TC382_03_A,0.0030555555555555557
2026-03-13 15:11:30,True,True,TC382_03_A,4.546944444444445
2026-03-13 15:12:00,True,True,TC382_03_A,4.5552777777777775
2026-03-13 15:12:30,True,True,TC382_03_A,4.563611111111111
2026-03-13 15:13:00,True,True,TC382_03_A,4.571944444444444
2026-03-13 15:13:30,True,True,TC382_03_A,4.580277777777778
2026-03-13 15:14:00,True,True,TC382_03_A,4.588611111111111
2026-03-13 15:14:30,True,True,TC382_03_A,4.5969444444444445
2026-03-13 15:15:00,True,True,TC382_03_A,4.605277777777777
2026-03-13 15:15:30,True,True,TC382_03_A,4.613611111111111
2026-03-13 15:16:00,True,True,TC382_03_A,4.621944444444445
2026-03-13 15:16:30,True,True,TC382_03_A,4.630277777777778
2026-03-13 15:17:00,True,True,TC382_03_A,4.6386111111111115
2026-03-13 15:17:30,True,True,TC382_03_A,4.646944444444444
2026-03-13 15:18:00,True,True,TC382_03_A,4.655277777777778
2026-03-13 15:18:30,True,True,TC382_03_A,4.663611111111111
2026-03-13 15:19:00,True,True,TC382_03_A,4.671944444444445
2026-03-13 18:18:00,True,True,TC382_03_A,7.655277777777778
2026-03-13 18:18:30,True,True,TC382_03_A,7.663611111111111
2026-03-13 18:19:00,True,True,TC382_03_A,7.671944444444445
2026-03-14 00:15:00,True,True,TC382_03_A,13.605277777777777
2026-03-14 00:15:30,True,True,TC382_03_A,13.613611111111112
2026-03-14 00:16:00,True,True,TC382_03_A,13.621944444444445
2026-03-14 00:16:30,True,True,TC382_03_A,13.630277777777778
2026-03-14 00:17:00,True,True,TC382_03_A,13.63861111111111
2026-03-14 00:17:30,True,True,TC382_03_A,13.646944444444445
2026-03-16 02:08:30,True,True,PAL_6240315,0.015833333333333335
2026-03-16 03:20:30,True,True,PAL_6240315,1.1841666666666666
2026-03-16 03:21:00,True,True,PAL_6240315,1.1925
2026-03-16 03:21:30,True,True,PAL_6240315,1.2008333333333334
2026-03-16 03:22:00,True,True,PAL_6240315,1.2091666666666667
2026-03-16 19:02:00,True,True,PAL_6240315,4.022777777777778
2026-03-16 19:02:30,True,True,PAL_6240315,4.0311111111111115
2026-03-16 19:03:00,True,True,PAL_6240315,4.039444444444444
2026-03-16 19:03:30,True,True,PAL_6240315,4.047777777777778
2026-03-16 19:04:00,True,True,PAL_6240315,4.056111111111111
2026-03-16 20:06:00,True,True,PAL_6240315,5.089444444444444
2026-03-16 21:15:30,True,True,PAL_6240315,6.247777777777777
2026-03-16 21:16:00,True,True,PAL_6240315,6.256111111111111
2026-03-16 21:16:30,True,True,PAL_6240315,6.264444444444444
2026-03-16 21:17:00,True,True,PAL_6240315,6.272777777777778
2026-03-16 21:17:30,True,True,PAL_6240315,6.2811111111111115
2026-03-16 21:18:00,True,True,PAL_6240315,6.289444444444444
2026-03-16 21:18:30,True,True,PAL_6240315,6.297777777777778
2026-03-16 21:19:00,True,True,PAL_6240315,6.306111111111111
2026-03-16 21:19:30,True,True,PAL_6240315,6.314444444444445
2026-03-16 21:20:00,True,True,PAL_6240315,6.322777777777778
2026-03-16 21:20:30,True,True,PAL_6240315,6.331111111111111
2026-03-16 21:21:00,True,True,PAL_6240315,6.339444444444444
2026-03-16 21:21:30,True,True,PAL_6240315,6.347777777777778
2026-03-16 21:22:00,True,True,PAL_6240315,6.356111111111111
2026-03-16 21:22:30,True,True,PAL_6240315,6.364444444444445
2026-03-16 21:23:00,True,True,PAL_6240315,6.372777777777777
2026-03-16 21:23:30,True,True,PAL_6240315,6.381111111111111
2026-03-17 11:14:00,True,True,PAL_6240315,20.22277777777778
2026-03-17 11:14:30,True,True,PAL_6240315,20.23111111111111
2026-03-17 18:50:30,False,False,PAL_6240315,27.83111111111111
2026-03-17 18:51:00,False,False,PAL_6240315,27.839444444444446
2026-03-17 18:51:30,False,False,PAL_6240315,27.84777777777778
2026-03-17 18:52:00,False,False,PAL_6240315,27.85611111111111
2026-03-17 18:52:30,False,False,PAL_6240315,27.864444444444445
2026-03-17 18:53:00,False,False,PAL_6240315,27.872777777777777
2026-03-17 18:53:30,False,False,PAL_6240315,27.88111111111111
2026-03-17 18:54:00,False,False,PAL_6240315,27.889444444444443
2026-03-17 18:54:30,False,False,PAL_6240315,27.897777777777776
2026-03-17 18:55:00,False,False,PAL_6240315,27.906111111111112
2026-03-18 08:15:00,False,False,PAL_6240315,24.69611111111111
2026-03-20 14:08:30,False,False,PAL_6240315,29.195555555555554
2026-03-20 14:09:00,False,False,PAL_6240315,29.20388888888889
2026-03-20 14:09:30,False,False,PAL_6240315,29.212222222222223
2026-03-20 14:10:00,False,False,PAL_6240315,29.220555555555556
2026-03-20 14:10:30,False,False,PAL_6240315,29.22888888888889
2026-03-20 14:11:00,False,False,PAL_6240315,29.237222222222222
2026-03-20 14:11:30,False,False,PAL_6240315,29.245555555555555
2026-03-23 21:39:00,False,False,PAL_6240315,35.386944444444445
2026-03-23 21:39:30,False,False,PAL_6240315,35.37861111111111
2026-03-23 21:40:00,False,False,PAL_6240315,35.37027777777778
2026-03-23 21:40:30,False,False,PAL_6240315,35.36194444444445
2026-03-23 21:41:00,False,False,PAL_6240315,35.353611111111114
2026-03-23 21:41:30,False,False,PAL_6240315,35.34527777777778
2026-03-23 21:42:00,False,False,PAL_6240315,35.33694444444444
2026-03-23 21:42:30,False,False,PAL_6240315,35.32861111111111
2026-03-23 21:43:00,False,False,PAL_6240315,35.320277777777775
2026-03-25 19:01:00,True,True,TC382_03_A,8.250277777777777
2026-03-25 19:01:30,True,True,TC382_03_A,8.258611111111112
2026-03-25 19:02:00,True,True,TC382_03_A,8.266944444444444
2026-03-25 19:02:30,True,True,TC382_03_A,8.275277777777777
2026-03-25 19:03:00,True,True,TC382_03_A,8.283611111111112
2026-03-25 19:03:30,True,True,TC382_03_A,8.291944444444445
2026-03-25 19:04:00,True,True,TC382_03_A,8.300277777777778
2026-03-25 19:04:30,True,True,TC382_03_A,8.30861111111111
2026-03-25 19:05:00,True,True,TC382_03_A,8.316944444444445
2026-03-25 19:05:30,True,True,TC382_03_A,8.325277777777778
2026-03-25 19:06:00,True,True,TC382_03_A,8.33361111111111
2026-03-25 19:06:30,True,True,TC382_03_A,8.341944444444444
2026-03-27 06:50:00,False,False,TC382_03_A,44.066944444444445
2026-03-27 06:50:30,False,False,TC382_03_A,44.07527777777778
2026-03-27 06:51:00,False,False,TC382_03_A,44.08361111111111
2026-03-27 06:51:30,False,False,TC382_03_A,44.091944444444444
2026-03-27 06:52:00,False,False,TC382_03_A,44.10027777777778
2026-03-27 06:52:30,False,False,TC382_03_A,44.10861111111111
2026-03-27 06:53:00,False,False,TC382_03_A,44.11694444444444
2026-03-27 06:53:30,False,False,TC382_03_A,44.125277777777775
2026-03-27 06:54:00,False,False,TC382_03_A,44.13361111111111
2026-03-27 06:54:30,False,False,TC382_03_A,44.14194444444445
2026-03-27 06:55:00,False,False,TC382_03_A,44.15027777777778
2026-03-27 21:23:00,False,False,PDAL_6240302,41.00111111111111
2026-03-29 10:28:30,False,True,PDAL_6240302,3.9094444444444445
2026-03-29 10:29:00,False,True,PDAL_6240302,3.901111111111111
2026-03-29 10:29:30,False,True,PDAL_6240302,3.892777777777778
2026-03-29 10:30:00,False,True,PDAL_6240302,3.8844444444444446
2026-03-29 10:30:30,False,True,PDAL_6240302,3.8761111111111113
2026-03-29 10:31:00,False,True,PDAL_6240302,3.867777777777778
2026-03-29 10:31:30,False,True,PDAL_6240302,3.8594444444444442
2026-03-29 10:32:00,False,True,PDAL_6240302,3.851111111111111
2026-03-29 10:32:30,False,True,PDAL_6240302,3.8427777777777776
2026-03-29 10:33:00,False,True,PDAL_6240302,3.8344444444444443
2026-04-08 07:39:30,True,True,PDAL_6240302,1.8097222222222222
2026-04-08 07:40:00,True,True,PDAL_6240302,1.8180555555555555
2026-04-08 09:45:00,True,True,TC382_03_A,3.6005555555555557
2026-04-08 09:45:30,True,True,TC382_03_A,3.5922222222222224
2026-04-08 09:46:00,True,True,TC382_03_A,3.5838888888888887
2026-04-08 09:46:30,True,True,TC382_03_A,3.5755555555555554
2026-04-08 09:47:00,True,True,TC382_03_A,3.567222222222222
2026-04-08 09:47:30,True,True,TC382_03_A,3.5588888888888888
2026-04-08 09:48:00,True,True,TC382_03_A,3.5505555555555555
2026-04-08 09:48:30,True,True,TC382_03_A,3.542222222222222
2026-04-08 09:49:00,True,True,TC382_03_A,3.533888888888889
2026-04-08 09:49:30,True,True,TC382_03_A,3.5255555555555556
2026-04-08 09:50:00,True,True,TC382_03_A,3.5172222222222222
2026-04-08 09:50:30,True,True,TC382_03_A,3.508888888888889
2026-04-08 09:51:00,True,True,TC382_03_A,3.5005555555555556
2026-04-08 13:21:00,True,True,TC382_03_A,0.0005555555555555556
2026-04-08 13:21:30,True,True,TC382_03_A,0.0077777777777777776
2026-04-08 13:22:00,True,True,TC382_03_A,0.01611111111111111
2026-04-08 13:22:30,True,True,TC382_03_A,0.024444444444444446
2026-04-08 13:23:00,True,True,TC382_03_A,0.03277777777777778
2026-04-08 13:23:30,True,True,TC382_03_A,0.04111111111111111
2026-04-08 13:24:00,True,True,TC382_03_A,0.049444444444444444
2026-04-08 13:24:30,True,True,TC382_03_A,0.057777777777777775
2026-04-08 13:25:00,True,True,TC382_03_A,0.0661111111111111
2026-04-08 13:25:30,True,True,TC382_03_A,0.07444444444444444
2026-04-08 13:26:00,True,True,TC382_03_A,0.08277777777777778
2026-04-08 13:26:30,True,True,TC382_03_A,0.09111111111111111
2026-04-08 13:27:00,True,True,TC382_03_A,0.09944444444444445
2026-04-08 13:27:30,True,True,TC382_03_A,0.10777777777777778
2026-04-08 13:28:00,True,True,TC382_03_A,0.11611111111111111
2026-04-08 13:28:30,True,True,TC382_03_A,0.12444444444444444
2026-04-08 13:29:00,True,True,TC382_03_A,0.13277777777777777
2026-04-08 13:29:30,True,True,TC382_03_A,0.1411111111111111
2026-04-08 15:07:30,True,True,TC382_03_A,1.7744444444444445
2026-04-08 15:08:00,True,True,TC382_03_A,1.7827777777777778
2026-04-08 15:08:30,True,True,TC382_03_A,1.791111111111111
2026-04-08 15:09:00,True,True,TC382_03_A,1.7994444444444444
2026-04-08 15:09:30,True,True,TC382_03_A,1.8077777777777777
2026-04-08 15:10:00,True,True,TC382_03_A,1.816111111111111
2026-04-08 15:10:30,True,True,TC382_03_A,1.8244444444444445
2026-04-08 15:11:00,True,True,TC382_03_A,1.8327777777777778
2026-04-08 15:11:30,True,True,TC382_03_A,1.8411111111111111
2026-04-08 15:12:00,True,True,TC382_03_A,1.8494444444444444
2026-04-08 15:12:30,True,True,TC382_03_A,1.8577777777777778
2026-04-08 21:30:00,True,True,TC382_03_A,0.0008333333333333334
2026-04-08 21:30:30,True,True,TC382_03_A,0.009166666666666667
2026-04-08 21:31:00,True,True,TC382_03_A,0.0175
2026-04-08 21:31:30,True,True,TC382_03_A,0.025833333333333333
2026-04-08 21:32:00,True,True,TC382_03_A,0.034166666666666665
2026-04-08 21:32:30,True,True,TC382_03_A,0.0425
2026-04-08 21:33:00,True,True,TC382_03_A,0.050833333333333335
2026-04-08 21:33:30,True,True,TC382_03_A,0.059166666666666666
2026-04-08 21:34:00,True,True,TC382_03_A,0.0675
2026-04-08 21:34:30,True,True,TC382_03_A,0.07583333333333334
2026-04-08 21:35:00,True,True,TC382_03_A,0.08416666666666667
2026-04-08 21:35:30,True,True,TC382_03_A,0.0925
2026-04-08 21:36:00,True,True,TC382_03_A,0.10083333333333333
2026-04-08 21:36:30,True,True,TC382_03_A,0.10916666666666666
2026-04-08 21:37:00,True,True,TC382_03_A,0.1175
2026-04-08 21:37:30,True,True,TC382_03_A,0.12583333333333332
2026-04-08 21:38:00,True,True,TC382_03_A,0.13416666666666666
2026-04-08 21:38:30,True,True,TC382_03_A,0.1425
2026-04-08 21:39:00,True,True,TC382_03_A,0.15083333333333335
2026-04-08 21:39:30,True,True,TC382_03_A,0.15916666666666668
2026-04-08 21:40:00,True,True,TC382_03_A,0.1675
2026-04-08 21:40:30,True,True,TC382_03_A,0.17583333333333334
2026-04-08 21:41:00,True,True,TC382_03_A,0.18416666666666667
2026-04-08 21:41:30,True,True,TC382_03_A,0.1925
2026-04-08 21:42:00,True,True,TC382_03_A,0.1897222222222222
2026-04-08 23:33:30,True,True,TC382_03_A,1.666388888888889
2026-04-08 23:34:00,True,True,TC382_03_A,1.6747222222222222
2026-04-08 23:34:30,True,True,TC382_03_A,1.6830555555555555
2026-04-08 23:35:00,True,True,TC382_03_A,1.6913888888888888
2026-04-08 23:35:30,True,True,TC382_03_A,1.6997222222222221
2026-04-08 23:36:00,True,True,TC382_03_A,1.7080555555555557
2026-04-08 23:36:30,True,True,TC382_03_A,1.716388888888889
2026-04-08 23:37:00,True,True,TC382_03_A,1.7247222222222223
2026-04-08 23:37:30,True,True,TC382_03_A,1.7330555555555556
2026-04-08 23:38:00,True,True,TC382_03_A,1.7413888888888889
2026-04-10 23:03:00,False,False,TC382_03_A,49.158055555555556
2026-04-10 23:03:30,False,False,TC382_03_A,49.16638888888889
2026-04-10 23:04:00,False,False,TC382_03_A,49.17472222222222
2026-04-10 23:04:30,False,False,TC382_03_A,49.183055555555555
2026-04-10 23:05:00,False,False,TC382_03_A,49.19138888888889
2026-04-10 23:05:30,False,False,TC382_03_A,49.19972222222222
2026-04-10 23:06:00,False,False,TC382_03_A,49.20805555555555
2026-04-10 23:06:30,False,False,TC382_03_A,49.216388888888886
2026-04-10 23:07:00,False,False,TC382_03_A,49.22472222222222
2026-04-10 23:07:30,False,False,TC382_03_A,49.23305555555555
2026-04-10 23:08:00,False,False,TC382_03_A,49.24138888888889
2026-04-10 23:08:30,False,False,TC382_03_A,49.249722222222225
2026-04-10 23:09:00,False,False,TC382_03_A,49.25805555555556
2026-04-11 08:57:00,False,False,TC382_03_A,59.058055555555555
2026-04-11 08:57:30,False,False,TC382_03_A,59.06638888888889
2026-04-11 08:58:00,False,False,TC382_03_A,59.07472222222222
2026-04-11 08:58:30,False,False,TC382_03_A,59.08305555555555
2026-04-11 08:59:00,False,False,TC382_03_A,59.091388888888886
2026-04-11 08:59:30,False,False,TC382_03_A,59.09972222222222
2026-04-11 09:00:00,False,False,TC382_03_A,59.10805555555555
2026-04-11 09:00:30,False,False,TC382_03_A,59.11638888888889
2026-04-11 09:01:00,False,False,TC382_03_A,59.124722222222225
2026-04-11 09:01:30,False,False,TC382_03_A,59.13305555555556
2026-04-11 10:20:30,False,False,TC382_03_A,60.44972222222222
2026-04-11 10:21:00,False,False,TC382_03_A,60.45805555555555
2026-04-11 10:21:30,False,False,TC382_03_A,60.466388888888886
2026-04-11 10:22:00,False,False,TC382_03_A,60.47472222222222
2026-04-11 10:22:30,False,False,TC382_03_A,60.48305555555555
2026-04-11 10:23:00,False,False,TC382_03_A,60.49138888888889
2026-04-11 10:23:30,False,False,TC382_03_A,60.499722222222225
2026-04-11 10:24:00,False,False,TC382_03_A,60.50805555555556
2026-04-11 10:24:30,False,False,TC382_03_A,60.51638888888889
2026-04-11 10:25:00,False,False,TC382_03_A,60.52472222222222
2026-04-12 17:33:30,False,False,TC382_03_A,30.654722222222222
2026-04-12 17:34:00,False,False,TC382_03_A,30.64638888888889
2026-04-12 17:34:30,False,False,TC382_03_A,30.638055555555557
2026-04-12 17:35:00,False,False,TC382_03_A,30.629722222222224
2026-04-12 17:35:30,False,False,TC382_03_A,30.621388888888887
2026-04-12 17:36:00,False,False,TC382_03_A,30.613055555555555
2026-04-12 17:36:30,False,False,TC382_03_A,30.60472222222222
2026-04-12 17:37:00,False,False,TC382_03_A,30.59638888888889
2026-04-12 17:37:30,False,False,TC382_03_A,30.588055555555556
2026-04-12 17:38:00,False,False,TC382_03_A,30.579722222222223
2026-04-12 17:38:30,False,False,TC382_03_A,30.57138888888889
2026-04-13 20:10:00,True,True,TC382_03_A,4.046388888888889
2026-04-13 20:10:30,True,True,TC382_03_A,4.038055555555555
2026-04-13 20:11:00,True,True,TC382_03_A,4.029722222222222
2026-04-13 20:11:30,True,True,TC382_03_A,4.021388888888889
2026-04-13 20:12:00,True,True,TC382_03_A,4.013055555555556
2026-04-13 20:12:30,True,True,TC382_03_A,4.004722222222222
2026-04-13 20:13:00,True,True,TC382_03_A,3.9963888888888888
2026-04-13 20:13:30,True,True,TC382_03_A,3.9880555555555555
2026-04-13 20:14:00,True,True,TC382_03_A,3.979722222222222
2026-04-13 20:14:30,True,True,TC382_03_A,3.971388888888889
2026-04-13 22:22:30,True,True,TC382_03_A,1.8380555555555556
2026-04-13 22:23:00,True,True,TC382_03_A,1.8297222222222222
2026-04-13 22:23:30,True,True,TC382_03_A,1.821388888888889
2026-04-13 22:24:00,True,True,TC382_03_A,1.8130555555555556
2026-04-13 22:24:30,True,True,TC382_03_A,1.8047222222222221
2026-04-13 22:25:00,True,True,TC382_03_A,1.7963888888888888
2026-04-15 14:37:30,True,True,PDAL_6240302,0.014722222222222222
2026-04-15 14:38:00,True,True,PDAL_6240302,0.006388888888888889
2026-04-15 14:38:30,True,True,PDAL_6240302,0.0019444444444444444
2026-04-15 16:02:00,True,True,PAL_6240315,1.07
2026-04-15 16:02:30,True,True,PAL_6240315,1.0783333333333334
2026-04-15 16:03:00,True,True,PAL_6240315,1.0866666666666667
2026-04-15 16:03:30,True,True,PAL_6240315,1.095
2026-04-15 16:04:00,True,True,PAL_6240315,1.1033333333333333
2026-04-15 16:04:30,True,True,PAL_6240315,1.1116666666666666
2026-04-15 16:05:00,True,True,PAL_6240315,1.12
2026-04-15 16:05:30,True,True,PAL_6240315,1.1283333333333334
2026-04-15 16:06:00,True,True,PAL_6240315,1.1366666666666667
2026-04-15 16:06:30,True,True,PAL_6240315,1.145
2026-04-15 16:07:00,True,True,PAL_6240315,1.1533333333333333
2026-04-15 16:07:30,True,True,PAL_6240315,1.1616666666666666
2026-04-15 16:08:00,True,True,PAL_6240315,1.17
2026-04-15 16:08:30,True,True,PAL_6240315,1.1783333333333332
2026-04-15 16:09:00,True,True,PAL_6240315,1.1866666666666668
2026-04-15 16:09:30,True,True,PAL_6240315,1.195
2026-04-15 16:10:00,True,True,PAL_6240315,1.2033333333333334
2026-04-15 16:10:30,True,True,PAL_6240315,1.2116666666666667
2026-04-15 16:11:00,True,True,PAL_6240315,1.22
2026-04-15 16:11:30,True,True,PAL_6240315,1.2283333333333333
2026-04-15 16:12:00,True,True,PAL_6240315,1.2366666666666666
2026-04-15 16:12:30,True,True,PAL_6240315,1.245
2026-04-15 16:13:00,True,True,PAL_6240315,1.2533333333333334
2026-04-15 16:13:30,True,True,PAL_6240315,1.2616666666666667
2026-04-15 16:14:00,True,True,PAL_6240315,1.27
2026-04-15 16:14:30,True,True,PAL_6240315,1.2783333333333333
2026-04-15 16:15:00,True,True,PAL_6240315,1.2866666666666666
2026-04-15 16:15:30,True,True,PAL_6240315,1.295
2026-04-15 16:16:00,True,True,PAL_6240315,1.3033333333333332
2026-04-15 16:16:30,True,True,PAL_6240315,1.3116666666666668
2026-04-15 16:17:00,True,True,PAL_6240315,1.32
2026-04-15 16:17:30,True,True,PAL_6240315,1.3283333333333334
2026-04-15 16:18:00,True,True,PAL_6240315,1.3366666666666667
2026-04-15 16:18:30,True,True,PAL_6240315,1.345
2026-04-15 16:19:00,True,True,PAL_6240315,1.3533333333333333
2026-04-15 16:19:30,True,True,PAL_6240315,1.3616666666666666
2026-04-15 16:20:00,True,True,PAL_6240315,1.37
2026-04-15 16:20:30,True,True,PAL_6240315,1.3783333333333334
2026-04-15 16:21:00,True,True,PAL_6240315,1.3866666666666667
2026-04-15 16:21:30,True,True,PAL_6240315,1.395
2026-04-15 16:22:00,True,True,PAL_6240315,1.4033333333333333
2026-04-15 16:22:30,True,True,PAL_6240315,1.4116666666666666
2026-04-15 16:23:00,True,True,PAL_6240315,1.42
2026-04-15 16:23:30,True,True,PAL_6240315,1.4283333333333332
2026-04-15 16:24:00,True,True,PAL_6240315,1.4366666666666668
2026-04-15 16:24:30,True,True,PAL_6240315,1.445
2026-04-15 16:25:00,True,True,PAL_6240315,1.4533333333333334
2026-04-15 16:25:30,True,True,PAL_6240315,1.4616666666666667
2026-04-15 16:26:00,True,True,PAL_6240315,1.47
2026-04-15 16:26:30,True,True,PAL_6240315,1.4783333333333333
2026-04-15 16:27:00,True,True,PAL_6240315,1.4866666666666666
2026-04-15 16:27:30,True,True,PAL_6240315,1.495
2026-04-15 16:28:00,True,True,PAL_6240315,1.5033333333333334
2026-04-15 16:28:30,True,True,PAL_6240315,1.5116666666666667
2026-04-15 16:29:00,True,True,PAL_6240315,1.52
2026-04-15 16:29:30,True,True,PAL_6240315,1.5283333333333333
2026-04-15 16:30:00,True,True,PAL_6240315,1.5366666666666666
2026-04-15 16:30:30,True,True,PAL_6240315,1.545
2026-04-15 16:31:00,True,True,PAL_6240315,1.5533333333333332
2026-04-15 16:31:30,True,True,PAL_6240315,1.5616666666666668
2026-04-15 16:32:00,True,True,PAL_6240315,1.57
2026-04-15 16:32:30,True,True,PAL_6240315,1.5783333333333334
2026-04-15 16:33:00,True,True,PAL_6240315,1.5866666666666667
2026-04-15 16:33:30,True,True,PAL_6240315,1.595
2026-04-15 16:34:00,True,True,PAL_6240315,1.6033333333333333
2026-04-15 16:34:30,True,True,PAL_6240315,1.6116666666666666
2026-04-15 16:35:00,True,True,PAL_6240315,1.62
2026-04-15 16:35:30,True,True,PAL_6240315,1.6283333333333334
2026-04-15 16:36:00,True,True,PAL_6240315,1.6366666666666667
2026-04-15 16:36:30,True,True,PAL_6240315,1.645
2026-04-15 16:37:00,True,True,PAL_6240315,1.6533333333333333
2026-04-15 16:37:30,True,True,PAL_6240315,1.6616666666666666
2026-04-15 16:38:00,True,True,PAL_6240315,1.67
2026-04-15 16:38:30,True,True,PAL_6240315,1.6783333333333332
2026-04-15 16:39:00,True,True,PAL_6240315,1.6866666666666668
2026-04-15 16:39:30,True,True,PAL_6240315,1.695
2026-04-15 16:40:00,True,True,PAL_6240315,1.7033333333333334
2026-04-15 16:40:30,True,True,PAL_6240315,1.7116666666666667
2026-04-15 16:41:00,True,True,PAL_6240315,1.72
2026-04-15 16:41:30,True,True,PAL_6240315,1.7283333333333333
2026-04-15 16:42:00,True,True,PAL_6240315,1.7366666666666666
2026-04-15 16:42:30,True,True,PAL_6240315,1.745
2026-04-15 16:43:00,True,True,PAL_6240315,1.7533333333333334
2026-04-15 16:43:30,True,True,PAL_6240315,1.7616666666666667
2026-04-15 16:44:00,True,True,PAL_6240315,1.77
2026-04-15 16:44:30,True,True,PAL_6240315,1.7783333333333333
2026-04-15 16:45:00,True,True,PAL_6240315,1.7866666666666666
2026-04-15 16:45:30,True,True,PAL_6240315,1.795
2026-04-15 16:46:00,True,True,PAL_6240315,1.8033333333333332
2026-04-15 16:46:30,True,True,PAL_6240315,1.8116666666666668
2026-04-15 16:47:00,True,True,PAL_6240315,1.82
2026-04-15 16:47:30,True,True,PAL_6240315,1.8283333333333334
2026-04-15 16:48:00,True,True,PAL_6240315,1.8366666666666667
2026-04-15 16:48:30,True,True,PAL_6240315,1.845
2026-04-15 16:49:00,True,True,PAL_6240315,1.8533333333333333
2026-04-15 16:49:30,True,True,PAL_6240315,1.8616666666666666
2026-04-15 16:50:00,True,True,PAL_6240315,1.87
2026-04-15 16:50:30,True,True,PAL_6240315,1.8783333333333334
2026-04-15 16:51:00,True,True,PAL_6240315,1.8866666666666667
2026-04-15 16:51:30,True,True,PAL_6240315,1.895
2026-04-15 16:52:00,True,True,PAL_6240315,1.9033333333333333
2026-04-15 16:52:30,True,True,PAL_6240315,1.9116666666666666
2026-04-15 16:53:00,True,True,PAL_6240315,1.92
2026-04-15 16:53:30,True,True,PAL_6240315,1.9283333333333332
2026-04-15 16:54:00,True,True,PAL_6240315,1.9366666666666668
2026-04-15 16:54:30,True,True,PAL_6240315,1.945
2026-04-15 16:55:00,True,True,PAL_6240315,1.9533333333333334
2026-04-15 16:55:30,True,True,PAL_6240315,1.9616666666666667
2026-04-15 16:56:00,True,True,PAL_6240315,1.97
2026-04-15 16:56:30,True,True,PAL_6240315,1.9783333333333333
2026-04-15 16:57:00,True,True,PAL_6240315,1.9866666666666666
2026-04-15 16:57:30,True,True,PAL_6240315,1.995
2026-04-15 16:58:00,True,True,PAL_6240315,2.0033333333333334
2026-04-15 16:58:30,True,True,PAL_6240315,2.0116666666666667
2026-04-15 16:59:00,True,True,PAL_6240315,2.02
2026-04-15 16:59:30,True,True,PAL_6240315,2.0283333333333333
2026-04-15 17:00:00,True,True,PAL_6240315,2.0366666666666666
2026-04-15 17:00:30,True,True,PAL_6240315,2.045
2026-04-15 17:01:00,True,True,PAL_6240315,2.0533333333333332
2026-04-15 17:01:30,True,True,PAL_6240315,2.0616666666666665
2026-04-15 17:02:00,True,True,PAL_6240315,2.07
2026-04-15 17:02:30,True,True,PAL_6240315,2.078333333333333
2026-04-15 17:03:00,True,True,PAL_6240315,2.0866666666666664
2026-04-15 17:03:30,True,True,PAL_6240315,2.095
2026-04-15 17:04:00,True,True,PAL_6240315,2.1033333333333335
2026-04-15 17:04:30,True,True,PAL_6240315,2.111666666666667
2026-04-15 17:05:00,True,True,PAL_6240315,2.12
2026-04-15 17:05:30,True,True,PAL_6240315,2.1283333333333334
2026-04-15 17:06:00,True,True,PAL_6240315,2.1366666666666667
2026-04-15 17:06:30,True,True,PAL_6240315,2.145
2026-04-15 17:07:00,True,True,PAL_6240315,2.1533333333333333
2026-04-15 17:07:30,True,True,PAL_6240315,2.1616666666666666
2026-04-15 17:08:00,True,True,PAL_6240315,2.17
2026-04-15 17:08:30,True,True,PAL_6240315,2.1783333333333332
2026-04-15 17:09:00,True,True,PAL_6240315,2.1866666666666665
2026-04-15 17:09:30,True,True,PAL_6240315,2.195
2026-04-15 17:10:00,True,True,PAL_6240315,2.203333333333333
2026-04-15 17:10:30,True,True,PAL_6240315,2.2116666666666664
2026-04-15 17:11:00,True,True,PAL_6240315,2.22
2026-04-15 17:11:30,True,True,PAL_6240315,2.2283333333333335
2026-04-15 17:12:00,True,True,PAL_6240315,2.236666666666667
2026-04-15 17:12:30,True,True,PAL_6240315,2.245
2026-04-15 17:13:00,True,True,PAL_6240315,2.2533333333333334
2026-04-15 17:13:30,True,True,PAL_6240315,2.2616666666666667
2026-04-15 17:14:00,True,True,PAL_6240315,2.27
2026-04-15 17:14:30,True,True,PAL_6240315,2.2783333333333333
2026-04-15 17:15:00,True,True,PAL_6240315,2.2866666666666666
2026-04-15 17:15:30,True,True,PAL_6240315,2.295
2026-04-15 17:16:00,True,True,PAL_6240315,2.3033333333333332
2026-04-15 17:16:30,True,True,PAL_6240315,2.3116666666666665
2026-04-15 17:17:00,True,True,PAL_6240315,2.32
2026-04-15 17:17:30,True,True,PAL_6240315,2.328333333333333
2026-04-15 17:18:00,True,True,PAL_6240315,2.3366666666666664
2026-04-15 17:18:30,True,True,PAL_6240315,2.345
2026-04-15 17:19:00,True,True,PAL_6240315,2.3533333333333335
2026-04-15 17:19:30,True,True,PAL_6240315,2.361666666666667
2026-04-15 17:20:00,True,True,PAL_6240315,2.37
2026-04-15 17:20:30,True,True,PAL_6240315,2.3783333333333334
2026-04-15 17:21:00,True,True,PAL_6240315,2.3866666666666667
2026-04-15 17:21:30,True,True,PAL_6240315,2.395
2026-04-15 17:22:00,True,True,PAL_6240315,2.4033333333333333
2026-04-15 17:22:30,True,True,PAL_6240315,2.4116666666666666
2026-04-15 17:23:00,True,True,PAL_6240315,2.42
2026-04-15 17:23:30,True,True,PAL_6240315,2.4283333333333332
2026-04-15 17:24:00,True,True,PAL_6240315,2.4366666666666665
2026-04-15 17:24:30,True,True,PAL_6240315,2.445
2026-04-15 17:25:00,True,True,PAL_6240315,2.453333333333333
2026-04-15 17:25:30,True,True,PAL_6240315,2.4616666666666664
2026-04-15 17:26:00,True,True,PAL_6240315,2.47
2026-04-15 17:26:30,True,True,PAL_6240315,2.4783333333333335
2026-04-15 17:27:00,True,True,PAL_6240315,2.486666666666667
2026-04-15 17:27:30,True,True,PAL_6240315,2.495
2026-04-15 17:28:00,True,True,PAL_6240315,2.5033333333333334
2026-04-15 17:28:30,True,True,PAL_6240315,2.5116666666666667
2026-04-15 17:29:00,True,True,PAL_6240315,2.52
2026-04-15 17:29:30,True,True,PAL_6240315,2.5283333333333333
2026-04-15 17:30:00,True,True,PAL_6240315,2.5366666666666666
2026-04-15 17:30:30,True,True,PAL_6240315,2.545
2026-04-15 17:31:00,True,True,PAL_6240315,2.5533333333333332
2026-04-15 17:31:30,True,True,PAL_6240315,2.5616666666666665
2026-04-15 17:32:00,True,True,PAL_6240315,2.57
2026-04-15 17:32:30,True,True,PAL_6240315,2.578333333333333
2026-04-15 17:33:00,True,True,PAL_6240315,2.5866666666666664
2026-04-15 17:33:30,True,True,PAL_6240315,2.595
2026-04-15 17:34:00,True,True,PAL_6240315,2.6033333333333335
2026-04-15 17:34:30,True,True,PAL_6240315,2.611666666666667
2026-04-15 17:35:00,True,True,PAL_6240315,2.62
2026-04-15 17:35:30,True,True,PAL_6240315,2.6283333333333334
2026-04-15 17:36:00,True,True,PAL_6240315,2.6366666666666667
2026-04-15 17:36:30,True,True,PAL_6240315,2.645
2026-04-15 17:37:00,True,True,PAL_6240315,2.6533333333333333
2026-04-15 17:37:30,True,True,PAL_6240315,2.6616666666666666
2026-04-15 17:38:00,True,True,PAL_6240315,2.67
2026-04-15 17:38:30,True,True,PAL_6240315,2.6783333333333332
2026-04-15 17:39:00,True,True,PAL_6240315,2.6866666666666665
2026-04-15 17:39:30,True,True,PAL_6240315,2.695
2026-04-15 17:40:00,True,True,PAL_6240315,2.703333333333333
2026-04-15 17:40:30,True,True,PAL_6240315,2.7116666666666664
2026-04-15 17:41:00,True,True,PAL_6240315,2.72
2026-04-15 17:41:30,True,True,PAL_6240315,2.7283333333333335
2026-04-15 17:42:00,True,True,PAL_6240315,2.736666666666667
2026-04-15 17:42:30,True,True,PAL_6240315,2.745
2026-04-15 17:43:00,True,True,PAL_6240315,2.7533333333333334
2026-04-15 17:43:30,True,True,PAL_6240315,2.7616666666666667
2026-04-15 17:44:00,True,True,PAL_6240315,2.77
2026-04-15 17:44:30,True,True,PAL_6240315,2.7783333333333333
2026-04-15 17:45:00,True,True,PAL_6240315,2.7866666666666666
2026-04-15 17:45:30,True,True,PAL_6240315,2.795
2026-04-15 17:46:00,True,True,PAL_6240315,2.8033333333333332
2026-04-15 17:46:30,True,True,PAL_6240315,2.8116666666666665
2026-04-15 17:47:00,True,True,PAL_6240315,2.82
2026-04-15 17:47:30,True,True,PAL_6240315,2.828333333333333
2026-04-15 17:48:00,True,True,PAL_6240315,2.8366666666666664
2026-04-15 17:48:30,True,True,PAL_6240315,2.845
2026-04-15 17:49:00,True,True,PAL_6240315,2.8533333333333335
2026-04-15 17:49:30,True,True,PAL_6240315,2.861666666666667
2026-04-15 17:50:00,True,True,PAL_6240315,2.87
2026-04-15 17:50:30,True,True,PAL_6240315,2.8783333333333334
2026-04-15 17:51:00,True,True,PAL_6240315,2.8866666666666667
2026-04-15 17:51:30,True,True,PAL_6240315,2.895
2026-04-15 17:52:00,True,True,PAL_6240315,2.9033333333333333
2026-04-15 17:52:30,True,True,PAL_6240315,2.9116666666666666
2026-04-15 17:53:00,True,True,PAL_6240315,2.92
2026-04-15 17:53:30,True,True,PAL_6240315,2.9283333333333332
2026-04-15 17:54:00,True,True,PAL_6240315,2.9366666666666665
2026-04-15 17:54:30,True,True,PAL_6240315,2.945
2026-04-15 17:55:00,True,True,PAL_6240315,2.953333333333333
2026-04-15 17:55:30,True,True,PAL_6240315,2.9616666666666664
2026-04-15 17:56:00,True,True,PAL_6240315,2.97
2026-04-15 17:56:30,True,True,PAL_6240315,2.9783333333333335
2026-04-15 17:57:00,True,True,PAL_6240315,2.986666666666667
2026-04-15 17:57:30,True,True,PAL_6240315,2.995
2026-04-15 17:58:00,True,True,PAL_6240315,3.0033333333333334
2026-04-15 17:58:30,True,True,PAL_6240315,3.0116666666666667
2026-04-15 17:59:00,True,True,PAL_6240315,3.02
2026-04-15 17:59:30,True,True,PAL_6240315,3.0283333333333333
2026-04-15 18:00:00,True,True,PAL_6240315,3.0366666666666666
2026-04-15 18:00:30,True,True,PAL_6240315,3.045
2026-04-15 18:01:00,True,True,PAL_6240315,3.0533333333333332
2026-04-15 18:01:30,True,True,PAL_6240315,3.0616666666666665
2026-04-15 18:02:00,True,True,PAL_6240315,3.07
2026-04-15 18:02:30,True,True,PAL_6240315,3.078333333333333
2026-04-15 18:03:00,True,True,PAL_6240315,3.0866666666666664
2026-04-15 18:03:30,True,True,PAL_6240315,3.095
2026-04-15 18:04:00,True,True,PAL_6240315,3.1033333333333335
2026-04-15 18:04:30,True,True,PAL_6240315,3.111666666666667
2026-04-15 18:05:00,True,True,PAL_6240315,3.12
2026-04-15 18:05:30,True,True,PAL_6240315,3.1283333333333334
2026-04-15 18:06:00,True,True,PAL_6240315,3.1366666666666667
2026-04-15 18:06:30,True,True,PAL_6240315,3.145
2026-04-15 18:07:00,True,True,PAL_6240315,3.1533333333333333
2026-04-15 18:07:30,True,True,PAL_6240315,3.1616666666666666
2026-04-15 18:08:00,True,True,PAL_6240315,3.17
2026-04-15 18:08:30,True,True,PAL_6240315,3.1783333333333332
2026-04-15 18:09:00,True,True,PAL_6240315,3.1866666666666665
2026-04-15 18:09:30,True,True,PAL_6240315,3.195
2026-04-15 18:10:00,True,True,PAL_6240315,3.203333333333333
2026-04-15 18:10:30,True,True,PAL_6240315,3.2116666666666664
2026-04-15 18:11:00,True,True,PAL_6240315,3.22
2026-04-15 18:11:30,True,True,PAL_6240315,3.2283333333333335
2026-04-15 18:12:00,True,True,PAL_6240315,3.236666666666667
2026-04-15 18:12:30,True,True,PAL_6240315,3.245
2026-04-15 18:13:00,True,True,PAL_6240315,3.2533333333333334
2026-04-15 18:13:30,True,True,PAL_6240315,3.2616666666666667
2026-04-15 18:14:00,True,True,PAL_6240315,3.27
2026-04-15 18:14:30,True,True,PAL_6240315,3.2783333333333333
2026-04-15 18:15:00,True,True,PAL_6240315,3.2866666666666666
2026-04-15 18:15:30,True,True,PAL_6240315,3.295
2026-04-15 18:16:00,True,True,PAL_6240315,3.3033333333333332
2026-04-15 18:16:30,True,True,PAL_6240315,3.3116666666666665
2026-04-15 18:17:00,True,True,PAL_6240315,3.32
2026-04-15 18:17:30,True,True,PAL_6240315,3.328333333333333
2026-04-15 18:18:00,True,True,PAL_6240315,3.3366666666666664
2026-04-15 18:18:30,True,True,PAL_6240315,3.345
2026-04-15 18:19:00,True,True,PAL_6240315,3.3533333333333335
2026-04-15 18:19:30,True,True,PAL_6240315,3.361666666666667
2026-04-15 18:20:00,True,True,PAL_6240315,3.37
2026-04-15 18:20:30,True,True,PAL_6240315,3.3783333333333334
2026-04-15 18:21:00,True,True,PAL_6240315,3.3866666666666667
2026-04-15 18:21:30,True,True,PAL_6240315,3.395
2026-04-15 18:22:00,True,True,PAL_6240315,3.4033333333333333
2026-04-15 18:22:30,True,True,PAL_6240315,3.4116666666666666
2026-04-15 18:23:00,True,True,PAL_6240315,3.42
2026-04-15 18:23:30,True,True,PAL_6240315,3.4283333333333332
2026-04-15 18:24:00,True,True,PAL_6240315,3.4366666666666665
2026-04-15 18:24:30,True,True,PAL_6240315,3.445
2026-04-15 18:25:00,True,True,PAL_6240315,3.453333333333333
2026-04-15 18:25:30,True,True,PAL_6240315,3.4616666666666664
2026-04-15 18:26:00,True,True,PAL_6240315,3.47
2026-04-15 18:26:30,True,True,PAL_6240315,3.4783333333333335
2026-04-15 18:27:00,True,True,PAL_6240315,3.486666666666667
2026-04-15 18:27:30,True,True,PAL_6240315,3.495
2026-04-15 18:28:00,True,True,PAL_6240315,3.5033333333333334
2026-04-15 18:28:30,True,True,PAL_6240315,3.5116666666666667
2026-04-15 18:29:00,True,True,PAL_6240315,3.52
2026-04-15 18:29:30,True,True,PAL_6240315,3.5283333333333333
2026-04-15 18:30:00,True,True,PAL_6240315,3.5366666666666666
2026-04-15 18:30:30,True,True,PAL_6240315,3.545
2026-04-15 18:31:00,True,True,PAL_6240315,3.5533333333333332
2026-04-15 18:31:30,True,True,PAL_6240315,3.5616666666666665
2026-04-15 18:32:00,True,True,PAL_6240315,3.57
2026-04-15 18:32:30,True,True,PAL_6240315,3.578333333333333
2026-04-15 18:33:00,True,True,PAL_6240315,3.5866666666666664
2026-04-15 18:33:30,True,True,PAL_6240315,3.595
2026-04-15 18:34:00,True,True,PAL_6240315,3.6033333333333335
2026-04-15 18:34:30,True,True,PAL_6240315,3.611666666666667
2026-04-15 18:35:00,True,True,PAL_6240315,3.62
2026-04-15 18:35:30,True,True,PAL_6240315,3.6283333333333334
2026-04-15 18:36:00,True,True,PAL_6240315,3.6366666666666667
2026-04-15 18:36:30,True,True,PAL_6240315,3.645
2026-04-15 18:37:00,True,True,PAL_6240315,3.6533333333333333
2026-04-15 18:37:30,True,True,PAL_6240315,3.6616666666666666
2026-04-15 18:38:00,True,True,PAL_6240315,3.67
2026-04-15 18:38:30,True,True,PAL_6240315,3.6783333333333332
2026-04-15 18:39:00,True,True,PAL_6240315,3.6866666666666665
2026-04-15 18:39:30,True,True,PAL_6240315,3.695
2026-04-15 18:40:00,True,True,PAL_6240315,3.703333333333333
2026-04-15 18:40:30,True,True,PAL_6240315,3.7116666666666664
2026-04-15 18:41:00,True,True,PAL_6240315,3.72
2026-04-15 18:41:30,True,True,PAL_6240315,3.7283333333333335
2026-04-15 18:42:00,True,True,PAL_6240315,3.736666666666667
2026-04-15 18:42:30,True,True,PAL_6240315,3.745
2026-04-15 18:43:00,True,True,PAL_6240315,3.7533333333333334
2026-04-15 18:43:30,True,True,PAL_6240315,3.7616666666666667
2026-04-15 18:44:00,True,True,PAL_6240315,3.77
2026-04-16 02:39:00,True,True,TC382_03_A,0.0175
2026-04-16 02:39:30,True,True,TC382_03_A,0.025833333333333333
2026-04-20 00:29:30,False,False,PDIT_6240304_AL,43.100833333333334
2026-04-20 00:30:00,False,False,PDIT_6240304_AL,43.10916666666667
2026-04-20 00:30:30,False,False,PDIT_6240304_AL,43.1175
2026-04-20 00:31:00,False,False,PDIT_6240304_AL,43.12583333333333
2026-04-20 00:31:30,False,False,PDIT_6240304_AL,43.134166666666665
2026-04-20 00:32:00,False,False,PDIT_6240304_AL,43.1425
2026-04-20 00:32:30,False,False,PDIT_6240304_AL,43.15083333333333
2026-04-20 00:33:00,False,False,PDIT_6240304_AL,43.159166666666664
2026-04-20 00:33:30,False,False,PDIT_6240304_AL,43.1675
2026-04-20 00:34:00,False,False,PDIT_6240304_AL,43.17583333333334
2026-04-20 00:34:30,False,False,PDIT_6240304_AL,43.18416666666667
2026-04-20 08:40:30,False,False,PDIT_6240304_AL,51.284166666666664
2026-04-20 08:41:00,False,False,PDIT_6240304_AL,51.2925
2026-04-20 08:41:30,False,False,PDIT_6240304_AL,51.30083333333334
2026-04-20 08:42:00,False,False,PDIT_6240304_AL,51.30916666666667
2026-04-20 08:42:30,False,False,PDIT_6240304_AL,51.3175
2026-04-20 08:43:00,False,False,PDIT_6240304_AL,51.325833333333335
2026-04-20 08:43:30,False,False,PDIT_6240304_AL,51.33416666666667
2026-04-20 08:44:00,False,False,PDIT_6240304_AL,51.3425
2026-04-20 08:44:30,False,False,PDIT_6240304_AL,51.350833333333334
2026-04-20 08:45:00,False,False,PDIT_6240304_AL,51.35916666666667
2026-04-20 08:45:30,False,False,PDIT_6240304_AL,51.3675
2026-04-21 01:43:00,False,False,PDIT_6240304_AL,68.32583333333334
2026-04-21 01:43:30,False,False,PDIT_6240304_AL,68.33416666666666
2026-04-21 01:44:00,False,False,PDIT_6240304_AL,68.3425
2026-04-21 01:44:30,False,False,PDIT_6240304_AL,68.35083333333333
2026-04-21 01:45:00,False,False,PDIT_6240304_AL,68.35916666666667
2026-04-21 01:45:30,False,False,PDIT_6240304_AL,68.3675
2026-04-21 01:46:00,False,False,PDIT_6240304_AL,68.37583333333333
2026-04-21 01:46:30,False,False,PDIT_6240304_AL,68.38416666666667
2026-04-21 01:47:00,False,False,PDIT_6240304_AL,68.3925
2026-04-21 01:47:30,False,False,PDIT_6240304_AL,68.40083333333334
2026-04-21 01:48:00,False,False,PDIT_6240304_AL,68.40916666666666
2026-04-21 01:48:30,False,False,PDIT_6240304_AL,68.4175
2026-04-21 01:49:00,False,False,PDIT_6240304_AL,68.42583333333333
2026-04-21 01:49:30,False,False,PDIT_6240304_AL,68.43416666666667
2026-04-21 01:50:00,False,False,PDIT_6240304_AL,68.4425
2026-04-21 01:50:30,False,False,PDIT_6240304_AL,68.45083333333334
2026-04-21 01:51:00,False,False,PDIT_6240304_AL,68.45916666666666
2026-04-21 01:51:30,False,False,PDIT_6240304_AL,68.4675
2026-04-21 01:52:00,False,False,PDIT_6240304_AL,68.47583333333333
2026-04-21 01:52:30,False,False,PDIT_6240304_AL,68.48416666666667
2026-04-21 01:53:00,False,False,PDIT_6240304_AL,68.4925
2026-04-21 01:53:30,False,False,PDIT_6240304_AL,68.50083333333333
2026-04-21 01:54:00,False,False,PDIT_6240304_AL,68.50916666666667
2026-04-21 01:54:30,False,False,PDIT_6240304_AL,68.5175
2026-04-21 01:55:00,False,False,PDIT_6240304_AL,68.52583333333334
2026-04-21 01:55:30,False,False,PDIT_6240304_AL,68.53416666666666
2026-04-21 04:35:30,False,False,PDIT_6240304_AL,71.20083333333334
2026-04-21 04:36:00,False,False,PDIT_6240304_AL,71.20916666666666
2026-04-21 04:36:30,False,False,PDIT_6240304_AL,71.2175
2026-04-21 04:37:00,False,False,PDIT_6240304_AL,71.22583333333333
2026-04-21 04:37:30,False,False,PDIT_6240304_AL,71.23416666666667
2026-04-21 04:38:00,False,False,PDIT_6240304_AL,71.2425
2026-04-21 04:38:30,False,False,PDIT_6240304_AL,71.25083333333333
2026-04-21 04:39:00,False,False,PDIT_6240304_AL,71.25916666666667
2026-04-21 04:39:30,False,False,PDIT_6240304_AL,71.2675
2026-04-21 04:40:00,False,False,PDIT_6240304_AL,71.27583333333334
2026-04-21 04:40:30,False,False,PDIT_6240304_AL,71.28416666666666
2026-04-21 04:41:00,False,False,PDIT_6240304_AL,71.2925
2026-04-21 04:41:30,False,False,PDIT_6240304_AL,71.30083333333333
2026-04-21 04:42:00,False,False,PDIT_6240304_AL,71.30916666666667
2026-04-21 04:42:30,False,False,PDIT_6240304_AL,71.3175
2026-04-21 04:43:00,False,False,PDIT_6240304_AL,71.32583333333334
2026-04-21 04:43:30,False,False,PDIT_6240304_AL,71.33416666666666
2026-04-21 04:44:00,False,False,PDIT_6240304_AL,71.3425
2026-04-21 04:44:30,False,False,PDIT_6240304_AL,71.35083333333333
2026-04-21 04:45:00,False,False,PDIT_6240304_AL,71.35916666666667
2026-04-21 04:45:30,False,False,PDIT_6240304_AL,71.3675
2026-04-21 04:46:00,False,False,PDIT_6240304_AL,71.37583333333333
2026-04-21 04:46:30,False,False,PDIT_6240304_AL,71.38416666666667
2026-04-21 04:47:00,False,False,PDIT_6240304_AL,71.3925
2026-04-21 04:47:30,False,False,PDIT_6240304_AL,71.40083333333334
2026-04-21 04:48:00,False,False,PDIT_6240304_AL,71.40916666666666
2026-04-21 04:48:30,False,False,PDIT_6240304_AL,71.4175
2026-04-21 04:49:00,False,False,PDIT_6240304_AL,71.42583333333333
2026-04-21 04:49:30,False,False,PDIT_6240304_AL,71.43416666666667
2026-04-21 04:50:00,False,False,PDIT_6240304_AL,71.4425
2026-04-21 04:50:30,False,False,PDIT_6240304_AL,71.45083333333334
2026-04-21 04:51:00,False,False,PDIT_6240304_AL,71.45916666666666
2026-04-21 04:51:30,False,False,PDIT_6240304_AL,71.4675
2026-04-21 04:52:00,False,False,PDIT_6240304_AL,71.47583333333333
2026-04-21 04:52:30,False,False,PDIT_6240304_AL,71.48416666666667
2026-04-21 04:53:00,False,False,PDIT_6240304_AL,71.4925
2026-04-21 04:53:30,False,False,PDIT_6240304_AL,71.50083333333333
2026-04-21 04:54:00,False,False,PDIT_6240304_AL,71.50916666666667
2026-04-21 04:54:30,False,False,PDIT_6240304_AL,71.5175
2026-04-21 04:55:00,False,False,PDIT_6240304_AL,71.52583333333334
2026-04-21 04:55:30,False,False,PDIT_6240304_AL,71.53416666666666
2026-04-22 00:10:00,False,False,PDIT_6240304_AL,90.77583333333334
2026-04-22 00:10:30,False,False,PDIT_6240304_AL,90.78416666666666
2026-04-22 00:11:00,False,False,PDIT_6240304_AL,90.7925
2026-04-22 00:11:30,False,False,PDIT_6240304_AL,90.80083333333333
2026-04-22 00:12:00,False,False,PDIT_6240304_AL,90.80916666666667
2026-04-22 00:12:30,False,False,PDIT_6240304_AL,90.8175
2026-04-22 00:13:00,False,False,PDIT_6240304_AL,90.82583333333334
2026-04-22 00:13:30,False,False,PDIT_6240304_AL,90.83416666666666
2026-04-22 00:14:00,False,False,PDIT_6240304_AL,90.8425
2026-04-22 00:14:30,False,False,PDIT_6240304_AL,90.85083333333333
2026-04-22 00:15:00,False,False,PDIT_6240304_AL,90.85916666666667
2026-04-22 00:15:30,False,False,PDIT_6240304_AL,90.8675
2026-04-22 00:16:00,False,False,PDIT_6240304_AL,90.87583333333333
2026-04-22 00:16:30,False,False,PDIT_6240304_AL,90.88416666666667
2026-04-22 00:17:00,False,False,PDIT_6240304_AL,90.8925
2026-04-22 00:17:30,False,False,PDIT_6240304_AL,90.90083333333334
2026-04-22 00:18:00,False,False,PDIT_6240304_AL,90.90916666666666
2026-04-22 00:18:30,False,False,PDIT_6240304_AL,90.9175
2026-04-22 00:19:00,False,False,PDIT_6240304_AL,90.92583333333333
2026-04-22 00:19:30,False,False,PDIT_6240304_AL,90.93416666666667
2026-04-22 00:20:00,False,False,PDIT_6240304_AL,90.9425
2026-04-22 00:20:30,False,False,PDIT_6240304_AL,90.95083333333334
2026-04-22 00:21:00,False,False,PDIT_6240304_AL,90.95916666666666
2026-04-22 00:21:30,False,False,PDIT_6240304_AL,90.9675
2026-04-22 00:22:00,False,False,PDIT_6240304_AL,90.97583333333333
2026-04-22 00:22:30,False,False,PDIT_6240304_AL,90.98416666666667
2026-04-22 00:23:00,False,False,PDIT_6240304_AL,90.9925
2026-04-22 00:23:30,False,False,PDIT_6240304_AL,91.00083333333333
2026-04-22 00:24:00,False,False,PDIT_6240304_AL,91.00916666666667
2026-04-22 00:24:30,False,False,PDIT_6240304_AL,91.0175
2026-04-22 00:25:00,False,False,PDIT_6240304_AL,91.02583333333334
2026-04-22 00:25:30,False,False,PDIT_6240304_AL,91.03416666666666
2026-04-22 00:26:00,False,False,PDIT_6240304_AL,91.0425
2026-04-22 00:26:30,False,False,PDIT_6240304_AL,91.05083333333333
2026-04-22 00:27:00,False,False,PDIT_6240304_AL,91.05916666666667
2026-04-22 00:27:30,False,False,PDIT_6240304_AL,91.0675
2026-04-22 00:28:00,False,False,PDIT_6240304_AL,91.07583333333334
2026-04-22 00:28:30,False,False,PDIT_6240304_AL,91.08416666666666
2026-04-22 00:29:00,False,False,PDIT_6240304_AL,91.0925
2026-04-22 00:29:30,False,False,PDIT_6240304_AL,91.10083333333333
2026-04-22 00:30:00,False,False,PDIT_6240304_AL,91.10916666666667
2026-04-22 00:30:30,False,False,PDIT_6240304_AL,91.1175
2026-04-22 00:31:00,False,False,PDIT_6240304_AL,91.12583333333333
2026-04-22 00:31:30,False,False,PDIT_6240304_AL,91.13416666666667
2026-04-22 00:32:00,False,False,PDIT_6240304_AL,91.1425
2026-04-22 00:32:30,False,False,PDIT_6240304_AL,91.15083333333334
2026-04-22 00:33:00,False,False,PDIT_6240304_AL,91.15916666666666
2026-04-22 00:33:30,False,False,PDIT_6240304_AL,91.1675
2026-04-22 00:34:00,False,False,PDIT_6240304_AL,91.17583333333333
2026-04-22 00:34:30,False,False,PDIT_6240304_AL,91.18416666666667
2026-04-22 00:35:00,False,False,PDIT_6240304_AL,91.1925
2026-04-22 00:35:30,False,False,PDIT_6240304_AL,91.20083333333334
2026-04-22 00:36:00,False,False,PDIT_6240304_AL,91.20916666666666
2026-04-22 00:36:30,False,False,PDIT_6240304_AL,91.2175
2026-04-22 00:37:00,False,False,PDIT_6240304_AL,91.22583333333333
2026-04-22 00:37:30,False,False,PDIT_6240304_AL,91.23416666666667
2026-04-22 00:38:00,False,False,PDIT_6240304_AL,91.2425
2026-04-22 00:38:30,False,False,PDIT_6240304_AL,91.25083333333333
2026-04-22 00:39:00,False,False,PDIT_6240304_AL,91.25916666666667
2026-04-22 00:39:30,False,False,PDIT_6240304_AL,91.2675
2026-04-22 00:40:00,False,False,PDIT_6240304_AL,91.27583333333334
2026-04-22 00:40:30,False,False,PDIT_6240304_AL,91.28416666666666
2026-04-22 00:41:00,False,False,PDIT_6240304_AL,91.2925
2026-04-22 00:41:30,False,False,PDIT_6240304_AL,91.30083333333333
2026-04-22 00:42:00,False,False,PDIT_6240304_AL,91.30916666666667
2026-04-22 00:42:30,False,False,PDIT_6240304_AL,91.3175
2026-04-22 00:43:00,False,False,PDIT_6240304_AL,91.32583333333334
2026-04-22 00:43:30,False,False,PDIT_6240304_AL,91.33416666666666
2026-04-22 00:44:00,False,False,PDIT_6240304_AL,91.3425
2026-04-22 00:44:30,False,False,PDIT_6240304_AL,91.35083333333333
2026-04-22 00:45:00,False,False,PDIT_6240304_AL,91.35916666666667
2026-04-22 00:45:30,False,False,PDIT_6240304_AL,91.3675
2026-04-22 00:46:00,False,False,PDIT_6240304_AL,91.37583333333333
2026-04-22 00:46:30,False,False,PDIT_6240304_AL,91.38416666666667
2026-04-22 00:47:00,False,False,PDIT_6240304_AL,91.3925
2026-04-22 00:47:30,False,False,PDIT_6240304_AL,91.40083333333334
2026-04-22 00:48:00,False,False,PDIT_6240304_AL,91.40916666666666
2026-04-22 00:48:30,False,False,PDIT_6240304_AL,91.4175
2026-04-22 00:49:00,False,False,PDIT_6240304_AL,91.42583333333333
2026-04-22 00:49:30,False,False,PDIT_6240304_AL,91.43416666666667
2026-04-22 00:50:00,False,False,PDIT_6240304_AL,91.4425
2026-04-22 00:50:30,False,False,PDIT_6240304_AL,91.45083333333334
2026-04-22 00:51:00,False,False,PDIT_6240304_AL,91.45916666666666
2026-04-22 00:51:30,False,False,PDIT_6240304_AL,91.4675
2026-04-22 00:52:00,False,False,PDIT_6240304_AL,91.47583333333333
2026-04-22 00:52:30,False,False,PDIT_6240304_AL,91.48416666666667
2026-04-22 00:53:00,False,False,PDIT_6240304_AL,91.4925
2026-04-22 00:53:30,False,False,PDIT_6240304_AL,91.50083333333333
2026-04-22 00:54:00,False,False,PDIT_6240304_AL,91.50916666666667
2026-04-22 00:54:30,False,False,PDIT_6240304_AL,91.5175
2026-04-22 00:55:00,False,False,PDIT_6240304_AL,91.52583333333334
2026-04-22 00:55:30,False,False,PDIT_6240304_AL,91.53416666666666
